

INSERT INTO `checklist` (`checklist_id`, `created_at`, `deleted_at`, `item_description`, `item_importance`, `item_name`, `updated_at`, `tripplan_id`) VALUES (1, '2005-01-31 00:00:00.000000', NULL, 'Minima neque unde suscipit accusamus. Autem est nisi dolore iusto nihil quae. Expedita voluptates et deleniti beatae maiores dolorum. Odio dolore ipsum quia blanditiis.', '4', 'Doloribus quia quos sit voluptatem aperiam. Aut deserunt facere repellendus soluta similique qui.', NULL, 1);
INSERT INTO `checklist` (`checklist_id`, `created_at`, `deleted_at`, `item_description`, `item_importance`, `item_name`, `updated_at`, `tripplan_id`) VALUES (2, '1990-07-03 00:00:00.000000', NULL, 'Iure ut accusamus aperiam fugit similique consequatur et nemo. Sunt omnis possimus architecto voluptatem porro alias voluptatem dolorum. Sint quia est mollitia cumque natus et.', '1', 'Et voluptas eum eveniet. Quo sed iure ad. Maxime quasi voluptatem tenetur porro iusto doloremque maxime.', NULL, 2);
INSERT INTO `checklist` (`checklist_id`, `created_at`, `deleted_at`, `item_description`, `item_importance`, `item_name`, `updated_at`, `tripplan_id`) VALUES (3, '1994-04-11 00:00:00.000000', NULL, 'Ut quis assumenda dicta eos id. Maiores beatae et necessitatibus et ipsum repudiandae ullam voluptas. Porro est amet molestias nihil. Cupiditate itaque accusamus sequi.', '1', 'Voluptates consequatur dolorem ut magnam perferendis dolorem voluptates nihil. Quia est ut iusto aut iure et. Ut eum consequatur ea et.', NULL, 3);
INSERT INTO `checklist` (`checklist_id`, `created_at`, `deleted_at`, `item_description`, `item_importance`, `item_name`, `updated_at`, `tripplan_id`) VALUES (4, '2001-03-25 00:00:00.000000', NULL, 'Eius et provident cum molestiae voluptatibus. Magnam in consequuntur provident debitis expedita. Ullam ea commodi et et illum totam.', '3', 'Et aut perspiciatis voluptates quod id. Sit repellendus repellat voluptatem neque ut deserunt et. Totam rem at officiis praesentium optio corrupti adipisci. Accusantium distinctio adipisci cumque possimus distinctio ipsam voluptas qui.', NULL, 4);
INSERT INTO `checklist` (`checklist_id`, `created_at`, `deleted_at`, `item_description`, `item_importance`, `item_name`, `updated_at`, `tripplan_id`) VALUES (5, '1993-01-27 00:00:00.000000', NULL, 'Sit quas quaerat atque dolor qui. Dolor ea similique veniam nemo facere non hic.', '1', 'Similique est quia odio omnis quos. Qui occaecati provident quasi et vel ducimus sit. Non dignissimos voluptas laboriosam soluta iusto. Exercitationem alias pariatur commodi.', NULL, 5);
INSERT INTO `checklist` (`checklist_id`, `created_at`, `deleted_at`, `item_description`, `item_importance`, `item_name`, `updated_at`, `tripplan_id`) VALUES (6, '1976-01-22 00:00:00.000000', NULL, 'Rerum dolor non alias vero tempora et cumque. Non laudantium consectetur ad illo aperiam. Quibusdam corrupti alias est culpa natus vel. Et eius ab sint sunt.', '5', 'Qui animi ullam consectetur accusamus nemo sed rerum. Repellendus rerum ducimus ea. Eos soluta qui in provident velit et modi aliquam. Aperiam et porro ut id.', NULL, 6);
INSERT INTO `checklist` (`checklist_id`, `created_at`, `deleted_at`, `item_description`, `item_importance`, `item_name`, `updated_at`, `tripplan_id`) VALUES (7, '2004-04-21 00:00:00.000000', NULL, 'Ut a architecto odio enim voluptatem id et. Ut asperiores enim dolores numquam est nam. Voluptatem ea laboriosam placeat deleniti eius. Nemo ut sequi impedit perferendis autem.', '1', 'Est minima id laudantium nisi nihil debitis animi eum. Nemo enim nam sed a. Omnis nesciunt eum iusto id officia qui cumque aut.', NULL, 7);
INSERT INTO `checklist` (`checklist_id`, `created_at`, `deleted_at`, `item_description`, `item_importance`, `item_name`, `updated_at`, `tripplan_id`) VALUES (8, '2007-03-25 00:00:00.000000', NULL, 'Nostrum dolorem sed laboriosam rerum. Placeat ea voluptatibus laudantium accusamus. Quia ea odio odit.', '4', 'Et blanditiis consequatur vel ad. Est quo blanditiis a ullam sit dolores. Atque distinctio iste ipsam. Sunt minus ut non aperiam omnis aut quos quia.', NULL, 8);
INSERT INTO `checklist` (`checklist_id`, `created_at`, `deleted_at`, `item_description`, `item_importance`, `item_name`, `updated_at`, `tripplan_id`) VALUES (9, '1997-01-27 00:00:00.000000', NULL, 'Occaecati consequuntur doloremque laborum qui hic deserunt a. Quam dicta occaecati pariatur aut voluptatem ex officia. Dolor autem dolores hic omnis sunt temporibus et.', '8', 'Velit neque omnis aut nobis inventore ratione. Sed nostrum delectus a temporibus ut in. Itaque molestiae iusto rerum aut sit.', NULL, 9);
INSERT INTO `checklist` (`checklist_id`, `created_at`, `deleted_at`, `item_description`, `item_importance`, `item_name`, `updated_at`, `tripplan_id`) VALUES (10, '2021-07-27 00:00:00.000000', NULL, 'Voluptas aliquam fugiat molestiae alias ipsam. Voluptatibus soluta impedit porro beatae ut. Alias et vel aut distinctio vitae iste in.', '1', 'Ex similique fuga dolor repellendus. Modi incidunt impedit sint dolorem.', NULL, 10);
INSERT INTO `checklist` (`checklist_id`, `created_at`, `deleted_at`, `item_description`, `item_importance`, `item_name`, `updated_at`, `tripplan_id`) VALUES (11, '1978-02-09 00:00:00.000000', NULL, 'Earum ab quae ipsa laboriosam voluptatem quaerat quisquam. Animi dolorum officia a ratione suscipit sequi dolores et. Reprehenderit accusamus temporibus fugit est aut.', '1', 'Tenetur in iste ratione nesciunt laudantium facere. Enim mollitia eligendi aut veniam eveniet autem modi. Fugit voluptatum vel accusantium neque omnis ipsam. Quidem in quod quidem.', NULL, 11);
INSERT INTO `checklist` (`checklist_id`, `created_at`, `deleted_at`, `item_description`, `item_importance`, `item_name`, `updated_at`, `tripplan_id`) VALUES (12, '1978-11-26 00:00:00.000000', NULL, 'Eius qui consequatur qui est accusantium cum qui aliquam. Sit aliquid labore consequatur quo. Quod non nesciunt quia libero. Ad non ut et quae praesentium accusantium velit.', '', 'Odio cupiditate dolorum voluptatum ea veniam dignissimos. Doloribus rerum molestiae quo labore qui eum. Qui occaecati ullam aut earum commodi quidem vitae perspiciatis.', NULL, 12);
INSERT INTO `checklist` (`checklist_id`, `created_at`, `deleted_at`, `item_description`, `item_importance`, `item_name`, `updated_at`, `tripplan_id`) VALUES (13, '1979-10-31 00:00:00.000000', NULL, 'Sunt ad et corrupti quia. Consequatur fugiat et eum voluptatem quod. Occaecati quae voluptatum consequuntur tempora recusandae ad id.', '1', 'Vitae velit blanditiis dolores. Itaque est ab laudantium et laudantium. Dolores corporis ut harum optio illo quia in.', NULL, 13);
INSERT INTO `checklist` (`checklist_id`, `created_at`, `deleted_at`, `item_description`, `item_importance`, `item_name`, `updated_at`, `tripplan_id`) VALUES (14, '2019-09-05 00:00:00.000000', NULL, 'Et aut amet ut incidunt. Debitis quia sit voluptas quod debitis nulla sit. Non perferendis aut quo.', '', 'Veniam voluptatem necessitatibus expedita. Aut repudiandae velit corrupti nulla officia libero.', NULL, 14);
INSERT INTO `checklist` (`checklist_id`, `created_at`, `deleted_at`, `item_description`, `item_importance`, `item_name`, `updated_at`, `tripplan_id`) VALUES (15, '2001-07-14 00:00:00.000000', NULL, 'Omnis voluptatem magnam beatae et perferendis ipsam quidem. Neque culpa nihil sequi expedita nihil voluptatem voluptatem. Maxime dolores et et sit facere quo placeat reiciendis. Nesciunt fugit et eos.', '6', 'Aut minima sit ex ut. Quos non dolorem nemo. Quia voluptas sit numquam voluptates dolore et.', NULL, 15);
INSERT INTO `checklist` (`checklist_id`, `created_at`, `deleted_at`, `item_description`, `item_importance`, `item_name`, `updated_at`, `tripplan_id`) VALUES (16, '2010-10-30 00:00:00.000000', NULL, 'Id qui quod totam est ipsum quod perferendis minima. Dolorem consequatur debitis sequi dolores vel et. Omnis id ut asperiores placeat.', '3', 'Et excepturi et fugiat ut maiores ullam. Rerum ullam earum et nihil. Asperiores asperiores aut ut dolor.', NULL, 16);
INSERT INTO `checklist` (`checklist_id`, `created_at`, `deleted_at`, `item_description`, `item_importance`, `item_name`, `updated_at`, `tripplan_id`) VALUES (17, '1996-10-28 00:00:00.000000', NULL, 'Cum quo ut et repellendus ut aspernatur. Voluptatem est quibusdam ducimus a sed sapiente ab. Pariatur perferendis aut voluptatem et. Commodi et id corporis quis veritatis placeat corrupti.', '', 'Sit et iste temporibus sapiente consequatur consequatur inventore. Similique et neque quisquam harum sit eos minima. Dolorem ea sapiente dignissimos distinctio velit. Occaecati nemo optio eveniet rem consequuntur est fugit voluptate.', NULL, 17);
INSERT INTO `checklist` (`checklist_id`, `created_at`, `deleted_at`, `item_description`, `item_importance`, `item_name`, `updated_at`, `tripplan_id`) VALUES (18, '2020-04-15 00:00:00.000000', NULL, 'Vero eos et eum commodi sed eos dolor. Porro enim et doloremque deserunt et. Aut provident aspernatur nemo illo. Unde quia numquam suscipit tempore corrupti ex repellat.', '3', 'Sunt sunt eos quia optio quia. Voluptas repellendus qui nisi. Quo aut dolorum harum et adipisci.', NULL, 18);
INSERT INTO `checklist` (`checklist_id`, `created_at`, `deleted_at`, `item_description`, `item_importance`, `item_name`, `updated_at`, `tripplan_id`) VALUES (19, '1975-08-14 00:00:00.000000', NULL, 'Qui non odit reiciendis sunt. Commodi quidem quidem ullam eum. Ullam reprehenderit voluptas vel nam reiciendis consequatur architecto. Earum beatae totam inventore mollitia debitis facere voluptates asperiores. Aut omnis ut optio deleniti sed.', '3', 'Ex sequi sunt qui nobis libero eos. Dolor provident odit est ex et reprehenderit est. A et ut consectetur eligendi molestiae.', NULL, 19);
INSERT INTO `checklist` (`checklist_id`, `created_at`, `deleted_at`, `item_description`, `item_importance`, `item_name`, `updated_at`, `tripplan_id`) VALUES (20, '1983-05-27 00:00:00.000000', NULL, 'Quas beatae cupiditate dicta fugit qui cupiditate facere. Excepturi laboriosam dolor ut atque voluptatum. Ut quis recusandae hic iusto.', '8', 'Molestiae delectus aliquam quia sunt. Sit aperiam earum blanditiis qui tempore. Sint hic unde repudiandae nam quia facilis exercitationem autem. Earum dolorem nisi iste consequuntur labore.', NULL, 20);
INSERT INTO `checklist` (`checklist_id`, `created_at`, `deleted_at`, `item_description`, `item_importance`, `item_name`, `updated_at`, `tripplan_id`) VALUES (21, '2007-06-30 00:00:00.000000', NULL, 'Totam id distinctio modi necessitatibus rerum placeat. Veniam est sit consequatur totam quos saepe perspiciatis. Occaecati id cupiditate error soluta et at. Sint eligendi enim veniam illum.', '8', 'Cum quis reiciendis dolorem qui maxime asperiores ab. Quaerat sequi tempora sit deserunt magnam. Nam est quia optio quod eveniet adipisci. Earum culpa excepturi sit corrupti. Rem nisi ea voluptatibus beatae eveniet neque.', NULL, 21);
INSERT INTO `checklist` (`checklist_id`, `created_at`, `deleted_at`, `item_description`, `item_importance`, `item_name`, `updated_at`, `tripplan_id`) VALUES (22, '1986-10-07 00:00:00.000000', NULL, 'Et est est voluptas quia aut. Illo maiores facere nobis laborum soluta quia.', '1', 'Explicabo libero aliquid corrupti. Consequuntur pariatur distinctio qui aliquam et. Quae delectus quidem magni ducimus est officiis.', NULL, 22);
INSERT INTO `checklist` (`checklist_id`, `created_at`, `deleted_at`, `item_description`, `item_importance`, `item_name`, `updated_at`, `tripplan_id`) VALUES (23, '1977-11-15 00:00:00.000000', NULL, 'Enim deserunt numquam sit corporis nisi labore. Ducimus aliquam tenetur fugit id.', '7', 'In optio maxime laboriosam corrupti. Et quidem cumque quo eos voluptatum officiis.', NULL, 23);
INSERT INTO `checklist` (`checklist_id`, `created_at`, `deleted_at`, `item_description`, `item_importance`, `item_name`, `updated_at`, `tripplan_id`) VALUES (24, '1998-06-05 00:00:00.000000', NULL, 'Omnis eveniet officia mollitia ut neque accusantium sed. Sapiente necessitatibus illum reprehenderit iste facere consequatur. Aspernatur quidem consequuntur unde omnis voluptatem fugiat harum. Architecto delectus saepe soluta provident quibusdam quasi dol', '8', 'Est nemo dignissimos in. Assumenda vel et est ut sed. A in et delectus quo.', NULL, 24);
INSERT INTO `checklist` (`checklist_id`, `created_at`, `deleted_at`, `item_description`, `item_importance`, `item_name`, `updated_at`, `tripplan_id`) VALUES (25, '1980-08-29 00:00:00.000000', NULL, 'Explicabo quos delectus et numquam qui. Aspernatur minima maxime aut distinctio qui voluptates et. Blanditiis earum unde qui eos eos. Ipsum numquam omnis sit et repellat consequuntur fuga alias. Eius iusto deleniti cupiditate dolores assumenda maiores tem', '6', 'Est placeat ut sunt nulla dolorem autem rem. Consequatur aspernatur possimus dolor veritatis est aut.', NULL, 25);
INSERT INTO `checklist` (`checklist_id`, `created_at`, `deleted_at`, `item_description`, `item_importance`, `item_name`, `updated_at`, `tripplan_id`) VALUES (26, '2001-11-12 00:00:00.000000', NULL, 'Ipsa quia perspiciatis veniam architecto. Eius ut error laborum et in molestias. At dolorem sit voluptatem. Sint id aut consequatur quia perspiciatis libero. Accusantium doloremque quia deserunt.', '9', 'Voluptas aut dolore quia qui sint repellat ab. Eum repudiandae nam consequatur illo. Eligendi reprehenderit nulla doloribus minima magni quaerat. Aliquid fuga aut itaque eligendi minima numquam eius voluptas.', NULL, 26);
INSERT INTO `checklist` (`checklist_id`, `created_at`, `deleted_at`, `item_description`, `item_importance`, `item_name`, `updated_at`, `tripplan_id`) VALUES (27, '2019-01-14 00:00:00.000000', NULL, 'A aliquid labore aliquam et ut. Molestias modi debitis voluptatem sint vel.', '9', 'Harum fugit exercitationem nulla ut. Porro tempore est ullam. Est voluptatibus quas consectetur.', NULL, 27);
INSERT INTO `checklist` (`checklist_id`, `created_at`, `deleted_at`, `item_description`, `item_importance`, `item_name`, `updated_at`, `tripplan_id`) VALUES (28, '2004-06-09 00:00:00.000000', NULL, 'Necessitatibus et enim amet vero harum porro animi. Dignissimos illum nemo in deserunt. Amet itaque quia voluptatem. Et architecto quia repellat et. Atque tempora corporis quisquam est.', '4', 'Magni sint qui officia et illum exercitationem illum. Sunt numquam cupiditate est. Numquam labore non quis hic et error sequi.', NULL, 28);
INSERT INTO `checklist` (`checklist_id`, `created_at`, `deleted_at`, `item_description`, `item_importance`, `item_name`, `updated_at`, `tripplan_id`) VALUES (29, '2000-04-18 00:00:00.000000', NULL, 'Quo unde dolorem fugit id nostrum non pariatur. Doloribus illum non dolorem aut amet nihil molestias nam.', '9', 'In quo ratione soluta quia. Natus qui sit tenetur qui et id. Quae dolores exercitationem cumque assumenda blanditiis necessitatibus quos. Qui fugiat occaecati quia hic aut maxime nostrum.', NULL, 29);
INSERT INTO `checklist` (`checklist_id`, `created_at`, `deleted_at`, `item_description`, `item_importance`, `item_name`, `updated_at`, `tripplan_id`) VALUES (30, '1981-02-05 00:00:00.000000', NULL, 'Error id voluptatem rerum exercitationem sequi. Aut ullam odit placeat deserunt fuga rerum in voluptatibus. Eum commodi voluptatibus quia explicabo voluptate ipsa. Qui amet id et possimus.', '9', 'Mollitia dolore voluptatem numquam et quia. Et similique voluptatem quae quisquam nobis. Qui nihil aliquid eos in corporis.', NULL, 30);
INSERT INTO `checklist` (`checklist_id`, `created_at`, `deleted_at`, `item_description`, `item_importance`, `item_name`, `updated_at`, `tripplan_id`) VALUES (31, '2012-05-01 00:00:00.000000', NULL, 'Non sit expedita sed iusto inventore nostrum. Accusantium minima aut sit laborum. Quae aut voluptate omnis fugiat nulla non quo.', '9', 'Facere numquam nulla culpa in excepturi ut nihil. Nihil quia porro necessitatibus ipsam voluptatem esse. Reiciendis ea quaerat repudiandae expedita vel. A neque voluptas voluptatem dolorem adipisci. Enim ab nostrum saepe veniam praesentium perspiciatis qu', NULL, 31);
INSERT INTO `checklist` (`checklist_id`, `created_at`, `deleted_at`, `item_description`, `item_importance`, `item_name`, `updated_at`, `tripplan_id`) VALUES (32, '2017-11-07 00:00:00.000000', NULL, 'Hic et qui quae reiciendis ab consequatur et. Porro ut tenetur minus est illo dignissimos ullam. Rerum velit quisquam ut consequatur labore. Sed qui natus atque atque non.', '4', 'Tempora voluptate et asperiores aspernatur occaecati et blanditiis. Laboriosam sint rerum sint omnis aut. Quis cum et voluptates et aperiam ut provident laudantium. Omnis eum sunt exercitationem accusamus accusantium consectetur blanditiis. Illo commodi q', NULL, 32);
INSERT INTO `checklist` (`checklist_id`, `created_at`, `deleted_at`, `item_description`, `item_importance`, `item_name`, `updated_at`, `tripplan_id`) VALUES (33, '1987-08-24 00:00:00.000000', NULL, 'Est vel qui iure expedita dolore. Natus in nesciunt laboriosam nemo quod qui aut.', '9', 'Occaecati soluta commodi officia harum sapiente natus. Rerum maxime quas quidem facilis nostrum. Eum reiciendis natus provident quia impedit aut error.', NULL, 33);
INSERT INTO `checklist` (`checklist_id`, `created_at`, `deleted_at`, `item_description`, `item_importance`, `item_name`, `updated_at`, `tripplan_id`) VALUES (34, '2004-05-08 00:00:00.000000', NULL, 'Voluptatum et et dolorem sapiente dolores nisi autem. Quam voluptatem itaque corrupti veritatis inventore et laboriosam et.', '9', 'Accusamus neque tenetur sit quo excepturi sed soluta. Sint ut nihil ut et. Ut deleniti eos voluptatem ipsa expedita.', NULL, 34);
INSERT INTO `checklist` (`checklist_id`, `created_at`, `deleted_at`, `item_description`, `item_importance`, `item_name`, `updated_at`, `tripplan_id`) VALUES (35, '2009-03-30 00:00:00.000000', NULL, 'Ipsum sint deleniti necessitatibus repellat tempora. Sit laudantium dolore blanditiis voluptatem quia quia ut harum. Aut animi aliquam tempore dolor quia excepturi a.', '6', 'Consequatur fuga et est architecto saepe harum blanditiis nobis. Quaerat soluta et quia in. Maxime maxime architecto provident earum quod eaque dicta.', NULL, 35);
INSERT INTO `checklist` (`checklist_id`, `created_at`, `deleted_at`, `item_description`, `item_importance`, `item_name`, `updated_at`, `tripplan_id`) VALUES (36, '1994-09-19 00:00:00.000000', NULL, 'Fugit id reprehenderit quasi occaecati quo quas modi. Aut adipisci est aperiam aperiam. Sit quidem dicta est atque. Voluptates odio quisquam voluptas rerum saepe.', '8', 'Et consequatur eos est voluptatem porro minima. Quia harum alias incidunt ut. Voluptatum ut repellat cum architecto aliquid et.', NULL, 36);
INSERT INTO `checklist` (`checklist_id`, `created_at`, `deleted_at`, `item_description`, `item_importance`, `item_name`, `updated_at`, `tripplan_id`) VALUES (37, '1976-09-27 00:00:00.000000', NULL, 'Sapiente eligendi dolore dicta quos eaque voluptas consequatur. Nemo sint et voluptatem voluptatum modi deserunt. Ut aperiam commodi et sint accusamus et. Expedita voluptatibus vel quasi voluptates id.', '4', 'Accusantium sit deleniti voluptas sint aspernatur. Corrupti sit qui qui dolor rem unde saepe. Distinctio eligendi natus vero consequatur.', NULL, 37);
INSERT INTO `checklist` (`checklist_id`, `created_at`, `deleted_at`, `item_description`, `item_importance`, `item_name`, `updated_at`, `tripplan_id`) VALUES (38, '2003-04-16 00:00:00.000000', NULL, 'Non praesentium delectus ut alias animi earum delectus similique. Rem id est labore sit eos omnis. Aut eius placeat sint voluptatibus qui hic et. Temporibus ea eum sit magni a.', '6', 'Est sed hic libero et. Quis nulla quas harum quasi. Excepturi ipsam expedita ut voluptatem voluptates dolor. Nemo est qui quos et vel inventore impedit.', NULL, 38);
INSERT INTO `checklist` (`checklist_id`, `created_at`, `deleted_at`, `item_description`, `item_importance`, `item_name`, `updated_at`, `tripplan_id`) VALUES (39, '2019-09-11 00:00:00.000000', NULL, 'Voluptate dolorem beatae non perferendis reiciendis sequi earum laboriosam. Minima est vel harum sit rerum odit dolorum sed.', '9', 'Nisi ut saepe accusantium cum. Corporis suscipit ut asperiores ullam iusto. Minima voluptates assumenda debitis et repellendus aut. Enim tenetur dolorum incidunt sint excepturi cum. Iure occaecati tempore id illo consequatur dolores nemo sunt.', NULL, 39);
INSERT INTO `checklist` (`checklist_id`, `created_at`, `deleted_at`, `item_description`, `item_importance`, `item_name`, `updated_at`, `tripplan_id`) VALUES (40, '1993-10-07 00:00:00.000000', NULL, 'Cupiditate recusandae autem porro voluptas quasi. Commodi id totam aut fuga corporis dolor.', '9', 'Ut ut labore eos. Eum ea rerum omnis repudiandae odit ullam earum. Eum dolorem vitae quisquam.', NULL, 40);
INSERT INTO `checklist` (`checklist_id`, `created_at`, `deleted_at`, `item_description`, `item_importance`, `item_name`, `updated_at`, `tripplan_id`) VALUES (41, '1972-02-21 00:00:00.000000', NULL, 'Et provident nulla eos tempore in laudantium. Rerum aut repellendus ea qui. Corrupti adipisci nesciunt aperiam temporibus harum aspernatur dolor. Molestiae sed ex voluptatem excepturi.', '9', 'Eaque voluptatum et natus eos earum. Qui voluptatem accusamus fugiat autem quam. Eligendi rerum explicabo facere maiores dolorum ab animi.', NULL, 41);
INSERT INTO `checklist` (`checklist_id`, `created_at`, `deleted_at`, `item_description`, `item_importance`, `item_name`, `updated_at`, `tripplan_id`) VALUES (42, '2019-01-18 00:00:00.000000', NULL, 'Enim aliquam aut explicabo deleniti magni. Rerum sunt assumenda odio officiis quas perferendis. Porro omnis optio sit commodi sunt qui molestiae assumenda.', '5', 'Ratione magni cum aut ut nostrum. Est itaque ipsam est voluptatibus at repellendus. Aut eveniet sit molestias consequatur voluptas omnis.', NULL, 42);
INSERT INTO `checklist` (`checklist_id`, `created_at`, `deleted_at`, `item_description`, `item_importance`, `item_name`, `updated_at`, `tripplan_id`) VALUES (43, '1974-07-26 00:00:00.000000', NULL, 'Aut nesciunt itaque officia. Id ipsam ab fugiat sapiente. Maxime possimus autem reiciendis et quia voluptas. Et a dolores iusto quis vel quis eos.', '5', 'Neque qui quas quod quis qui. Quis et culpa explicabo exercitationem ea omnis.', NULL, 43);
INSERT INTO `checklist` (`checklist_id`, `created_at`, `deleted_at`, `item_description`, `item_importance`, `item_name`, `updated_at`, `tripplan_id`) VALUES (44, '1996-10-08 00:00:00.000000', NULL, 'Fugiat illum explicabo fugit ratione id omnis et. Eaque qui architecto voluptas enim aut impedit itaque corrupti. Aliquid inventore inventore autem aliquam eum dolores at. Sunt quas sequi omnis aperiam alias quaerat cupiditate.', '', 'Voluptas sit veniam qui praesentium. Aspernatur sed autem deserunt et eos totam. Accusamus aperiam quisquam quis vitae iure. Quam unde cum quae suscipit quaerat et sed dignissimos.', NULL, 44);
INSERT INTO `checklist` (`checklist_id`, `created_at`, `deleted_at`, `item_description`, `item_importance`, `item_name`, `updated_at`, `tripplan_id`) VALUES (45, '1993-12-15 00:00:00.000000', NULL, 'Iste id voluptatem porro neque. Et illum et dolorum possimus fugiat reprehenderit est qui.', '4', 'Consequatur voluptatem dolore voluptas numquam ad. Consequatur illum voluptas vero aspernatur quisquam impedit magni. Aperiam non quas explicabo. Qui accusamus quis minima.', NULL, 45);
INSERT INTO `checklist` (`checklist_id`, `created_at`, `deleted_at`, `item_description`, `item_importance`, `item_name`, `updated_at`, `tripplan_id`) VALUES (46, '1986-03-28 00:00:00.000000', NULL, 'Consequuntur possimus adipisci ipsum reiciendis minima reprehenderit. Aut magni aliquam numquam ut nihil. Quis voluptatum animi adipisci saepe suscipit sit ut. Consequuntur molestias repellendus est aut.', '5', 'Deleniti nesciunt omnis ex impedit perspiciatis eius ad. Quibusdam in nesciunt expedita suscipit dolores. Sit odio atque quisquam architecto repudiandae.', NULL, 46);
INSERT INTO `checklist` (`checklist_id`, `created_at`, `deleted_at`, `item_description`, `item_importance`, `item_name`, `updated_at`, `tripplan_id`) VALUES (47, '1981-02-14 00:00:00.000000', NULL, 'Et possimus qui sint molestiae. Eaque nam consequatur cumque non occaecati minus adipisci. Ipsam aperiam adipisci laudantium eveniet nemo labore.', '4', 'Quasi incidunt placeat totam non quisquam error. Eaque optio nisi earum molestiae voluptatem nobis. Pariatur omnis sit ut velit aut voluptatibus.', NULL, 47);
INSERT INTO `checklist` (`checklist_id`, `created_at`, `deleted_at`, `item_description`, `item_importance`, `item_name`, `updated_at`, `tripplan_id`) VALUES (48, '1976-10-05 00:00:00.000000', NULL, 'Repudiandae sint dolores voluptas occaecati ab cupiditate. Ut voluptatem iusto accusantium perferendis praesentium autem. Ut impedit sapiente aut soluta facilis rerum. Assumenda quam unde reiciendis impedit ipsam quod et. Fugit dolor at quaerat cupiditate', '1', 'Tenetur reiciendis non dolorum a provident dolor inventore. Natus sapiente et quia facilis. Eum eum placeat saepe repudiandae cum impedit eos.', NULL, 48);
INSERT INTO `checklist` (`checklist_id`, `created_at`, `deleted_at`, `item_description`, `item_importance`, `item_name`, `updated_at`, `tripplan_id`) VALUES (49, '1987-09-18 00:00:00.000000', NULL, 'Expedita qui ea molestiae. Asperiores et est et non ut corrupti. Ad esse ratione a ab harum ullam. Quidem suscipit veritatis facilis aperiam ad neque.', '', 'Esse aliquid officia non nostrum. Ea eaque ut quod dolorem est maxime aut. Minus ducimus possimus nisi dolorem a sint. Voluptatem repellendus repudiandae rerum praesentium. Quod neque nam itaque et.', NULL, 49);
INSERT INTO `checklist` (`checklist_id`, `created_at`, `deleted_at`, `item_description`, `item_importance`, `item_name`, `updated_at`, `tripplan_id`) VALUES (50, '1987-01-03 00:00:00.000000', NULL, 'Est voluptatem aliquid amet omnis iure. Velit et expedita nulla molestiae. Cumque sunt debitis ad eos molestiae animi. Aut debitis ut suscipit voluptas voluptatibus.', '1', 'Corporis consequatur minima itaque voluptatem quidem velit. Quod perferendis officiis quis doloremque quia omnis. Iure illum eligendi magni fuga nisi. Aspernatur sed rerum suscipit rerum sint porro. Earum debitis maxime deleniti.', NULL, 50);
INSERT INTO `checklist` (`checklist_id`, `created_at`, `deleted_at`, `item_description`, `item_importance`, `item_name`, `updated_at`, `tripplan_id`) VALUES (51, '1988-07-19 00:00:00.000000', NULL, 'Neque laborum quos omnis nobis ratione. Ab voluptas sequi minus ut eum qui autem. Illo exercitationem ab ut quod voluptatem consectetur.', '3', 'Temporibus eos molestiae adipisci voluptas non a ea. Sit et rerum dolor dolorem ea quod qui. Et enim totam natus incidunt qui officiis velit. Quis dolorem voluptatem est et.', NULL, 51);
INSERT INTO `checklist` (`checklist_id`, `created_at`, `deleted_at`, `item_description`, `item_importance`, `item_name`, `updated_at`, `tripplan_id`) VALUES (52, '2009-03-08 00:00:00.000000', NULL, 'Voluptate ut totam est distinctio voluptatem debitis provident pariatur. Impedit qui iste ad. Minus expedita repellendus reiciendis.', '2', 'Qui autem commodi suscipit at nostrum quam sunt. Et amet sed corrupti excepturi earum dicta doloremque. Ut sunt rerum facere debitis perspiciatis nulla esse. Nihil similique consequatur sed sint.', NULL, 52);
INSERT INTO `checklist` (`checklist_id`, `created_at`, `deleted_at`, `item_description`, `item_importance`, `item_name`, `updated_at`, `tripplan_id`) VALUES (53, '1985-10-02 00:00:00.000000', NULL, 'Inventore dolorem vel optio sint amet. Similique eaque sit ipsam praesentium excepturi consequatur officiis omnis.', '7', 'Quidem laboriosam mollitia molestiae expedita sit. Enim in aperiam deleniti labore et explicabo nemo. Sint et voluptate illum qui dignissimos similique. Quam voluptatem accusantium consequatur autem et id a.', NULL, 53);
INSERT INTO `checklist` (`checklist_id`, `created_at`, `deleted_at`, `item_description`, `item_importance`, `item_name`, `updated_at`, `tripplan_id`) VALUES (54, '1979-06-22 00:00:00.000000', NULL, 'Ab nihil exercitationem nobis quaerat animi dolores. Aut nisi omnis qui eum quos. Culpa repellat dolore et sit voluptate. Velit blanditiis atque quaerat porro quasi. Iste inventore nihil esse qui quam qui.', '3', 'Asperiores deleniti sed doloribus assumenda. Cupiditate quia sed accusamus reiciendis error in laboriosam rerum. Reiciendis nam repudiandae quo beatae. Magni quibusdam cumque et aut sint omnis laudantium.', NULL, 54);
INSERT INTO `checklist` (`checklist_id`, `created_at`, `deleted_at`, `item_description`, `item_importance`, `item_name`, `updated_at`, `tripplan_id`) VALUES (55, '1998-11-03 00:00:00.000000', NULL, 'Possimus asperiores incidunt ratione. Aut itaque qui voluptates repudiandae totam. Impedit saepe quia ex saepe aut debitis voluptas. Totam sed est dolorem et molestiae vero.', '2', 'Fuga et magni et in necessitatibus consequatur rerum distinctio. Recusandae at quos natus eum est sed vel. Odit beatae expedita nostrum vel sequi qui dolorum. Est optio eum doloremque. A quidem quidem perspiciatis vel.', NULL, 55);
INSERT INTO `checklist` (`checklist_id`, `created_at`, `deleted_at`, `item_description`, `item_importance`, `item_name`, `updated_at`, `tripplan_id`) VALUES (56, '2012-08-27 00:00:00.000000', NULL, 'Voluptatibus sunt enim sit assumenda. Magni fugiat tenetur officia velit. Tempore deserunt similique dolore.', '4', 'Eveniet aut eum non aperiam voluptas non ullam. Doloribus tempora voluptates sint eligendi et ipsum hic. Error culpa totam earum reiciendis voluptas et omnis. Omnis dolores aut sed cupiditate commodi sequi repellat. Velit tempora sint odio maxime quasi ma', NULL, 56);
INSERT INTO `checklist` (`checklist_id`, `created_at`, `deleted_at`, `item_description`, `item_importance`, `item_name`, `updated_at`, `tripplan_id`) VALUES (57, '1976-07-19 00:00:00.000000', NULL, 'Quibusdam qui consequuntur molestiae deserunt ipsam assumenda error. Non sed hic tenetur rerum necessitatibus beatae. Odio repellat dolore et voluptates dolores enim. Consequatur temporibus necessitatibus consequatur.', '3', 'Qui sunt eum qui voluptas fuga labore. Voluptatem minima accusamus excepturi nam. Autem tempora consequatur labore quidem voluptatem ex minus magnam.', NULL, 57);
INSERT INTO `checklist` (`checklist_id`, `created_at`, `deleted_at`, `item_description`, `item_importance`, `item_name`, `updated_at`, `tripplan_id`) VALUES (58, '2004-03-03 00:00:00.000000', NULL, 'Et molestiae qui voluptate non ea. Esse at consequatur at enim. Excepturi sapiente est dolores adipisci illo iure necessitatibus. Accusantium illo id enim incidunt magni tenetur qui modi.', '', 'Officia culpa at laboriosam amet qui sunt. Et voluptatem cum ut amet. Quaerat veniam deserunt est necessitatibus sapiente iure. Quisquam numquam totam magni et ipsa sed.', NULL, 58);
INSERT INTO `checklist` (`checklist_id`, `created_at`, `deleted_at`, `item_description`, `item_importance`, `item_name`, `updated_at`, `tripplan_id`) VALUES (59, '2007-10-28 00:00:00.000000', NULL, 'Minima nostrum optio ut magni placeat suscipit. Qui veniam omnis aliquam. Unde voluptates odit laboriosam vel aliquam corrupti rerum. Labore aut neque laborum autem quae doloremque ut.', '3', 'Nam cupiditate tempora soluta cumque ut neque. Et quis itaque minus reprehenderit non nihil consequuntur. Dolorem enim qui velit nulla. Animi ea labore minus distinctio est.', NULL, 59);
INSERT INTO `checklist` (`checklist_id`, `created_at`, `deleted_at`, `item_description`, `item_importance`, `item_name`, `updated_at`, `tripplan_id`) VALUES (60, '1980-01-30 00:00:00.000000', NULL, 'Et vel optio ex et nostrum deserunt. Et iste enim quo dolorem. Magnam aspernatur quidem aliquam sapiente velit voluptatem harum rerum.', '1', 'Quia ab repudiandae blanditiis nobis sint. Maiores eum voluptas sed et id minus illum. Maxime laudantium alias illum eum eveniet ipsam et. Minus est rerum amet et ea deleniti amet.', NULL, 60);
INSERT INTO `checklist` (`checklist_id`, `created_at`, `deleted_at`, `item_description`, `item_importance`, `item_name`, `updated_at`, `tripplan_id`) VALUES (61, '2007-03-19 00:00:00.000000', NULL, 'Molestiae laborum rerum sit eligendi. Animi eum adipisci sint perspiciatis et. Nihil molestiae est explicabo soluta fuga aut quas sed. Dolorum sint sint sequi exercitationem voluptates labore quaerat excepturi.', '2', 'Ducimus quia eos adipisci provident velit. Maiores totam consequatur necessitatibus. Esse cum rerum possimus.', NULL, 61);
INSERT INTO `checklist` (`checklist_id`, `created_at`, `deleted_at`, `item_description`, `item_importance`, `item_name`, `updated_at`, `tripplan_id`) VALUES (62, '2005-03-25 00:00:00.000000', NULL, 'Facilis dolorem neque odit eum. Saepe voluptas nihil itaque et vel.', '6', 'Quas dolorum veritatis esse sapiente sunt sed. Voluptatem est sed corrupti aut perspiciatis.', NULL, 62);
INSERT INTO `checklist` (`checklist_id`, `created_at`, `deleted_at`, `item_description`, `item_importance`, `item_name`, `updated_at`, `tripplan_id`) VALUES (63, '2023-09-29 00:00:00.000000', NULL, 'Molestias aut harum possimus voluptatibus quis. Quidem natus vero ut. Numquam dolores sunt et reprehenderit nam. Ipsa reprehenderit assumenda praesentium reiciendis officiis et. Eos tempore et sint accusamus in dignissimos sint repellendus.', '9', 'Provident est sit nihil tempora. Asperiores adipisci maiores in possimus et odio et. Aspernatur consequatur rem velit non praesentium id. Est sed neque similique fugiat.', NULL, 63);
INSERT INTO `checklist` (`checklist_id`, `created_at`, `deleted_at`, `item_description`, `item_importance`, `item_name`, `updated_at`, `tripplan_id`) VALUES (64, '1981-06-21 00:00:00.000000', NULL, 'Iure dolores dolorem voluptatem molestiae quo nesciunt. Voluptas voluptatibus dolores delectus voluptatem. Sed non ut labore enim ad rerum. Excepturi natus quod qui distinctio reiciendis aut.', '', 'Ipsa quis eos nobis saepe. Sed dolores neque et et minima libero officia autem. Enim non quo ipsum inventore architecto dolorem. Et autem deserunt dolore consequatur.', NULL, 64);
INSERT INTO `checklist` (`checklist_id`, `created_at`, `deleted_at`, `item_description`, `item_importance`, `item_name`, `updated_at`, `tripplan_id`) VALUES (65, '2022-10-31 00:00:00.000000', NULL, 'Rerum animi harum beatae id quisquam. Qui eos dolores et reiciendis libero id.', '5', 'Delectus beatae et velit maxime. Recusandae sed et hic laborum iste quae porro. Id voluptatem iure voluptate.', NULL, 65);
INSERT INTO `checklist` (`checklist_id`, `created_at`, `deleted_at`, `item_description`, `item_importance`, `item_name`, `updated_at`, `tripplan_id`) VALUES (66, '1994-12-10 00:00:00.000000', NULL, 'Sed minus qui aliquid ratione. Enim ipsum ipsam voluptatibus veniam vitae. Ea sequi iure sunt eum nam.', '9', 'Iure sit et culpa beatae eligendi quis. Saepe recusandae voluptatem hic sequi dolor itaque qui. Dolores aliquam velit illum sit amet excepturi consequatur. Nesciunt sit aut recusandae quia voluptate doloremque.', NULL, 66);
INSERT INTO `checklist` (`checklist_id`, `created_at`, `deleted_at`, `item_description`, `item_importance`, `item_name`, `updated_at`, `tripplan_id`) VALUES (67, '1980-08-19 00:00:00.000000', NULL, 'Voluptates dolorum tenetur magnam ut dolores officiis. Et voluptatem eligendi dolor debitis. Rerum cumque similique libero ut molestiae consequuntur. Beatae quia tempore ut magnam. Aut neque qui dolores voluptas vel qui magni.', '7', 'Debitis rerum in autem ipsam facere temporibus. Ut numquam officia consequatur qui nobis accusantium commodi. Deserunt modi suscipit repudiandae id commodi. Voluptas a molestiae quisquam cum est facere.', NULL, 67);
INSERT INTO `checklist` (`checklist_id`, `created_at`, `deleted_at`, `item_description`, `item_importance`, `item_name`, `updated_at`, `tripplan_id`) VALUES (68, '1977-12-30 00:00:00.000000', NULL, 'Voluptatem repellat iusto sit expedita rerum voluptatem est. At quasi architecto ut nostrum itaque mollitia quidem. Consequuntur quia atque qui deserunt omnis earum magni. At ex ut non numquam eveniet.', '', 'Reiciendis ipsum illo sequi reprehenderit sed. Ea laboriosam fugit libero eos aut. Vero repudiandae totam voluptate beatae incidunt occaecati iure. Deserunt voluptas tempora non culpa. Perspiciatis dicta veniam et inventore.', NULL, 68);
INSERT INTO `checklist` (`checklist_id`, `created_at`, `deleted_at`, `item_description`, `item_importance`, `item_name`, `updated_at`, `tripplan_id`) VALUES (69, '1970-04-13 00:00:00.000000', NULL, 'Id aut voluptatibus quis perferendis accusamus. Recusandae sint quia in rem ipsa. Et et sapiente explicabo odit modi dolor. Reiciendis qui veniam illo dolores quia.', '9', 'Ab tempore quia est. Eligendi eum eos deserunt voluptates magni inventore. Similique reprehenderit sit in rem corporis.', NULL, 69);
INSERT INTO `checklist` (`checklist_id`, `created_at`, `deleted_at`, `item_description`, `item_importance`, `item_name`, `updated_at`, `tripplan_id`) VALUES (70, '1982-08-19 00:00:00.000000', NULL, 'Rem non eum ut. Ullam provident consequuntur et autem sed. Ut iure vel non sed et. Nulla et dolor est voluptates veritatis eum.', '8', 'Corrupti nihil consectetur error voluptatum quia. Placeat aperiam eveniet architecto nam ut sint rerum. Velit blanditiis numquam facilis consequatur sed voluptate est.', NULL, 70);
INSERT INTO `checklist` (`checklist_id`, `created_at`, `deleted_at`, `item_description`, `item_importance`, `item_name`, `updated_at`, `tripplan_id`) VALUES (71, '1983-09-14 00:00:00.000000', NULL, 'Nihil architecto id dolor accusamus et ut nostrum. Culpa hic dicta blanditiis omnis. Aspernatur a est velit non nam nobis et. Temporibus maiores debitis debitis fugit qui hic totam.', '3', 'Fugiat accusamus ut dolore blanditiis. Enim quos numquam fugit sunt quia. Et quos praesentium delectus qui.', NULL, 71);
INSERT INTO `checklist` (`checklist_id`, `created_at`, `deleted_at`, `item_description`, `item_importance`, `item_name`, `updated_at`, `tripplan_id`) VALUES (72, '2005-02-27 00:00:00.000000', NULL, 'Numquam atque velit id ut omnis reprehenderit. Magnam est nisi quia aspernatur perferendis quam. Qui voluptas quod voluptatum voluptate sit id.', '9', 'Autem est cum amet autem ut nulla. Similique expedita sunt ipsam voluptatem. Eum quod quo natus numquam placeat autem dolorum.', NULL, 72);
INSERT INTO `checklist` (`checklist_id`, `created_at`, `deleted_at`, `item_description`, `item_importance`, `item_name`, `updated_at`, `tripplan_id`) VALUES (73, '1996-03-31 00:00:00.000000', NULL, 'Nemo a animi qui. Consequuntur temporibus rem laborum similique perferendis. Pariatur voluptatem et dolor quae nemo eaque. Voluptas quaerat quaerat rerum ipsa tempore corrupti dolor qui.', '5', 'Voluptas ex tenetur rem debitis qui debitis est repudiandae. Quam possimus est ipsa. Dolorem blanditiis veritatis qui quidem. Velit molestias nulla corporis nemo possimus. Aut a modi iure et expedita et ut.', NULL, 73);
INSERT INTO `checklist` (`checklist_id`, `created_at`, `deleted_at`, `item_description`, `item_importance`, `item_name`, `updated_at`, `tripplan_id`) VALUES (74, '2003-12-06 00:00:00.000000', NULL, 'Tenetur facere voluptas inventore aut reiciendis quo accusamus. Qui hic a debitis modi reprehenderit sit nihil. Velit praesentium quo eaque voluptatibus nulla. Nisi alias expedita ad nesciunt reiciendis ducimus consequatur.', '3', 'Sapiente officiis et magnam. Laudantium in est cumque aliquam sit. Omnis iste sapiente harum vel aliquid.', NULL, 74);
INSERT INTO `checklist` (`checklist_id`, `created_at`, `deleted_at`, `item_description`, `item_importance`, `item_name`, `updated_at`, `tripplan_id`) VALUES (75, '1989-05-07 00:00:00.000000', NULL, 'Maxime dignissimos et alias adipisci nulla eveniet eum. Velit voluptates voluptatem cum et. Tenetur similique omnis non maiores est voluptatem.', '6', 'Laudantium magnam impedit vero quisquam numquam voluptas. Sit dignissimos eius delectus ut quis quia distinctio. Quae nobis expedita enim. Excepturi quia nulla a voluptatum aliquid ex id.', NULL, 75);
INSERT INTO `checklist` (`checklist_id`, `created_at`, `deleted_at`, `item_description`, `item_importance`, `item_name`, `updated_at`, `tripplan_id`) VALUES (76, '2002-07-09 00:00:00.000000', NULL, 'Veniam reiciendis porro qui. Molestias labore velit voluptatibus necessitatibus. Molestias magni vero et quia non.', '8', 'Dolor aut voluptatibus eum. Voluptas blanditiis dolorem quia necessitatibus. Consequatur qui amet laboriosam aut.', NULL, 76);
INSERT INTO `checklist` (`checklist_id`, `created_at`, `deleted_at`, `item_description`, `item_importance`, `item_name`, `updated_at`, `tripplan_id`) VALUES (77, '1992-03-01 00:00:00.000000', NULL, 'Consectetur dolore dolorem non quisquam in. Illo maiores rerum eum dolor est et est. Quidem asperiores quidem et non et et itaque.', '1', 'Aperiam quo omnis culpa aut error. Natus magni explicabo ab in. Ipsum suscipit sed culpa totam et facilis. Distinctio architecto sed et ipsum necessitatibus ut sint.', NULL, 77);
INSERT INTO `checklist` (`checklist_id`, `created_at`, `deleted_at`, `item_description`, `item_importance`, `item_name`, `updated_at`, `tripplan_id`) VALUES (78, '1974-10-05 00:00:00.000000', NULL, 'Assumenda accusamus et inventore corporis odit sed nemo. Assumenda officiis omnis rerum veniam magnam error harum. Facilis non tempore repudiandae quod aliquid. Magni odit voluptatum sunt natus saepe voluptatem voluptatum sunt. Ipsum aut quod ut non quam ', '3', 'Ipsum sapiente eaque dolores animi. Nobis qui est repudiandae. Id sapiente corporis asperiores.', NULL, 78);
INSERT INTO `checklist` (`checklist_id`, `created_at`, `deleted_at`, `item_description`, `item_importance`, `item_name`, `updated_at`, `tripplan_id`) VALUES (79, '1991-05-30 00:00:00.000000', NULL, 'Animi voluptatibus veniam qui eveniet. Rerum nesciunt laudantium modi provident est consectetur sed non. Maxime cum illum eligendi voluptas eaque. Qui vero placeat quibusdam.', '9', 'Aperiam aut est qui aut. Eos vitae fuga non. Earum tenetur et explicabo ex hic ea sed. Tempora debitis consectetur voluptate porro nihil facilis consequuntur occaecati.', NULL, 79);
INSERT INTO `checklist` (`checklist_id`, `created_at`, `deleted_at`, `item_description`, `item_importance`, `item_name`, `updated_at`, `tripplan_id`) VALUES (80, '2015-08-04 00:00:00.000000', NULL, 'Aliquid doloribus odio mollitia labore consequuntur vel veritatis. Quod quasi dolores laborum voluptatum. Voluptate tempore non dicta commodi perspiciatis labore. Omnis aliquid est ipsum voluptatem odio at cum.', '5', 'Sed et fuga odio quisquam consequatur. Nihil recusandae reprehenderit ea dolores consectetur.', NULL, 80);
INSERT INTO `checklist` (`checklist_id`, `created_at`, `deleted_at`, `item_description`, `item_importance`, `item_name`, `updated_at`, `tripplan_id`) VALUES (81, '1982-11-19 00:00:00.000000', NULL, 'Qui cum voluptatem dolor fugiat. In repudiandae eum rerum voluptates unde delectus. Autem laudantium tempora omnis. Aliquam assumenda commodi ut molestias cupiditate est consequatur voluptatibus.', '8', 'Laudantium optio inventore fuga nihil quam consequatur. Nulla hic ut ducimus aut vero. Sed odit facilis enim nesciunt quas.', NULL, 81);
INSERT INTO `checklist` (`checklist_id`, `created_at`, `deleted_at`, `item_description`, `item_importance`, `item_name`, `updated_at`, `tripplan_id`) VALUES (82, '1971-10-31 00:00:00.000000', NULL, 'Praesentium expedita est aperiam est tenetur. Rerum molestiae dolor debitis ipsum velit nihil dicta explicabo. Facere molestias ad excepturi sint laboriosam fugit corporis doloribus.', '4', 'Ad distinctio incidunt libero consequuntur corporis reprehenderit saepe et. Et magnam inventore beatae asperiores veritatis. Qui sed eos sunt eos.', NULL, 82);
INSERT INTO `checklist` (`checklist_id`, `created_at`, `deleted_at`, `item_description`, `item_importance`, `item_name`, `updated_at`, `tripplan_id`) VALUES (83, '2005-12-16 00:00:00.000000', NULL, 'Aspernatur itaque et et a temporibus repudiandae voluptatibus. Illum est unde aut qui. Ut accusamus eaque blanditiis nihil nam aliquid. Esse qui quia inventore similique et aut non et.', '', 'Mollitia illum dolores praesentium et est sit. Quia cum quos sit qui ea. Ullam dolor rem porro facilis. Quos molestias odit aliquid.', NULL, 83);
INSERT INTO `checklist` (`checklist_id`, `created_at`, `deleted_at`, `item_description`, `item_importance`, `item_name`, `updated_at`, `tripplan_id`) VALUES (84, '2001-11-27 00:00:00.000000', NULL, 'At est cupiditate ex eius. Ab possimus distinctio ut suscipit. Recusandae odio odit et aut. Eos voluptate ex corrupti harum.', '8', 'Blanditiis eum nihil et qui eos eum eos. Et ducimus officia asperiores iure sapiente aut porro. Beatae rerum ut consequatur odio est quasi illum a. Eum minus beatae vitae labore nemo ratione.', NULL, 84);
INSERT INTO `checklist` (`checklist_id`, `created_at`, `deleted_at`, `item_description`, `item_importance`, `item_name`, `updated_at`, `tripplan_id`) VALUES (85, '1987-07-21 00:00:00.000000', NULL, 'Omnis molestias est reiciendis et et rerum. Sit sunt eaque optio minus consequatur quia ab. Est non non excepturi reprehenderit asperiores.', '7', 'Voluptatem aut numquam maxime deleniti consectetur veritatis natus. Et odit quos voluptatibus occaecati facere quis velit quia. Voluptatem ipsum molestias quaerat odio totam qui sit. Ipsum repudiandae qui laboriosam id.', NULL, 85);
INSERT INTO `checklist` (`checklist_id`, `created_at`, `deleted_at`, `item_description`, `item_importance`, `item_name`, `updated_at`, `tripplan_id`) VALUES (86, '2005-09-29 00:00:00.000000', NULL, 'Qui et consequatur dignissimos sunt. Qui quia impedit est. Ducimus eligendi recusandae odit qui. Sit consequatur ea numquam voluptatibus ut.', '', 'Non sit ut molestiae velit sit eos maiores porro. Ut voluptas doloribus natus occaecati voluptatem culpa nisi.', NULL, 86);
INSERT INTO `checklist` (`checklist_id`, `created_at`, `deleted_at`, `item_description`, `item_importance`, `item_name`, `updated_at`, `tripplan_id`) VALUES (87, '2006-10-14 00:00:00.000000', NULL, 'Natus repudiandae aut velit porro eum. Autem ex aliquid corporis illo dolores nisi. Ab perspiciatis temporibus aut similique molestiae. Voluptatum deserunt corrupti et at quasi alias deleniti. Voluptas aliquid cupiditate unde sit rerum.', '1', 'Molestias iusto expedita sed suscipit voluptas omnis unde. Vitae eveniet accusantium temporibus beatae expedita distinctio et. Sapiente quod quaerat vel perferendis. Quo dicta sed tempore dignissimos quia eos ea dolor. Omnis vel nam sunt sunt consequatur ', NULL, 87);
INSERT INTO `checklist` (`checklist_id`, `created_at`, `deleted_at`, `item_description`, `item_importance`, `item_name`, `updated_at`, `tripplan_id`) VALUES (88, '1995-01-18 00:00:00.000000', NULL, 'Itaque voluptas tenetur saepe similique ipsa rerum animi. Nemo quia ipsum iure autem. Dolores qui quis rerum non aut omnis. Omnis aut enim consequatur dolorem. Quidem aspernatur ut et eaque tempora et.', '8', 'Vero autem voluptas pariatur et aut. Exercitationem ut non in voluptatem error. Sint ratione sequi unde autem.', NULL, 88);
INSERT INTO `checklist` (`checklist_id`, `created_at`, `deleted_at`, `item_description`, `item_importance`, `item_name`, `updated_at`, `tripplan_id`) VALUES (89, '2005-01-23 00:00:00.000000', NULL, 'Ratione incidunt ea eligendi dolorem hic. Aliquam aut sunt rerum ullam voluptatem veritatis. Sed rerum iste corporis corrupti minus. Occaecati rerum asperiores omnis perspiciatis qui.', '3', 'Sequi qui reiciendis illum vel quis ex. Dolores cupiditate nulla quisquam accusamus corrupti ea. Laboriosam incidunt iste rerum et. Corporis voluptatem est necessitatibus vitae.', NULL, 89);
INSERT INTO `checklist` (`checklist_id`, `created_at`, `deleted_at`, `item_description`, `item_importance`, `item_name`, `updated_at`, `tripplan_id`) VALUES (90, '2018-11-15 00:00:00.000000', NULL, 'Doloribus ipsam vel consequatur aut quia. Eius et omnis error sapiente nobis laudantium. Omnis tenetur laborum laudantium qui ut distinctio et.', '9', 'Non voluptas voluptas eius corrupti. Veritatis voluptate esse sit.', NULL, 90);
INSERT INTO `checklist` (`checklist_id`, `created_at`, `deleted_at`, `item_description`, `item_importance`, `item_name`, `updated_at`, `tripplan_id`) VALUES (91, '2012-02-08 00:00:00.000000', NULL, 'Labore sunt voluptatem omnis optio quaerat incidunt doloremque. Sed eligendi rem et cum ipsum quae. Perspiciatis et aut nihil nihil et ea similique.', '9', 'Ab mollitia totam ad eum atque velit at. Incidunt rerum ea illum nemo occaecati quibusdam quae. Quis exercitationem repellat in voluptatem cumque adipisci qui in. Omnis inventore quo quia architecto non velit.', NULL, 91);
INSERT INTO `checklist` (`checklist_id`, `created_at`, `deleted_at`, `item_description`, `item_importance`, `item_name`, `updated_at`, `tripplan_id`) VALUES (92, '1994-07-08 00:00:00.000000', NULL, 'Quia corporis odio quis et. Quisquam animi nobis aliquam necessitatibus incidunt.', '1', 'Repellat modi est quam. Minus autem incidunt tenetur nihil reprehenderit itaque aspernatur. Qui non non illo harum quo. At officia voluptatem magnam.', NULL, 92);
INSERT INTO `checklist` (`checklist_id`, `created_at`, `deleted_at`, `item_description`, `item_importance`, `item_name`, `updated_at`, `tripplan_id`) VALUES (93, '1998-08-18 00:00:00.000000', NULL, 'Voluptatibus nihil quasi neque similique ab iste nostrum. Doloribus exercitationem voluptas aut explicabo vel nostrum. Ducimus vero distinctio totam quia sunt voluptatum. Autem facere a quam quas omnis et.', '8', 'Odit aliquam tenetur autem dolores. Facilis qui veniam voluptate fuga in.', NULL, 93);
INSERT INTO `checklist` (`checklist_id`, `created_at`, `deleted_at`, `item_description`, `item_importance`, `item_name`, `updated_at`, `tripplan_id`) VALUES (94, '1977-06-16 00:00:00.000000', NULL, 'Quibusdam et inventore sint. Enim minus possimus qui suscipit. Qui minima aut eius labore saepe reprehenderit et. Consectetur corporis est numquam est velit omnis dignissimos.', '5', 'Cum quo consequatur rerum occaecati. Et officia accusantium dicta repellendus qui dolores. Mollitia labore autem beatae. Dolor hic facere minus natus.', NULL, 94);
INSERT INTO `checklist` (`checklist_id`, `created_at`, `deleted_at`, `item_description`, `item_importance`, `item_name`, `updated_at`, `tripplan_id`) VALUES (95, '1983-11-05 00:00:00.000000', NULL, 'Ipsum alias et illo illo aut. Error ut est magnam ut ipsum. Consequatur aut dolores alias saepe. Non quas ut ea libero occaecati dolorem impedit.', '2', 'Tempore hic repellat est et velit. Non optio minus veniam suscipit. Excepturi quidem tempore commodi est eum impedit aut.', NULL, 95);
INSERT INTO `checklist` (`checklist_id`, `created_at`, `deleted_at`, `item_description`, `item_importance`, `item_name`, `updated_at`, `tripplan_id`) VALUES (96, '2005-01-18 00:00:00.000000', NULL, 'Repellat quisquam et illum accusantium neque aliquam sunt. Et placeat labore est eius voluptatem ipsum nisi. Sapiente est inventore possimus illum quibusdam non possimus reprehenderit. Nam voluptatem similique corporis magni ut consequatur voluptatem magn', '8', 'Et exercitationem consequuntur nostrum. Aliquam in accusamus doloremque excepturi excepturi iusto fuga. Et nisi qui ratione nisi quam. Doloribus fugit tempore tempora fugiat dicta ut ea.', NULL, 96);
INSERT INTO `checklist` (`checklist_id`, `created_at`, `deleted_at`, `item_description`, `item_importance`, `item_name`, `updated_at`, `tripplan_id`) VALUES (97, '1984-02-24 00:00:00.000000', NULL, 'Dolores perspiciatis quae nobis perspiciatis natus. Tenetur quaerat quo ipsum eos. Et deleniti et excepturi fugiat.', '3', 'Dolor dolor ut vitae impedit in. Nemo modi facilis tempore et culpa laboriosam. Voluptas veniam dolores aut.', NULL, 97);
INSERT INTO `checklist` (`checklist_id`, `created_at`, `deleted_at`, `item_description`, `item_importance`, `item_name`, `updated_at`, `tripplan_id`) VALUES (98, '1993-03-22 00:00:00.000000', NULL, 'Praesentium aut suscipit numquam et qui omnis dolorum. Consequuntur eligendi est ut et doloribus minima. Aperiam recusandae dolor corrupti nam. Voluptas voluptatem ut sunt corporis architecto.', '7', 'Rem sapiente delectus labore illo minima dolores maiores. Nisi in et similique ipsa veritatis repudiandae. Asperiores id facere alias deleniti. Maxime et sed magnam deserunt. Velit molestiae aut quia sequi.', NULL, 98);
INSERT INTO `checklist` (`checklist_id`, `created_at`, `deleted_at`, `item_description`, `item_importance`, `item_name`, `updated_at`, `tripplan_id`) VALUES (99, '2020-01-20 00:00:00.000000', NULL, 'Est et et molestiae aliquid. Officia a enim illum. Reprehenderit minima et rerum omnis ipsa ea quo. Ea accusamus ullam rerum nobis.', '1', 'Quam consequuntur molestiae dolores et. Ad aliquam et aut ducimus sequi voluptatum facere officia. Sed voluptas necessitatibus corporis officiis nemo non soluta molestias.', NULL, 99);
INSERT INTO `checklist` (`checklist_id`, `created_at`, `deleted_at`, `item_description`, `item_importance`, `item_name`, `updated_at`, `tripplan_id`) VALUES (100, '2018-12-04 00:00:00.000000', NULL, 'Aut qui nostrum tenetur cupiditate. Eaque tenetur voluptatem autem consectetur pariatur deleniti. Corrupti velit id placeat totam amet quasi consequatur. Facilis impedit non ad quaerat.', '5', 'Et nemo inventore omnis nulla beatae voluptatem recusandae ut. Ut ut inventore sit eos. Illum corporis expedita qui dignissimos aliquam. Illum qui molestias ut.', NULL, 100);


INSERT INTO `contactus` (`contactus_id`, `last_name`, `created_at`, `description`, `email`, `first_name`) VALUES (1, 'Rath', '1979-06-25 00:00:00.000000', 'Quos voluptatibus excepturi sapiente et incidunt. Voluptatem rerum dolorum corporis iusto. Vel et amet ex et doloribus temporibus aut. Eum velit ut voluptatem eveniet quae et enim id.', 'berta73@example.org', 'Ashley');
INSERT INTO `contactus` (`contactus_id`, `last_name`, `created_at`, `description`, `email`, `first_name`) VALUES (2, 'Hilpert', '2017-02-22 00:00:00.000000', 'Corrupti possimus et nihil rem aut cupiditate omnis. Minus ducimus magni rerum ullam ad est. Expedita aliquid enim explicabo temporibus distinctio voluptates labore quos. Ipsa aut facilis occaecati perferendis debitis aut.', 'sbuckridge@example.com', 'Helene');
INSERT INTO `contactus` (`contactus_id`, `last_name`, `created_at`, `description`, `email`, `first_name`) VALUES (3, 'Glover', '2003-11-21 00:00:00.000000', 'Necessitatibus facilis voluptatem in nemo omnis. In aut quasi id et. Voluptas ut nihil eos voluptatem.', 'mark12@example.net', 'Hipolito');
INSERT INTO `contactus` (`contactus_id`, `last_name`, `created_at`, `description`, `email`, `first_name`) VALUES (4, 'Ortiz', '2019-08-08 00:00:00.000000', 'Accusamus recusandae placeat et est quas dolor accusantium nisi. Maiores ipsa magnam nemo adipisci.', 'bianka18@example.org', 'Madaline');
INSERT INTO `contactus` (`contactus_id`, `last_name`, `created_at`, `description`, `email`, `first_name`) VALUES (5, 'Lubowitz', '2013-11-24 00:00:00.000000', 'Officiis ipsa culpa ab nulla necessitatibus et. Maiores assumenda officiis eos eum labore. Commodi et et quis ipsam.', 'johnson.rosario@example.com', 'Gino');
INSERT INTO `contactus` (`contactus_id`, `last_name`, `created_at`, `description`, `email`, `first_name`) VALUES (6, 'Steuber', '1990-10-14 00:00:00.000000', 'Natus doloremque soluta molestias ea. Dolor in ex magni voluptates nesciunt et. Et facere dolorem commodi delectus deserunt amet necessitatibus. Et modi adipisci qui aut commodi est.', 'hnicolas@example.com', 'Brent');
INSERT INTO `contactus` (`contactus_id`, `last_name`, `created_at`, `description`, `email`, `first_name`) VALUES (7, 'Walter', '1999-11-16 00:00:00.000000', 'Ut voluptates deleniti quis et. Et ex blanditiis soluta. Dolores non repellendus quidem dolorem autem. Quia voluptatem dolores blanditiis facere et.', 'jshields@example.net', 'Ronaldo');
INSERT INTO `contactus` (`contactus_id`, `last_name`, `created_at`, `description`, `email`, `first_name`) VALUES (8, 'O\'Hara', '1975-12-18 00:00:00.000000', 'Et a veritatis ea et. Ullam vitae quidem commodi quia autem commodi. Nesciunt vero voluptatem et recusandae quam. Nostrum repellendus qui ut ducimus maiores quibusdam. Laudantium veniam distinctio quidem ratione aut molestiae.', 'swehner@example.net', 'Melvina');
INSERT INTO `contactus` (`contactus_id`, `last_name`, `created_at`, `description`, `email`, `first_name`) VALUES (9, 'McGlynn', '1970-06-05 00:00:00.000000', 'Sit provident deserunt eum maxime iure et. Quia fuga tempore et nihil. Nemo odit unde quia reprehenderit beatae ab sit esse. Aut aspernatur nobis nostrum soluta cupiditate pariatur soluta.', 'britney01@example.com', 'Bobbie');
INSERT INTO `contactus` (`contactus_id`, `last_name`, `created_at`, `description`, `email`, `first_name`) VALUES (10, 'Shanahan', '2019-03-17 00:00:00.000000', 'Molestiae magni eos excepturi qui dicta animi eius. Non rerum corrupti aliquam necessitatibus odit.', 'acremin@example.net', 'Kenton');
INSERT INTO `contactus` (`contactus_id`, `last_name`, `created_at`, `description`, `email`, `first_name`) VALUES (11, 'Leffler', '2018-05-28 00:00:00.000000', 'Ut eius quis pariatur facere consequatur voluptatum et. Sequi voluptas vel rerum error delectus explicabo quia. Sapiente modi officia harum. Architecto numquam recusandae veniam est mollitia animi. Qui sint quis voluptates ab.', 'chadrick.harber@example.net', 'Brooklyn');
INSERT INTO `contactus` (`contactus_id`, `last_name`, `created_at`, `description`, `email`, `first_name`) VALUES (12, 'Leannon', '2009-11-29 00:00:00.000000', 'Voluptatem vitae aut dignissimos eum et aut. Dolore nihil et voluptatum aspernatur maxime veritatis. Quo iusto error qui occaecati assumenda. Tempora consequatur accusantium perspiciatis omnis.', 'sydni.kirlin@example.net', 'Camylle');
INSERT INTO `contactus` (`contactus_id`, `last_name`, `created_at`, `description`, `email`, `first_name`) VALUES (13, 'Connelly', '2007-08-30 00:00:00.000000', 'Dolores ut dolor ullam perspiciatis nobis ducimus voluptatibus. Dolor commodi et quam quaerat quisquam expedita et. Est voluptates accusantium quisquam dolores illum vero porro eaque.', 'muller.ike@example.net', 'Luis');
INSERT INTO `contactus` (`contactus_id`, `last_name`, `created_at`, `description`, `email`, `first_name`) VALUES (14, 'Nitzsche', '2010-12-31 00:00:00.000000', 'Voluptatibus ab ipsum quod voluptas rem sunt cum odio. Maiores quo et quaerat consequuntur animi ipsum. Iste nobis est quidem id totam aut architecto. Ab molestiae ratione a libero quidem quis.', 'jkuhlman@example.com', 'Serenity');
INSERT INTO `contactus` (`contactus_id`, `last_name`, `created_at`, `description`, `email`, `first_name`) VALUES (15, 'Johnston', '1979-01-07 00:00:00.000000', 'Voluptas perferendis neque nam consequatur vel ex. Porro ut sed commodi temporibus quaerat porro maiores. Et ullam cupiditate sed ad. Cum reprehenderit quis ad aut.', 'corine.keeling@example.org', 'Isaias');
INSERT INTO `contactus` (`contactus_id`, `last_name`, `created_at`, `description`, `email`, `first_name`) VALUES (16, 'Kohler', '2008-02-29 00:00:00.000000', 'Veritatis excepturi aut sunt fugit. Facere voluptatibus rerum debitis voluptatibus rerum. Recusandae praesentium rerum eligendi est qui est repellat.', 'iva.gleason@example.org', 'Lucienne');
INSERT INTO `contactus` (`contactus_id`, `last_name`, `created_at`, `description`, `email`, `first_name`) VALUES (17, 'Kiehn', '2005-05-29 00:00:00.000000', 'Modi quisquam sint sed deserunt eos sunt nostrum. Cumque ut aut vel perferendis occaecati neque. Velit a ut ab porro odit earum quos.', 'mo\'keefe@example.net', 'Sam');
INSERT INTO `contactus` (`contactus_id`, `last_name`, `created_at`, `description`, `email`, `first_name`) VALUES (18, 'Eichmann', '2000-06-27 00:00:00.000000', 'Non illo voluptatem mollitia nobis autem rerum omnis. Ipsum sit sed aspernatur. Et non rerum non eum beatae cumque.', 'kaci.jacobi@example.com', 'Estell');
INSERT INTO `contactus` (`contactus_id`, `last_name`, `created_at`, `description`, `email`, `first_name`) VALUES (19, 'Johnston', '1973-03-02 00:00:00.000000', 'Itaque ullam totam sit iste laborum blanditiis eum. Saepe eum earum ut qui explicabo minima omnis occaecati. Eligendi nostrum iusto et minima.', 'addie.cremin@example.com', 'Golda');
INSERT INTO `contactus` (`contactus_id`, `last_name`, `created_at`, `description`, `email`, `first_name`) VALUES (20, 'Schmidt', '1984-04-27 00:00:00.000000', 'Similique maxime labore aperiam ducimus illum voluptatem impedit. Optio fuga consectetur velit. Voluptas quaerat est sit velit libero sint. Molestiae delectus qui neque voluptatem est iure.', 'pprosacco@example.org', 'Jadyn');
INSERT INTO `contactus` (`contactus_id`, `last_name`, `created_at`, `description`, `email`, `first_name`) VALUES (21, 'Cronin', '1980-04-04 00:00:00.000000', 'Aliquid earum deleniti maxime omnis nesciunt sit. Quae et iste modi animi occaecati. Mollitia similique at id et cum sequi vero. A id architecto corporis vero odio aut molestias.', 'jenkins.rupert@example.com', 'Sydney');
INSERT INTO `contactus` (`contactus_id`, `last_name`, `created_at`, `description`, `email`, `first_name`) VALUES (22, 'Wiegand', '1981-10-26 00:00:00.000000', 'Quisquam non sit non adipisci neque aut. Voluptas sit quos earum ut perferendis ut deserunt dolore. Velit et delectus aut ex est excepturi et.', 'jett78@example.com', 'Darlene');
INSERT INTO `contactus` (`contactus_id`, `last_name`, `created_at`, `description`, `email`, `first_name`) VALUES (23, 'Mitchell', '1989-10-02 00:00:00.000000', 'Reprehenderit enim unde vel. Sit quam nesciunt doloribus dolor molestiae sed veritatis. Sit voluptatem sed ea nihil ut qui rerum qui.', 'emclaughlin@example.net', 'Alberta');
INSERT INTO `contactus` (`contactus_id`, `last_name`, `created_at`, `description`, `email`, `first_name`) VALUES (24, 'Paucek', '2013-08-16 00:00:00.000000', 'Ea non dolores sunt ducimus aut. Cum architecto et temporibus. Doloremque laborum voluptatum corporis qui placeat facilis qui nulla.', 'imckenzie@example.com', 'Sheila');
INSERT INTO `contactus` (`contactus_id`, `last_name`, `created_at`, `description`, `email`, `first_name`) VALUES (25, 'Sauer', '2013-09-28 00:00:00.000000', 'Et voluptatum recusandae minima a et voluptatem rerum consequatur. Illum ut quia quo qui qui. Occaecati quo illum sit et.', 'lwillms@example.org', 'Elizabeth');
INSERT INTO `contactus` (`contactus_id`, `last_name`, `created_at`, `description`, `email`, `first_name`) VALUES (26, 'Bins', '1977-08-05 00:00:00.000000', 'Velit optio consequatur aperiam. Ea commodi id deleniti nemo doloremque dolorem. Quo illum aperiam cum vitae voluptatibus.', 'heather.stanton@example.org', 'Teagan');
INSERT INTO `contactus` (`contactus_id`, `last_name`, `created_at`, `description`, `email`, `first_name`) VALUES (27, 'Langworth', '2021-03-30 00:00:00.000000', 'Sint molestias veniam non laudantium magni animi est. Adipisci dolorum nobis quas sed. Odio iste non atque exercitationem rerum mollitia velit. Aut tempore fuga quis asperiores. Eos neque iure distinctio aliquid natus eveniet pariatur.', 'jluettgen@example.org', 'Heidi');
INSERT INTO `contactus` (`contactus_id`, `last_name`, `created_at`, `description`, `email`, `first_name`) VALUES (28, 'Reinger', '1976-10-22 00:00:00.000000', 'Fugiat nostrum asperiores accusamus magni voluptas ab unde. Voluptas placeat natus dicta velit. Dolores at et ducimus nulla recusandae.', 'larkin.angie@example.com', 'Kamille');
INSERT INTO `contactus` (`contactus_id`, `last_name`, `created_at`, `description`, `email`, `first_name`) VALUES (29, 'Wunsch', '1988-01-19 00:00:00.000000', 'Omnis modi perspiciatis quia ut eum molestias. Exercitationem deleniti unde a voluptatum error mollitia in ratione.', 'borer.salvatore@example.org', 'Juvenal');
INSERT INTO `contactus` (`contactus_id`, `last_name`, `created_at`, `description`, `email`, `first_name`) VALUES (30, 'Jaskolski', '1972-07-01 00:00:00.000000', 'Omnis ipsum rerum voluptatem placeat at modi. Quia natus sequi ducimus iste error corrupti. Et aut dolorem repellat dolores.', 'owhite@example.org', 'Violette');
INSERT INTO `contactus` (`contactus_id`, `last_name`, `created_at`, `description`, `email`, `first_name`) VALUES (31, 'Gusikowski', '2020-01-14 00:00:00.000000', 'Velit placeat molestias at quisquam quia est quia ea. Quia facere mollitia nisi quis eos. Enim accusantium voluptatum repellendus distinctio officiis fugit qui. Nesciunt atque sint expedita.', 'daugherty.adaline@example.com', 'Fausto');
INSERT INTO `contactus` (`contactus_id`, `last_name`, `created_at`, `description`, `email`, `first_name`) VALUES (32, 'Walker', '2015-02-19 00:00:00.000000', 'Incidunt dolore provident est est consequatur et hic. Inventore consequatur nihil qui. Temporibus in ipsam praesentium. Eum eos eligendi qui consequatur veniam quisquam sit. Est possimus quasi a iusto occaecati vel.', 'chanel38@example.org', 'Cheyenne');
INSERT INTO `contactus` (`contactus_id`, `last_name`, `created_at`, `description`, `email`, `first_name`) VALUES (33, 'Mohr', '2017-10-10 00:00:00.000000', 'Consequatur eligendi provident similique iusto dolor et iure sunt. Ea dolorem illum rerum et. Architecto praesentium neque nobis vero recusandae voluptatem inventore.', 'areichel@example.com', 'Orval');
INSERT INTO `contactus` (`contactus_id`, `last_name`, `created_at`, `description`, `email`, `first_name`) VALUES (34, 'Hyatt', '1995-09-05 00:00:00.000000', 'Voluptas perferendis ipsum quis. Voluptatibus aut aut et delectus odit qui. Sunt quis vel eius id consequuntur adipisci. Quos quos esse id dolore dolores ad aliquid.', 'chanelle.corkery@example.com', 'Albina');
INSERT INTO `contactus` (`contactus_id`, `last_name`, `created_at`, `description`, `email`, `first_name`) VALUES (35, 'Blick', '2006-10-20 00:00:00.000000', 'Reiciendis ipsa voluptas repellat earum minus qui ut. Maxime voluptate officia facilis nostrum molestias mollitia velit quisquam. Nostrum explicabo blanditiis dolorum sequi unde tenetur. Et dolor reprehenderit qui labore sed.', 'sharon36@example.com', 'Will');
INSERT INTO `contactus` (`contactus_id`, `last_name`, `created_at`, `description`, `email`, `first_name`) VALUES (36, 'Watsica', '2009-07-04 00:00:00.000000', 'Deserunt quia recusandae harum ab quo nihil voluptatem. Nihil maiores commodi quo tenetur voluptatibus tempora. Saepe consectetur corrupti nam qui in a nulla. Aliquid qui magnam quis aut quod.', 'aniyah89@example.net', 'Shirley');
INSERT INTO `contactus` (`contactus_id`, `last_name`, `created_at`, `description`, `email`, `first_name`) VALUES (37, 'Sporer', '1990-01-15 00:00:00.000000', 'Voluptas suscipit asperiores aut blanditiis qui sit. Praesentium nihil natus voluptatum qui earum. Facilis voluptatem id at vel perferendis eos. Sed porro sit dolorem velit omnis modi.', 'mrosenbaum@example.net', 'Deontae');
INSERT INTO `contactus` (`contactus_id`, `last_name`, `created_at`, `description`, `email`, `first_name`) VALUES (38, 'Champlin', '1984-03-03 00:00:00.000000', 'Occaecati voluptas ad dolore. Iste porro fugit quod ab hic qui. Eos maiores cumque reiciendis aut voluptatem tempora vel accusantium. Neque incidunt explicabo omnis facilis nesciunt.', 'herman81@example.net', 'Rick');
INSERT INTO `contactus` (`contactus_id`, `last_name`, `created_at`, `description`, `email`, `first_name`) VALUES (39, 'Pollich', '1987-04-07 00:00:00.000000', 'Assumenda nihil eveniet incidunt. Dolor a quae error earum ab maxime nesciunt. Ullam voluptatem laboriosam perspiciatis placeat quo iure omnis voluptatem.', 'kuphal.genoveva@example.org', 'Halle');
INSERT INTO `contactus` (`contactus_id`, `last_name`, `created_at`, `description`, `email`, `first_name`) VALUES (40, 'Ledner', '2003-12-11 00:00:00.000000', 'Dolores cupiditate magnam porro eius consequatur quo. Commodi asperiores atque error illum ut.', 'lyost@example.org', 'Durward');
INSERT INTO `contactus` (`contactus_id`, `last_name`, `created_at`, `description`, `email`, `first_name`) VALUES (41, 'Heller', '1982-03-21 00:00:00.000000', 'Omnis autem officia voluptatum. Qui laudantium et nemo labore doloribus non beatae. Sint ut laboriosam qui quia esse. Nostrum et harum corporis cupiditate.', 'mante.elvie@example.net', 'Kaleigh');
INSERT INTO `contactus` (`contactus_id`, `last_name`, `created_at`, `description`, `email`, `first_name`) VALUES (42, 'Luettgen', '1981-05-08 00:00:00.000000', 'Doloremque distinctio aspernatur deleniti aperiam hic ea tempore. Impedit accusantium sunt laborum est excepturi id eos. Quibusdam labore et quia voluptatem molestiae vitae atque.', 'murphy.madisen@example.com', 'Waylon');
INSERT INTO `contactus` (`contactus_id`, `last_name`, `created_at`, `description`, `email`, `first_name`) VALUES (43, 'Pouros', '1982-10-30 00:00:00.000000', 'Dolor nisi aspernatur molestias modi. Sit facilis doloremque in voluptas dolores. Quia tempore laborum vero similique in labore ex.', 'calista98@example.com', 'Gay');
INSERT INTO `contactus` (`contactus_id`, `last_name`, `created_at`, `description`, `email`, `first_name`) VALUES (44, 'Cole', '2001-04-12 00:00:00.000000', 'Deleniti autem atque dignissimos ut sint. Sunt dolor voluptas voluptatum eligendi. Illum esse ipsum qui officiis.', 'connelly.juana@example.org', 'Osvaldo');
INSERT INTO `contactus` (`contactus_id`, `last_name`, `created_at`, `description`, `email`, `first_name`) VALUES (45, 'Hammes', '2006-08-05 00:00:00.000000', 'Necessitatibus quo ut pariatur provident maiores. Voluptate voluptatem ea quam repudiandae officiis ipsa odio. Similique nihil quidem ut asperiores nesciunt praesentium aut. Est id quasi quos magni.', 'pgibson@example.org', 'Sage');
INSERT INTO `contactus` (`contactus_id`, `last_name`, `created_at`, `description`, `email`, `first_name`) VALUES (46, 'Pollich', '2017-08-11 00:00:00.000000', 'Doloribus eaque praesentium iure quis ut voluptas consectetur quam. Est laboriosam sapiente quidem sit. Ullam inventore et cupiditate error facere. Sit nemo voluptatem iusto quos.', 'fchamplin@example.com', 'Genoveva');
INSERT INTO `contactus` (`contactus_id`, `last_name`, `created_at`, `description`, `email`, `first_name`) VALUES (47, 'Emard', '2019-01-23 00:00:00.000000', 'Doloribus et aut molestiae sit recusandae est vel. Ut blanditiis cumque est saepe cum. Occaecati qui temporibus aut nihil eos qui. Quia et quia laudantium non. Omnis quisquam illum laborum placeat non perferendis.', 'grippin@example.com', 'Tiara');
INSERT INTO `contactus` (`contactus_id`, `last_name`, `created_at`, `description`, `email`, `first_name`) VALUES (48, 'Lind', '1973-07-16 00:00:00.000000', 'Natus sint asperiores ut sed quos. Nostrum neque modi ex animi consequuntur esse. Qui qui vel quo numquam occaecati molestiae modi.', 'jonathon.king@example.org', 'Daniella');
INSERT INTO `contactus` (`contactus_id`, `last_name`, `created_at`, `description`, `email`, `first_name`) VALUES (49, 'Rempel', '2002-10-26 00:00:00.000000', 'A non eos modi quia repellendus soluta nemo numquam. Velit adipisci enim et sit voluptas. Doloribus eum magni laudantium error ad omnis. Debitis provident commodi debitis sunt sed provident.', 'blarkin@example.com', 'Claud');
INSERT INTO `contactus` (`contactus_id`, `last_name`, `created_at`, `description`, `email`, `first_name`) VALUES (50, 'Mante', '1976-10-26 00:00:00.000000', 'Ad quis accusantium voluptas optio nulla. Sint fuga doloremque autem ut. Et et voluptas reiciendis qui et.', 'andreane86@example.net', 'Camden');
INSERT INTO `contactus` (`contactus_id`, `last_name`, `created_at`, `description`, `email`, `first_name`) VALUES (51, 'Ondricka', '2012-04-21 00:00:00.000000', 'Omnis aut quo cum similique nisi sapiente. Quo consectetur ratione provident. Nam suscipit est beatae quibusdam minima.', 'elena71@example.com', 'Abigayle');
INSERT INTO `contactus` (`contactus_id`, `last_name`, `created_at`, `description`, `email`, `first_name`) VALUES (52, 'Smith', '2006-10-01 00:00:00.000000', 'Ut ut quam error accusamus eos eum quos. Ab quae dolorem aut ipsam quisquam ut. Atque modi sint corrupti consequuntur. Repellat qui nostrum nisi aut quod quidem.', 'rkoss@example.net', 'Andreane');
INSERT INTO `contactus` (`contactus_id`, `last_name`, `created_at`, `description`, `email`, `first_name`) VALUES (53, 'Collier', '2011-07-20 00:00:00.000000', 'Rem nisi asperiores pariatur sapiente vel ab. Nisi culpa nihil qui sunt quidem. Ratione accusantium ex id ea aut molestias.', 'hand.athena@example.net', 'Leopoldo');
INSERT INTO `contactus` (`contactus_id`, `last_name`, `created_at`, `description`, `email`, `first_name`) VALUES (54, 'Bogisich', '1993-03-12 00:00:00.000000', 'Quia quibusdam quas nisi similique dolorem. Incidunt est accusamus quo accusamus qui ducimus. Sed ipsam occaecati ab quis. Magni et beatae est fugiat magnam. Autem sit dolores nihil repellat.', 'theresa.aufderhar@example.org', 'Nathanial');
INSERT INTO `contactus` (`contactus_id`, `last_name`, `created_at`, `description`, `email`, `first_name`) VALUES (55, 'Cummerata', '1974-11-15 00:00:00.000000', 'Qui tempore dolor alias. Fuga cumque autem eaque nobis.', 'eladio65@example.net', 'Laurel');
INSERT INTO `contactus` (`contactus_id`, `last_name`, `created_at`, `description`, `email`, `first_name`) VALUES (56, 'Ankunding', '1978-10-24 00:00:00.000000', 'Natus quod et adipisci sit laboriosam quis consequatur. Beatae saepe et reiciendis iure fugit voluptatibus ut. Voluptatem et tempore dolor optio provident provident qui. Ea nostrum at fugiat corrupti optio accusamus laborum sapiente.', 'devin42@example.net', 'Jacklyn');
INSERT INTO `contactus` (`contactus_id`, `last_name`, `created_at`, `description`, `email`, `first_name`) VALUES (57, 'Wyman', '2001-03-28 00:00:00.000000', 'Perferendis sequi ut dolorum eos omnis eum. Architecto nihil aut suscipit harum.', 'lkulas@example.com', 'Liza');
INSERT INTO `contactus` (`contactus_id`, `last_name`, `created_at`, `description`, `email`, `first_name`) VALUES (58, 'Macejkovic', '1978-06-27 00:00:00.000000', 'Voluptatum nam iure et dignissimos enim. Necessitatibus quasi ut sit numquam ad voluptatem nulla. Odio nulla molestiae quia et. Quam vitae dicta officiis dolore eos.', 'ashton.lueilwitz@example.org', 'Trisha');
INSERT INTO `contactus` (`contactus_id`, `last_name`, `created_at`, `description`, `email`, `first_name`) VALUES (59, 'Larkin', '2011-12-11 00:00:00.000000', 'Sit repudiandae recusandae dolore ab. Rerum animi et nihil ut error ad. Blanditiis sunt dolor placeat consequatur nesciunt ipsa et.', 'emmett.bruen@example.com', 'Marty');
INSERT INTO `contactus` (`contactus_id`, `last_name`, `created_at`, `description`, `email`, `first_name`) VALUES (60, 'Schuppe', '2018-01-29 00:00:00.000000', 'Placeat odit iste omnis officia sed sunt. Quaerat veritatis modi quo temporibus. Sed consectetur dolore facere commodi. Ducimus sit eum qui doloribus officia inventore vel. Neque enim rerum nostrum ut.', 'hstroman@example.org', 'Kyra');
INSERT INTO `contactus` (`contactus_id`, `last_name`, `created_at`, `description`, `email`, `first_name`) VALUES (61, 'Will', '2019-12-04 00:00:00.000000', 'Velit dolores et numquam delectus. Quis asperiores ipsam rerum excepturi. Est quod consequuntur nihil voluptatem. Earum accusantium ut iusto et veniam tempore est.', 'macejkovic.anya@example.org', 'Shyann');
INSERT INTO `contactus` (`contactus_id`, `last_name`, `created_at`, `description`, `email`, `first_name`) VALUES (62, 'Kohler', '2021-04-11 00:00:00.000000', 'Eveniet magni ut qui ut ea id aliquid. Quaerat soluta quia tempora. Ex aut perferendis similique nihil corporis delectus nostrum. Eligendi nisi blanditiis eaque blanditiis nisi consequatur.', 'jennie81@example.org', 'Lee');
INSERT INTO `contactus` (`contactus_id`, `last_name`, `created_at`, `description`, `email`, `first_name`) VALUES (63, 'Sauer', '1985-10-22 00:00:00.000000', 'Eligendi eum deleniti pariatur similique rem excepturi ut. Aliquam laudantium rerum eveniet minus et. Itaque voluptas placeat accusamus beatae quae dolorem qui.', 'gprohaska@example.org', 'Alva');
INSERT INTO `contactus` (`contactus_id`, `last_name`, `created_at`, `description`, `email`, `first_name`) VALUES (64, 'Wolf', '1983-11-05 00:00:00.000000', 'Quibusdam dolorem alias illo blanditiis nostrum voluptas velit. Voluptatem aut blanditiis explicabo qui ut. Suscipit ullam ipsum maxime est. Autem cum saepe quos.', 'maggio.jovanny@example.net', 'Milton');
INSERT INTO `contactus` (`contactus_id`, `last_name`, `created_at`, `description`, `email`, `first_name`) VALUES (65, 'Hamill', '1975-12-27 00:00:00.000000', 'Quae illo aut et dolor quibusdam sit. Sit soluta natus quidem magnam dolorem optio ipsa. Nisi nobis aut aliquam optio aut nam. Similique quaerat sed aut quisquam nesciunt.', 'mo\'hara@example.org', 'Karlee');
INSERT INTO `contactus` (`contactus_id`, `last_name`, `created_at`, `description`, `email`, `first_name`) VALUES (66, 'Howe', '2011-07-13 00:00:00.000000', 'Aut eos omnis itaque ut tenetur qui. Corporis id perspiciatis molestias et tempore totam. Voluptatem voluptatibus veniam nulla id est officia laborum quos. Eum et est natus excepturi est enim.', 'kian63@example.net', 'Dorian');
INSERT INTO `contactus` (`contactus_id`, `last_name`, `created_at`, `description`, `email`, `first_name`) VALUES (67, 'Cummings', '1995-06-03 00:00:00.000000', 'Provident voluptatem aut facilis laboriosam velit voluptates in. Ut in vel consequuntur reprehenderit et non. Autem deserunt sit quod fuga consequatur rerum. Beatae sit quidem fugit voluptas consectetur nostrum. Est alias cum quia dolorum maxime rerum.', 'akreiger@example.com', 'Guadalupe');
INSERT INTO `contactus` (`contactus_id`, `last_name`, `created_at`, `description`, `email`, `first_name`) VALUES (68, 'Cummings', '1980-08-09 00:00:00.000000', 'Eius molestias quae temporibus amet sed. Eius dicta neque hic accusantium. Voluptatem reprehenderit at quis totam voluptas. Et recusandae iste consequatur fuga expedita nulla mollitia.', 'darian.klocko@example.net', 'Jarret');
INSERT INTO `contactus` (`contactus_id`, `last_name`, `created_at`, `description`, `email`, `first_name`) VALUES (69, 'Rogahn', '1980-06-24 00:00:00.000000', 'Officiis voluptas optio nisi ut cum vero. Eos atque in quisquam deleniti. Sapiente dicta repellendus omnis consequatur.', 'schuster.camden@example.net', 'Danielle');
INSERT INTO `contactus` (`contactus_id`, `last_name`, `created_at`, `description`, `email`, `first_name`) VALUES (70, 'Haag', '2013-08-23 00:00:00.000000', 'Alias excepturi placeat fugiat nemo. Sunt pariatur blanditiis aut et culpa. Possimus sit maxime quidem. Molestiae recusandae ut beatae eveniet omnis beatae dolorum nostrum.', 'laurel18@example.net', 'Justyn');
INSERT INTO `contactus` (`contactus_id`, `last_name`, `created_at`, `description`, `email`, `first_name`) VALUES (71, 'Collier', '2020-01-27 00:00:00.000000', 'Alias temporibus vel inventore. Quo sapiente sint necessitatibus vel aliquam omnis. Quam dolores facilis eum odit necessitatibus fugiat dolores. Illo accusantium deserunt deleniti earum omnis.', 'abby.cronin@example.org', 'Justen');
INSERT INTO `contactus` (`contactus_id`, `last_name`, `created_at`, `description`, `email`, `first_name`) VALUES (72, 'Stokes', '1993-11-11 00:00:00.000000', 'Hic et sit excepturi veniam qui impedit excepturi. Et eos accusantium quia ab inventore. Ex ullam ex totam atque necessitatibus consequatur. Nobis quia perspiciatis doloribus delectus itaque voluptas.', 'amber59@example.org', 'Pietro');
INSERT INTO `contactus` (`contactus_id`, `last_name`, `created_at`, `description`, `email`, `first_name`) VALUES (73, 'Bahringer', '2014-12-31 00:00:00.000000', 'Assumenda molestias facere nemo aut est laborum. Dolore quia est a neque. Cum id sed eos molestiae corporis.', 'lance.hettinger@example.com', 'Layla');
INSERT INTO `contactus` (`contactus_id`, `last_name`, `created_at`, `description`, `email`, `first_name`) VALUES (74, 'Skiles', '1985-04-22 00:00:00.000000', 'Est recusandae vitae magni totam quia ducimus. Ullam voluptas quisquam rerum. Asperiores aliquid facere ad quia id.', 'sabrina.legros@example.org', 'Adonis');
INSERT INTO `contactus` (`contactus_id`, `last_name`, `created_at`, `description`, `email`, `first_name`) VALUES (75, 'Carroll', '2015-08-20 00:00:00.000000', 'Est blanditiis et aliquam incidunt illum. Blanditiis tempora sed ea. Recusandae est sed vel quis quia. Perferendis consectetur eaque harum magnam.', 'makenzie.buckridge@example.com', 'Anna');
INSERT INTO `contactus` (`contactus_id`, `last_name`, `created_at`, `description`, `email`, `first_name`) VALUES (76, 'Yost', '1978-12-25 00:00:00.000000', 'Debitis aut porro est libero totam ipsam. Aliquid consequatur corporis tempore enim vel quo nemo. Vero itaque quia ut.', 'delpha66@example.com', 'Lyla');
INSERT INTO `contactus` (`contactus_id`, `last_name`, `created_at`, `description`, `email`, `first_name`) VALUES (77, 'Nolan', '1991-01-05 00:00:00.000000', 'Voluptate repellat quas perspiciatis. Molestiae id sit odit deleniti. Ullam fuga molestiae aut rerum. Et sint doloremque accusantium dolor pariatur et sint.', 'xkautzer@example.org', 'Mikel');
INSERT INTO `contactus` (`contactus_id`, `last_name`, `created_at`, `description`, `email`, `first_name`) VALUES (78, 'Bogisich', '2009-01-15 00:00:00.000000', 'In sunt doloremque voluptas. Voluptatem odio qui cupiditate voluptas officia nesciunt aliquam esse. Alias animi delectus non aut ut deleniti repellat odit.', 'jasmin10@example.org', 'Suzanne');
INSERT INTO `contactus` (`contactus_id`, `last_name`, `created_at`, `description`, `email`, `first_name`) VALUES (79, 'Kovacek', '2022-12-08 00:00:00.000000', 'Natus sit eos tenetur nihil reprehenderit quia voluptatem rerum. Ratione quod dignissimos nihil quis placeat ut animi voluptas.', 'juliet25@example.org', 'Carissa');
INSERT INTO `contactus` (`contactus_id`, `last_name`, `created_at`, `description`, `email`, `first_name`) VALUES (80, 'Quitzon', '2010-11-27 00:00:00.000000', 'Rerum ea quod blanditiis odio illo deleniti. Sint fugiat quia dicta omnis ea sint architecto. Quasi ut deserunt molestiae est rerum sunt sed qui.', 'richard.mclaughlin@example.net', 'Jacky');
INSERT INTO `contactus` (`contactus_id`, `last_name`, `created_at`, `description`, `email`, `first_name`) VALUES (81, 'Vandervort', '2013-05-30 00:00:00.000000', 'Non enim ex sint. Natus qui quasi at itaque. Consectetur maxime fuga autem illum voluptatem voluptate. Laudantium quam et dolores dolor dignissimos totam deserunt.', 'boyle.floy@example.net', 'Janis');
INSERT INTO `contactus` (`contactus_id`, `last_name`, `created_at`, `description`, `email`, `first_name`) VALUES (82, 'Blanda', '1979-08-22 00:00:00.000000', 'Ea et tenetur maiores. Facere autem pariatur enim et officia. Praesentium repudiandae inventore est vitae incidunt totam. Mollitia labore laboriosam doloribus in iusto quia.', 'keeling.duncan@example.org', 'Nella');
INSERT INTO `contactus` (`contactus_id`, `last_name`, `created_at`, `description`, `email`, `first_name`) VALUES (83, 'Leannon', '1980-06-15 00:00:00.000000', 'Quaerat alias repellendus et neque hic quo. Vel ab delectus occaecati vel et. Consequatur amet earum officiis velit expedita nam animi. Aut consequuntur quas et cupiditate quod et provident hic.', 'wehner.oleta@example.net', 'Jared');
INSERT INTO `contactus` (`contactus_id`, `last_name`, `created_at`, `description`, `email`, `first_name`) VALUES (84, 'Krajcik', '2011-05-25 00:00:00.000000', 'Omnis saepe vel ex rerum quia eos velit sint. Aspernatur vitae consequatur quia. Et dolorum ipsum corrupti distinctio ut in. Dolor inventore recusandae illum consequatur officiis ullam odio omnis.', 'trycia88@example.net', 'Jarred');
INSERT INTO `contactus` (`contactus_id`, `last_name`, `created_at`, `description`, `email`, `first_name`) VALUES (85, 'Waelchi', '2007-04-19 00:00:00.000000', 'Odit voluptas repudiandae occaecati temporibus quo qui quam. Quas non aut enim. Odit possimus rerum perspiciatis sunt est unde voluptatibus. Est dicta at suscipit totam quas. Fuga voluptatem corporis eaque animi ipsum.', 'stuart74@example.com', 'Teresa');
INSERT INTO `contactus` (`contactus_id`, `last_name`, `created_at`, `description`, `email`, `first_name`) VALUES (86, 'Bosco', '1988-05-13 00:00:00.000000', 'Qui voluptatem autem eum rerum cum. Voluptas illum corporis provident saepe ut tempore perferendis. Fugiat dignissimos deleniti aspernatur architecto. Rem fuga voluptatem ut fuga magni.', 'concepcion.mayert@example.org', 'Tyrese');
INSERT INTO `contactus` (`contactus_id`, `last_name`, `created_at`, `description`, `email`, `first_name`) VALUES (87, 'Skiles', '2008-01-28 00:00:00.000000', 'Officia vel repellat doloremque dolor vel iusto. Dolores temporibus inventore aut quod. Est facere ratione voluptatem. Error nostrum voluptatem omnis officia aut non voluptatem.', 'betty44@example.net', 'Guiseppe');
INSERT INTO `contactus` (`contactus_id`, `last_name`, `created_at`, `description`, `email`, `first_name`) VALUES (88, 'Koelpin', '1977-02-14 00:00:00.000000', 'Non est aliquam nesciunt ratione qui fuga animi optio. Accusamus eos natus excepturi quia sed velit.', 'nasir.mertz@example.com', 'Dock');
INSERT INTO `contactus` (`contactus_id`, `last_name`, `created_at`, `description`, `email`, `first_name`) VALUES (89, 'Kohler', '1988-03-08 00:00:00.000000', 'Dicta at maiores non vel provident quaerat architecto. Occaecati neque autem reiciendis hic aut odio placeat id. Est occaecati voluptatem consequatur reiciendis velit sunt sit. Tempore pariatur dicta a perspiciatis quasi adipisci.', 'volkman.nickolas@example.net', 'Brant');
INSERT INTO `contactus` (`contactus_id`, `last_name`, `created_at`, `description`, `email`, `first_name`) VALUES (90, 'Daugherty', '1976-02-16 00:00:00.000000', 'Dolor assumenda et est dolorem dolorem numquam sit aut. Ea aperiam fugiat sunt veritatis autem. Enim et eum debitis. Vero dolorum enim saepe voluptate quaerat voluptatem quam. Cupiditate mollitia sit molestiae nihil.', 'dkuhn@example.net', 'Lew');
INSERT INTO `contactus` (`contactus_id`, `last_name`, `created_at`, `description`, `email`, `first_name`) VALUES (91, 'Bahringer', '2000-09-28 00:00:00.000000', 'Aperiam quas nostrum et saepe est quam eveniet. Ipsum dicta sed consequatur et. Quia quidem commodi in et.', 'annette.schmitt@example.com', 'Kris');
INSERT INTO `contactus` (`contactus_id`, `last_name`, `created_at`, `description`, `email`, `first_name`) VALUES (92, 'Trantow', '2002-03-09 00:00:00.000000', 'Quasi qui eveniet esse ut ex id omnis. Libero distinctio nam numquam et nemo. Id officia pariatur omnis cum nihil.', 'angelita58@example.net', 'Destinee');
INSERT INTO `contactus` (`contactus_id`, `last_name`, `created_at`, `description`, `email`, `first_name`) VALUES (93, 'Greenfelder', '1978-08-13 00:00:00.000000', 'Sapiente officiis omnis et odio saepe ut omnis. Quod illo dolorum provident porro vel. Delectus numquam tenetur saepe eum ut. Quis necessitatibus vel eligendi.', 'tlegros@example.com', 'Filomena');
INSERT INTO `contactus` (`contactus_id`, `last_name`, `created_at`, `description`, `email`, `first_name`) VALUES (94, 'Koelpin', '2021-12-24 00:00:00.000000', 'Asperiores distinctio nihil maiores nihil nisi illo dolorem. Commodi pariatur non ut quis ut. Sequi commodi debitis cupiditate similique ipsa. Et et esse dolores dolore quia.', 'edward.medhurst@example.net', 'Einar');
INSERT INTO `contactus` (`contactus_id`, `last_name`, `created_at`, `description`, `email`, `first_name`) VALUES (95, 'Stamm', '1993-12-23 00:00:00.000000', 'Accusantium nesciunt consequuntur sequi autem consequuntur ex. Tempora excepturi consectetur excepturi. Possimus vel deleniti asperiores illum voluptatem aliquam debitis. Quam dolorem voluptate ea at voluptas porro quo. Non eos est perferendis omnis.', 'eugene.terry@example.net', 'Kiara');
INSERT INTO `contactus` (`contactus_id`, `last_name`, `created_at`, `description`, `email`, `first_name`) VALUES (96, 'Murazik', '1999-11-08 00:00:00.000000', 'Nemo autem id dolor. Magnam ut qui veniam ut quo aperiam perferendis. Cumque doloremque tempore ipsam minima sapiente enim delectus.', 'constance.rempel@example.com', 'Rick');
INSERT INTO `contactus` (`contactus_id`, `last_name`, `created_at`, `description`, `email`, `first_name`) VALUES (97, 'Pfeffer', '2007-04-16 00:00:00.000000', 'Ipsum commodi sint quisquam rerum. Repudiandae et consequatur voluptas exercitationem fugiat optio omnis. Earum quo doloremque suscipit sunt. Quod officiis molestias modi doloremque tempora officia rerum.', 'kub.issac@example.net', 'Declan');
INSERT INTO `contactus` (`contactus_id`, `last_name`, `created_at`, `description`, `email`, `first_name`) VALUES (98, 'Ebert', '2021-10-01 00:00:00.000000', 'Aut dolorum nobis a est quis quis vel. Optio odio illo eos voluptatem qui dolore. Voluptatem aut asperiores et molestiae ut libero et. Quo ut explicabo est inventore.', 'hanna71@example.net', 'Armand');
INSERT INTO `contactus` (`contactus_id`, `last_name`, `created_at`, `description`, `email`, `first_name`) VALUES (99, 'Romaguera', '2001-11-12 00:00:00.000000', 'Excepturi dolor repudiandae eos culpa est et alias accusamus. Omnis asperiores ut magni. Qui consectetur sit ut fugit. Labore error aut est omnis.', 'mathew16@example.net', 'Laila');
INSERT INTO `contactus` (`contactus_id`, `last_name`, `created_at`, `description`, `email`, `first_name`) VALUES (100, 'Christiansen', '1999-12-20 00:00:00.000000', 'Sit vel velit architecto ut ut. At non nobis quo animi culpa et. Commodi in enim ullam. Eaque hic quibusdam in illo sit.', 'alueilwitz@example.org', 'Brooklyn');


INSERT INTO `expences_calculator` (`expencescalculator_id`, `created_at`, `deleted_at`, `description`, `name`, `periority`, `price`, `total_cost`, `type`, `updated_at`, `touristyplaces_id`) VALUES (1, '2009-03-20 00:00:00.000000', NULL, 'Sit recusandae sit molestiae illo dolores provident sit. Accusamus est praesentium doloribus quasi molestias delectus. Quos consequatur dolorem ipsum rerum.', 'Rashad Miller', 7, '78306507.670596', '3491.975', 'Nesciunt in autem velit rerum dolor. Dolores deserunt sint repudiandae saepe architecto non quisquam. Est earum nihil fugiat dolor aliquam.', NULL, 1);
INSERT INTO `expences_calculator` (`expencescalculator_id`, `created_at`, `deleted_at`, `description`, `name`, `periority`, `price`, `total_cost`, `type`, `updated_at`, `touristyplaces_id`) VALUES (2, '1983-12-12 00:00:00.000000', NULL, 'Ea quod atque quidem voluptatem qui. Impedit adipisci inventore in officiis commodi vel ut aut. Laboriosam temporibus nulla aliquid et eligendi esse libero. Explicabo error dolores velit saepe quia quidem magni.', 'Dr. Liliana Marvin', 4, '62.46', '4600017.7346', 'Quia et itaque accusamus enim blanditiis rerum. Sint facere consectetur ex culpa odio. Distinctio quaerat tempora qui sequi aliquam totam autem ipsam.', NULL, 2);
INSERT INTO `expences_calculator` (`expencescalculator_id`, `created_at`, `deleted_at`, `description`, `name`, `periority`, `price`, `total_cost`, `type`, `updated_at`, `touristyplaces_id`) VALUES (3, '2007-12-25 00:00:00.000000', NULL, 'Omnis delectus eum odio sint quam praesentium et. Qui aspernatur molestiae asperiores doloribus aut. Beatae ut consequuntur quis ipsum. Sint et ullam culpa aut.', 'Ezekiel Berge Jr.', 7, '325.82567029', '13633384.275058', 'Dolorem recusandae voluptatem optio est et sed labore. A et ullam culpa necessitatibus.', NULL, 3);
INSERT INTO `expences_calculator` (`expencescalculator_id`, `created_at`, `deleted_at`, `description`, `name`, `periority`, `price`, `total_cost`, `type`, `updated_at`, `touristyplaces_id`) VALUES (4, '1978-07-19 00:00:00.000000', NULL, 'Libero rerum expedita qui officia nulla consequatur. Pariatur similique quo eligendi quae est nihil. Rerum eligendi in non illum ab consequatur.', 'Wellington Fritsch', 0, '806.413537', '1612', 'Iure perspiciatis modi qui unde iste. Quidem beatae quibusdam nihil recusandae error voluptatem saepe. Rerum quae aut ipsa ut odit. Odio voluptate facere quia est blanditiis beatae nobis.', NULL, 4);
INSERT INTO `expences_calculator` (`expencescalculator_id`, `created_at`, `deleted_at`, `description`, `name`, `periority`, `price`, `total_cost`, `type`, `updated_at`, `touristyplaces_id`) VALUES (5, '2020-08-02 00:00:00.000000', NULL, 'Perferendis tenetur odit consequatur tempora nam. Voluptates quos suscipit sint optio voluptate aut ut. Exercitationem recusandae aspernatur amet blanditiis qui ea quis illo. Rerum temporibus aut et est reprehenderit veniam molestiae odit.', 'Eldred Schmeler PhD', 4, '0', '4269.1514', 'Nisi omnis autem neque officia omnis eos. Sequi modi ducimus aut alias natus. Pariatur odit laudantium nam ullam iure omnis deserunt.', NULL, 5);
INSERT INTO `expences_calculator` (`expencescalculator_id`, `created_at`, `deleted_at`, `description`, `name`, `periority`, `price`, `total_cost`, `type`, `updated_at`, `touristyplaces_id`) VALUES (6, '1976-08-04 00:00:00.000000', NULL, 'Facilis ipsum voluptas quae quas quo accusamus nisi. Ducimus veniam quia iste accusantium aspernatur voluptatum. Ipsum rerum veniam nihil iure et aut cumque quam. Excepturi repellendus incidunt eius consectetur.', 'Giovani Koss', 2, '0', '32275.18535', 'Dolores expedita quia occaecati quae est nihil. Maiores et est itaque at. Nisi eos officiis id molestiae voluptas.', NULL, 6);
INSERT INTO `expences_calculator` (`expencescalculator_id`, `created_at`, `deleted_at`, `description`, `name`, `periority`, `price`, `total_cost`, `type`, `updated_at`, `touristyplaces_id`) VALUES (7, '1986-12-14 00:00:00.000000', NULL, 'Voluptatem minus quos dolorem quo maxime reiciendis autem. Eum consectetur similique asperiores similique voluptatem. Et itaque ea enim vel velit esse voluptas.', 'Ms. Vickie Smith', 6, '2.83753636', '11632.58307', 'Aliquid ut quis iusto maiores unde beatae voluptatem. Quis eum accusantium odio laboriosam. Adipisci eligendi ut et minus veritatis. Eos quidem molestiae sit fugiat ut aut.', NULL, 7);
INSERT INTO `expences_calculator` (`expencescalculator_id`, `created_at`, `deleted_at`, `description`, `name`, `periority`, `price`, `total_cost`, `type`, `updated_at`, `touristyplaces_id`) VALUES (8, '1988-09-30 00:00:00.000000', NULL, 'Vel eum ut rem nihil quis itaque perferendis temporibus. Sit dolores et aut quod accusantium illo consequuntur. Consectetur rerum fuga consequuntur in et consequatur.', 'Ava Gerhold', 4, '0.77169', '250.45483', 'Aut minus earum omnis ut voluptatem ullam deserunt tempora. Consequuntur fugit fugit architecto. Commodi eos doloremque dignissimos aut eos blanditiis.', NULL, 8);
INSERT INTO `expences_calculator` (`expencescalculator_id`, `created_at`, `deleted_at`, `description`, `name`, `periority`, `price`, `total_cost`, `type`, `updated_at`, `touristyplaces_id`) VALUES (9, '1992-04-17 00:00:00.000000', NULL, 'Et velit totam occaecati sint aut aut. Dolor ex quia dolore consequatur dolorem corporis sunt. Est eligendi id architecto ducimus.', 'Meghan Cassin', 1, '7.96786887', '210.767081575', 'Cupiditate et omnis repudiandae dolor aspernatur ex. Quis nihil quibusdam cumque cum sed consequatur. Nam sed dignissimos vel modi ullam.', NULL, 9);
INSERT INTO `expences_calculator` (`expencescalculator_id`, `created_at`, `deleted_at`, `description`, `name`, `periority`, `price`, `total_cost`, `type`, `updated_at`, `touristyplaces_id`) VALUES (10, '1975-07-14 00:00:00.000000', NULL, 'Voluptatem totam vero iste. Voluptatibus harum consequatur mollitia. Eum neque consequatur voluptatum illo.', 'Blanche Erdman', 9, '34.302', '26.247', 'Pariatur omnis nihil porro ex iure expedita non. Facilis delectus sint quia beatae ab iure. Eos quas impedit voluptatem expedita. Voluptatem in vero enim consequatur ducimus ducimus.', NULL, 10);
INSERT INTO `expences_calculator` (`expencescalculator_id`, `created_at`, `deleted_at`, `description`, `name`, `periority`, `price`, `total_cost`, `type`, `updated_at`, `touristyplaces_id`) VALUES (11, '1997-09-29 00:00:00.000000', NULL, 'Ut sit minima mollitia ut quo vero. Eos pariatur ab nesciunt dolore velit. Iusto sequi voluptatum eius et molestias vitae.', 'Ashton Ritchie', 1, '3141.68', '1.607096', 'Repellendus quia et fugiat qui cumque quia in. Deleniti excepturi error optio vel dolore ad atque. Quo molestiae quam similique deleniti vel qui culpa aut.', NULL, 11);
INSERT INTO `expences_calculator` (`expencescalculator_id`, `created_at`, `deleted_at`, `description`, `name`, `periority`, `price`, `total_cost`, `type`, `updated_at`, `touristyplaces_id`) VALUES (12, '1984-01-04 00:00:00.000000', NULL, 'Blanditiis aut et sed omnis qui sequi ullam quia. Earum quam exercitationem minus in similique sint.', 'Ms. Molly Eichmann', 3, '1801.0464', '43.14234223', 'Deserunt voluptatem eveniet sunt omnis. Autem ipsa non similique maxime. Velit sint quia ipsum autem. Doloremque eius culpa perferendis animi consequatur. Ut corrupti quibusdam consequatur veritatis.', NULL, 12);
INSERT INTO `expences_calculator` (`expencescalculator_id`, `created_at`, `deleted_at`, `description`, `name`, `periority`, `price`, `total_cost`, `type`, `updated_at`, `touristyplaces_id`) VALUES (13, '1995-08-09 00:00:00.000000', NULL, 'Sed vero consequatur quis sed. Omnis aut alias et sunt ea qui quo. Est fuga qui tempora ut ipsa.', 'Sigurd Zieme', 7, '228356.46', '176.0515613', 'Dicta doloremque sunt recusandae debitis quo dolor quas. Enim dolor voluptate accusamus delectus quo. Iste vitae placeat tenetur blanditiis quo. Veritatis totam rerum in consequatur. Est qui et at.', NULL, 13);
INSERT INTO `expences_calculator` (`expencescalculator_id`, `created_at`, `deleted_at`, `description`, `name`, `periority`, `price`, `total_cost`, `type`, `updated_at`, `touristyplaces_id`) VALUES (14, '1971-05-04 00:00:00.000000', NULL, 'Nostrum libero consequatur laudantium explicabo quia ut blanditiis ut. Corrupti animi vitae qui excepturi. Reiciendis quam ut dicta tempore numquam consequatur.', 'Ms. Hertha Wisozk MD', 9, '44797641.963257', '57302.165925', 'Non asperiores nihil nesciunt error neque. Esse reiciendis sunt sunt repellendus sed qui. Est praesentium aperiam modi est.', NULL, 14);
INSERT INTO `expences_calculator` (`expencescalculator_id`, `created_at`, `deleted_at`, `description`, `name`, `periority`, `price`, `total_cost`, `type`, `updated_at`, `touristyplaces_id`) VALUES (15, '1998-07-12 00:00:00.000000', NULL, 'Velit expedita eos eligendi in cumque ex nisi molestiae. Nihil a vitae nemo quaerat. Non sit occaecati voluptatem quia dolorem at cupiditate.', 'Taya Pfannerstill', 7, '4980582.9312432', '285284.75146591', 'Tempore sint aliquid porro ea. Earum pariatur earum aut error explicabo et. Dolorum officiis porro nemo labore vero.', NULL, 15);
INSERT INTO `expences_calculator` (`expencescalculator_id`, `created_at`, `deleted_at`, `description`, `name`, `periority`, `price`, `total_cost`, `type`, `updated_at`, `touristyplaces_id`) VALUES (16, '1990-05-02 00:00:00.000000', NULL, 'Id reiciendis quis nostrum provident repellendus. Aperiam expedita qui voluptatum corporis. Tempore quisquam debitis delectus labore laboriosam ut. Quia rerum libero repellendus quia doloribus repellendus. Et quo molestias labore tempore omnis consequuntu', 'Winnifred Lind', 0, '457683.7', '365.2', 'Sunt nam nisi sit vel. Qui impedit optio soluta nisi eligendi non iste. At aut dolorem in nam. Id atque id beatae suscipit et placeat odit.', NULL, 16);
INSERT INTO `expences_calculator` (`expencescalculator_id`, `created_at`, `deleted_at`, `description`, `name`, `periority`, `price`, `total_cost`, `type`, `updated_at`, `touristyplaces_id`) VALUES (17, '1972-12-25 00:00:00.000000', NULL, 'Quasi ducimus et accusamus dolores. Odio impedit maiores ad voluptas. Perspiciatis eos voluptatem ratione voluptate quaerat minima dolor. Recusandae accusantium tempore sed maxime.', 'Prof. Jeanette DuBuque', 6, '9440.99518765', '4021', 'Non minima vel alias numquam. Amet sit voluptas modi voluptates. Natus voluptatem provident rerum quis sit tenetur et. Consequuntur adipisci quos eaque quo rerum quam.', NULL, 17);
INSERT INTO `expences_calculator` (`expencescalculator_id`, `created_at`, `deleted_at`, `description`, `name`, `periority`, `price`, `total_cost`, `type`, `updated_at`, `touristyplaces_id`) VALUES (18, '2000-11-19 00:00:00.000000', NULL, 'Atque aut aut quisquam aliquam dolorem. Earum qui et accusamus possimus.', 'Elena Casper', 9, '23385934.8435', '19338659.081976', 'Aut alias enim corrupti voluptatem. Pariatur aut hic ad quasi ut eum voluptatem. Dolorem aliquam excepturi accusamus id qui. Repellendus corporis recusandae dignissimos qui illum ea sint qui.', NULL, 18);
INSERT INTO `expences_calculator` (`expencescalculator_id`, `created_at`, `deleted_at`, `description`, `name`, `periority`, `price`, `total_cost`, `type`, `updated_at`, `touristyplaces_id`) VALUES (19, '1980-11-21 00:00:00.000000', NULL, 'Pariatur fugiat eveniet voluptas ut harum repellendus provident. Tempore dicta qui harum alias eum in. Dolorum tempora ut et distinctio. Nemo laboriosam numquam praesentium quo et ipsam cumque perspiciatis. Ea accusantium fuga rerum eligendi quisquam.', 'Miss Zelda Corkery', 6, '46.670479768', '1.07261806', 'Quod et est nostrum dolores modi. Rerum ex deserunt eaque vel libero dolores impedit perferendis. Rerum illo id quos sapiente aliquam ratione optio. Perferendis corrupti qui quos sunt aperiam ut ut.', NULL, 19);
INSERT INTO `expences_calculator` (`expencescalculator_id`, `created_at`, `deleted_at`, `description`, `name`, `periority`, `price`, `total_cost`, `type`, `updated_at`, `touristyplaces_id`) VALUES (20, '1994-01-25 00:00:00.000000', NULL, 'Consectetur ut quo nisi qui. Explicabo expedita et quam deleniti rerum et aut corrupti. Voluptas minima omnis itaque magni quisquam est.', 'Desiree Spinka', 3, '3042478.7629', '5.58557', 'Sunt dolores ad non quia. Deleniti nam suscipit iure quia sed. Dolorem voluptatem ratione quam dolorum ducimus neque.', NULL, 20);
INSERT INTO `expences_calculator` (`expencescalculator_id`, `created_at`, `deleted_at`, `description`, `name`, `periority`, `price`, `total_cost`, `type`, `updated_at`, `touristyplaces_id`) VALUES (21, '2021-08-15 00:00:00.000000', NULL, 'Explicabo et optio dolorem nam aliquam animi. Et inventore hic quia ullam excepturi unde. Sapiente quas voluptatem sed numquam facilis suscipit reprehenderit.', 'Jordan Kihn V', 4, '255.0363', '28859.97868', 'Consequatur iusto fugiat distinctio esse quisquam. Qui itaque aut ut esse quae qui. Reprehenderit eligendi repudiandae qui ipsa cum. Adipisci aperiam est nostrum et aliquid.', NULL, 21);
INSERT INTO `expences_calculator` (`expencescalculator_id`, `created_at`, `deleted_at`, `description`, `name`, `periority`, `price`, `total_cost`, `type`, `updated_at`, `touristyplaces_id`) VALUES (22, '1983-05-09 00:00:00.000000', NULL, 'Doloremque tempora beatae aliquid in dolorum praesentium quisquam. Ex necessitatibus sunt aperiam ea reiciendis. Accusantium repudiandae omnis delectus quisquam. Mollitia et dicta omnis quo.', 'Mrs. Polly Kling', 1, '698310358.22538', '2251.88143738', 'Maiores enim suscipit omnis quas neque. Sint esse in corrupti asperiores cum.', NULL, 22);
INSERT INTO `expences_calculator` (`expencescalculator_id`, `created_at`, `deleted_at`, `description`, `name`, `periority`, `price`, `total_cost`, `type`, `updated_at`, `touristyplaces_id`) VALUES (23, '2019-08-20 00:00:00.000000', NULL, 'Similique placeat tempora veritatis. Modi temporibus ullam deleniti sunt nisi quam. Ipsam dolorem in dolores suscipit ipsam laborum vel. Architecto accusantium distinctio vitae porro libero. Quis perspiciatis excepturi et veniam cumque harum.', 'Fernando Ondricka', 2, '212.50407928', '0', 'Vel autem aperiam itaque consequatur inventore. Quia commodi odit beatae totam quaerat ipsam atque sapiente. Enim sed perspiciatis beatae ut at velit. Eius dolorem voluptate quam quia.', NULL, 23);
INSERT INTO `expences_calculator` (`expencescalculator_id`, `created_at`, `deleted_at`, `description`, `name`, `periority`, `price`, `total_cost`, `type`, `updated_at`, `touristyplaces_id`) VALUES (24, '2012-05-03 00:00:00.000000', NULL, 'Aut enim eligendi ea ipsam animi. Unde nihil et omnis nesciunt nobis eos. Magnam et veniam eveniet deleniti.', 'Ahmad Haley', 4, '33193.073211973', '1.602269', 'Dolor omnis et animi autem alias recusandae. Vitae quo repellendus ea aut voluptas voluptatem saepe. Praesentium aut libero ut exercitationem cumque. Minima quos possimus aut amet sed.', NULL, 24);
INSERT INTO `expences_calculator` (`expencescalculator_id`, `created_at`, `deleted_at`, `description`, `name`, `periority`, `price`, `total_cost`, `type`, `updated_at`, `touristyplaces_id`) VALUES (25, '2018-09-29 00:00:00.000000', NULL, 'Id et ut itaque ut cupiditate non. Facere rerum sed unde provident. Voluptatem nemo quae tempora qui.', 'Dr. D\'angelo Doyle', 9, '569472413.74881', '0', 'Aliquid sit accusamus repudiandae numquam rerum dolorem. Quae ullam aperiam ipsam eligendi tempore. Doloremque aut quo quae accusantium ad nostrum velit. Voluptatem qui esse molestiae qui.', NULL, 25);
INSERT INTO `expences_calculator` (`expencescalculator_id`, `created_at`, `deleted_at`, `description`, `name`, `periority`, `price`, `total_cost`, `type`, `updated_at`, `touristyplaces_id`) VALUES (26, '1970-06-06 00:00:00.000000', NULL, 'Aliquid ad occaecati illum repellendus. Corrupti excepturi quia error amet libero commodi ea atque.', 'Miss Lacey Considine IV', 9, '41.324', '281926010.7285', 'Exercitationem recusandae molestiae et quibusdam iusto. Qui nostrum architecto enim delectus quibusdam a. Quam rem rem explicabo accusantium ut quod. Omnis nisi fugit cupiditate dolor.', NULL, 26);
INSERT INTO `expences_calculator` (`expencescalculator_id`, `created_at`, `deleted_at`, `description`, `name`, `periority`, `price`, `total_cost`, `type`, `updated_at`, `touristyplaces_id`) VALUES (27, '2006-08-23 00:00:00.000000', NULL, 'Quo et voluptas illum error ipsa ipsam non. Non distinctio velit ad ex consectetur asperiores est quibusdam. Et iste veniam et autem nemo et saepe.', 'Sheldon Crist', 1, '0', '37049.165614', 'Ipsa officia pariatur quos illum. Earum vitae repellat dolor minima autem. Explicabo esse iure animi molestias aut libero.', NULL, 27);
INSERT INTO `expences_calculator` (`expencescalculator_id`, `created_at`, `deleted_at`, `description`, `name`, `periority`, `price`, `total_cost`, `type`, `updated_at`, `touristyplaces_id`) VALUES (28, '1998-09-20 00:00:00.000000', NULL, 'Quibusdam ut eligendi sunt sit neque placeat quia. Aperiam ex autem incidunt et culpa. Magni inventore eligendi et cumque fugit ex. Magnam impedit facere autem dignissimos sunt ullam totam facilis. Accusamus iste maiores modi quas rerum.', 'Dr. Meghan Corkery', 2, '346035410.18906', '4.20778', 'Dolore non ut quidem non mollitia. Ut sit est exercitationem quia. Quo quia modi a iste accusantium quam. Labore fuga non sint ut.', NULL, 28);
INSERT INTO `expences_calculator` (`expencescalculator_id`, `created_at`, `deleted_at`, `description`, `name`, `periority`, `price`, `total_cost`, `type`, `updated_at`, `touristyplaces_id`) VALUES (29, '2017-05-05 00:00:00.000000', NULL, 'Sit ut molestiae doloremque id necessitatibus ut. Voluptatibus omnis ipsum saepe. Voluptas sed dicta possimus aut quibusdam.', 'Nyah Rowe', 0, '4724.92469098', '152279.596161', 'Nemo voluptatem iusto deserunt. Blanditiis doloribus aut voluptatibus velit. Repellendus rerum dolorum voluptatem sint voluptates. Et vel mollitia molestias impedit eum illum quia qui.', NULL, 29);
INSERT INTO `expences_calculator` (`expencescalculator_id`, `created_at`, `deleted_at`, `description`, `name`, `periority`, `price`, `total_cost`, `type`, `updated_at`, `touristyplaces_id`) VALUES (30, '1972-01-17 00:00:00.000000', NULL, 'Voluptate perferendis voluptate architecto consequatur quae enim et. Quae neque est qui facilis aliquid autem. Et consequatur reiciendis ullam sint accusantium illum. Magni sed assumenda illum.', 'Mr. Mariano Lynch', 6, '0', '4.572', 'Velit atque nihil voluptas iure id voluptates. Voluptatum ratione nemo quo explicabo est velit. Aut nesciunt rem blanditiis quo et nemo ipsa.', NULL, 30);
INSERT INTO `expences_calculator` (`expencescalculator_id`, `created_at`, `deleted_at`, `description`, `name`, `periority`, `price`, `total_cost`, `type`, `updated_at`, `touristyplaces_id`) VALUES (31, '1973-09-08 00:00:00.000000', NULL, 'Temporibus aspernatur et beatae eos. Sed incidunt nihil quaerat est ea dolorum eius. At rerum mollitia fuga earum et rerum laborum. Maiores velit numquam architecto minima aut quia id delectus.', 'Shaina Kshlerin', 6, '5328.14', '24940969.14214', 'Aut soluta sequi nobis exercitationem assumenda rerum. Sunt dolorem dignissimos velit accusamus. Quia debitis ut accusantium accusamus alias fugiat.', NULL, 31);
INSERT INTO `expences_calculator` (`expencescalculator_id`, `created_at`, `deleted_at`, `description`, `name`, `periority`, `price`, `total_cost`, `type`, `updated_at`, `touristyplaces_id`) VALUES (32, '2003-02-13 00:00:00.000000', NULL, 'Necessitatibus sit laborum nesciunt architecto velit modi eveniet in. Explicabo itaque est id ut minima impedit. Velit est autem aut hic labore. Optio similique voluptatem ipsa qui.', 'Miss Gerda Mraz', 1, '60695983.90053', '88256179.74', 'Incidunt iste ut totam necessitatibus aut. Et beatae delectus aut magnam enim rerum. Consequuntur deleniti est voluptatum voluptas. Sed sapiente quia et sunt quod et quis.', NULL, 32);
INSERT INTO `expences_calculator` (`expencescalculator_id`, `created_at`, `deleted_at`, `description`, `name`, `periority`, `price`, `total_cost`, `type`, `updated_at`, `touristyplaces_id`) VALUES (33, '1998-12-14 00:00:00.000000', NULL, 'Aliquam voluptatem quia eos. Vel quia reprehenderit excepturi ipsum velit dolor id. Enim excepturi id occaecati possimus.', 'Dr. Columbus Yost MD', 0, '12919.21051', '5865616', 'Pariatur iste deleniti at ipsum deleniti eveniet. Praesentium porro accusantium non vel voluptatibus corrupti. Enim eum veniam rem velit explicabo sunt veritatis.', NULL, 33);
INSERT INTO `expences_calculator` (`expencescalculator_id`, `created_at`, `deleted_at`, `description`, `name`, `periority`, `price`, `total_cost`, `type`, `updated_at`, `touristyplaces_id`) VALUES (34, '2019-01-24 00:00:00.000000', NULL, 'Velit sit nisi eligendi quaerat maxime voluptatibus. Voluptas aut quae qui ad quo. Autem temporibus quo consequatur distinctio ab.', 'Melany Witting', 8, '5132.7017686', '93850449.041194', 'Asperiores rem ea quisquam velit saepe eligendi corporis. Cupiditate nisi voluptatem et aut. Magni tempora deserunt asperiores dolorem nemo sequi.', NULL, 34);
INSERT INTO `expences_calculator` (`expencescalculator_id`, `created_at`, `deleted_at`, `description`, `name`, `periority`, `price`, `total_cost`, `type`, `updated_at`, `touristyplaces_id`) VALUES (35, '1988-08-18 00:00:00.000000', NULL, 'Voluptates sunt est qui omnis et. Ut rerum ut et quia quia. Inventore perspiciatis mollitia sed est rerum enim neque accusantium. Veritatis commodi laboriosam tempora est.', 'Prof. Arvid Roberts II', 7, '43.9', '959953.10418918', 'Molestiae doloremque et et tenetur voluptas. Quaerat qui autem aut assumenda. Quia in dolores dicta quod voluptas.', NULL, 35);
INSERT INTO `expences_calculator` (`expencescalculator_id`, `created_at`, `deleted_at`, `description`, `name`, `periority`, `price`, `total_cost`, `type`, `updated_at`, `touristyplaces_id`) VALUES (36, '2017-04-10 00:00:00.000000', NULL, 'Molestiae reiciendis et a quas. Et ipsam officia quaerat. Voluptas dignissimos ut eum quae.', 'Alyson Parisian', 2, '3513.34726', '25902859.147', 'Illum doloremque voluptatibus ad cumque ut. Omnis aut eveniet veniam ipsa perspiciatis esse repellendus velit. Est fugiat quibusdam aut consequatur fugit ut et ut. Voluptatem et odio sit doloremque.', NULL, 36);
INSERT INTO `expences_calculator` (`expencescalculator_id`, `created_at`, `deleted_at`, `description`, `name`, `periority`, `price`, `total_cost`, `type`, `updated_at`, `touristyplaces_id`) VALUES (37, '1972-07-09 00:00:00.000000', NULL, 'Laudantium veniam sapiente sit voluptatem. Eius quisquam impedit mollitia. Corporis quia nulla vel iste et. Porro consequuntur ut eveniet hic ipsam atque qui.', 'Prof. Spencer Dickens V', 8, '14.101', '0', 'Error fugit ut veniam commodi est et quo reprehenderit. Autem quod et minus alias sint. Sint blanditiis amet non nulla dolores amet quaerat dolorem.', NULL, 37);
INSERT INTO `expences_calculator` (`expencescalculator_id`, `created_at`, `deleted_at`, `description`, `name`, `periority`, `price`, `total_cost`, `type`, `updated_at`, `touristyplaces_id`) VALUES (38, '1974-09-01 00:00:00.000000', NULL, 'Vitae recusandae saepe harum non. Aut saepe et illum sed est aspernatur beatae saepe. Saepe odio itaque minima eos et quas. Sed nemo cupiditate qui iste natus facere.', 'Effie Monahan', 3, '18739044', '400749.5284', 'Nesciunt qui et aut et iure nisi nihil. Et veniam occaecati molestiae qui ipsum minima. Corrupti est commodi repellat consequatur. Maiores facere ad at quas.', NULL, 38);
INSERT INTO `expences_calculator` (`expencescalculator_id`, `created_at`, `deleted_at`, `description`, `name`, `periority`, `price`, `total_cost`, `type`, `updated_at`, `touristyplaces_id`) VALUES (39, '2012-10-27 00:00:00.000000', NULL, 'Cupiditate est officia et facere neque tenetur eos. Quos et voluptatem quae vel minima culpa. Quod enim nihil molestias ipsam quia.', 'Mohamed Shanahan', 3, '66', '3.73', 'Nobis fugiat unde quae tenetur doloribus pariatur. Illo soluta voluptatem inventore. Atque non atque et recusandae ipsa nulla dolorem necessitatibus.', NULL, 39);
INSERT INTO `expences_calculator` (`expencescalculator_id`, `created_at`, `deleted_at`, `description`, `name`, `periority`, `price`, `total_cost`, `type`, `updated_at`, `touristyplaces_id`) VALUES (40, '2008-11-10 00:00:00.000000', NULL, 'Nesciunt nobis nihil itaque quam. Beatae sed eum repudiandae sed accusantium nihil ut iure. Placeat qui aut veritatis repellendus eos corporis voluptas.', 'Audra Kub', 6, '336.3', '127754.1', 'Est cupiditate unde maiores est minima commodi. Eum commodi est nesciunt dolorem sint dicta.', NULL, 40);
INSERT INTO `expences_calculator` (`expencescalculator_id`, `created_at`, `deleted_at`, `description`, `name`, `periority`, `price`, `total_cost`, `type`, `updated_at`, `touristyplaces_id`) VALUES (41, '2013-10-25 00:00:00.000000', NULL, 'Et consequatur ipsa optio ea. Ut ut inventore et animi. Quis distinctio itaque quo eum qui debitis fugit.', 'Lon Ferry', 5, '1.1391', '436187.169', 'Provident maiores labore distinctio animi qui provident id. Cumque doloribus omnis laborum. Sit enim exercitationem assumenda ut molestiae.', NULL, 41);
INSERT INTO `expences_calculator` (`expencescalculator_id`, `created_at`, `deleted_at`, `description`, `name`, `periority`, `price`, `total_cost`, `type`, `updated_at`, `touristyplaces_id`) VALUES (42, '1996-11-18 00:00:00.000000', NULL, 'In et qui provident temporibus quam voluptatem dolores quae. Repudiandae nostrum repellendus provident natus alias.', 'Baron Hamill MD', 7, '16369682.83', '27851.68733', 'Quaerat praesentium aliquam aut ut quos ea quod totam. Quia cumque est veniam. Itaque debitis quaerat voluptatibus quaerat sequi nesciunt id nisi. Cumque voluptas esse soluta error sit qui.', NULL, 42);
INSERT INTO `expences_calculator` (`expencescalculator_id`, `created_at`, `deleted_at`, `description`, `name`, `periority`, `price`, `total_cost`, `type`, `updated_at`, `touristyplaces_id`) VALUES (43, '1996-12-15 00:00:00.000000', NULL, 'Aut officia voluptates odit qui sit. Beatae eos ut aut. Vero mollitia non officiis atque magnam sunt eaque. Quos assumenda totam quibusdam voluptas repudiandae.', 'Ms. Elna Beier', 1, '3.209312', '1', 'Dolore aspernatur delectus similique dolores. Aut quia nemo sint voluptatem ut iusto. Molestiae nisi quod aut blanditiis voluptates nihil. Ullam a sunt quaerat et quos aspernatur.', NULL, 43);
INSERT INTO `expences_calculator` (`expencescalculator_id`, `created_at`, `deleted_at`, `description`, `name`, `periority`, `price`, `total_cost`, `type`, `updated_at`, `touristyplaces_id`) VALUES (44, '1988-11-02 00:00:00.000000', NULL, 'Ipsa laborum pariatur itaque ut. Odio neque dolor veritatis omnis aut cum enim.', 'Ms. Alexandria Davis DDS', 4, '0', '4', 'Reprehenderit similique animi velit rerum perferendis qui. Consequatur et veritatis pariatur sed repellendus occaecati.', NULL, 44);
INSERT INTO `expences_calculator` (`expencescalculator_id`, `created_at`, `deleted_at`, `description`, `name`, `periority`, `price`, `total_cost`, `type`, `updated_at`, `touristyplaces_id`) VALUES (45, '1986-01-10 00:00:00.000000', NULL, 'Ut dolor in eveniet nihil facilis est quibusdam. Magni esse fuga ea vel voluptate. Non repellat eligendi reprehenderit asperiores et sit omnis. Rerum quaerat et sapiente quia et vitae illo.', 'Webster O\'Keefe', 4, '16217.64276', '31736767.296', 'Vel aperiam eum voluptate similique. Repudiandae sed debitis vitae. Dolores praesentium alias dolorem qui et eius ullam. Dolor nobis iste similique alias.', NULL, 45);
INSERT INTO `expences_calculator` (`expencescalculator_id`, `created_at`, `deleted_at`, `description`, `name`, `periority`, `price`, `total_cost`, `type`, `updated_at`, `touristyplaces_id`) VALUES (46, '1992-01-23 00:00:00.000000', NULL, 'Et accusantium velit nihil odio dolor placeat. Asperiores sint aut doloremque facilis laudantium nesciunt tempore voluptatem. In ut reiciendis dolorem maiores consequatur voluptatum animi. Dolores ut mollitia voluptates ut assumenda unde nam.', 'Tyrese Johns', 1, '84230443.930616', '0', 'Est perspiciatis quisquam mollitia consequatur labore et error porro. Rerum earum non harum assumenda provident numquam. Et dicta quae qui ut at doloribus quia.', NULL, 46);
INSERT INTO `expences_calculator` (`expencescalculator_id`, `created_at`, `deleted_at`, `description`, `name`, `periority`, `price`, `total_cost`, `type`, `updated_at`, `touristyplaces_id`) VALUES (47, '2012-07-02 00:00:00.000000', NULL, 'Magni voluptatibus est nostrum dolorem accusantium mollitia voluptas omnis. Minus eos accusantium quam possimus est aut voluptas. Labore ut quis nisi reiciendis molestias sequi quas.', 'Prof. Emmy Huels MD', 5, '2168657', '27.821326406', 'Et sed a exercitationem sequi sunt qui. Excepturi doloremque vel ratione.', NULL, 47);
INSERT INTO `expences_calculator` (`expencescalculator_id`, `created_at`, `deleted_at`, `description`, `name`, `periority`, `price`, `total_cost`, `type`, `updated_at`, `touristyplaces_id`) VALUES (48, '1999-10-29 00:00:00.000000', NULL, 'Vel dignissimos doloremque enim eveniet. Possimus eaque autem voluptatem eos. Officiis vel deserunt quis dolores eius mollitia.', 'Regan Brakus PhD', 7, '207601516.15953', '6251.9', 'Ab iusto sed dolores quia molestias. Et corrupti nam iure consequuntur. Mollitia error voluptatem ratione possimus quis eaque quia.', NULL, 48);
INSERT INTO `expences_calculator` (`expencescalculator_id`, `created_at`, `deleted_at`, `description`, `name`, `periority`, `price`, `total_cost`, `type`, `updated_at`, `touristyplaces_id`) VALUES (49, '2012-10-28 00:00:00.000000', NULL, 'Vel numquam voluptatem atque possimus vero quaerat. Et repellat deleniti cum omnis neque laboriosam. Iusto qui quod consequatur vel autem.', 'Davonte Wisozk', 3, '15404911.8', '71302.171', 'Debitis et enim sit quisquam eveniet. Blanditiis eius autem quisquam ut ipsa illum itaque. Voluptatum animi sed praesentium qui. Porro et nisi ipsam mollitia.', NULL, 49);
INSERT INTO `expences_calculator` (`expencescalculator_id`, `created_at`, `deleted_at`, `description`, `name`, `periority`, `price`, `total_cost`, `type`, `updated_at`, `touristyplaces_id`) VALUES (50, '2019-05-10 00:00:00.000000', NULL, 'Pariatur est dolores occaecati est accusamus autem. Quam ut natus cum non debitis eos.', 'Waldo O\'Kon', 4, '61.81', '87.7471', 'Voluptatibus ea reprehenderit quae blanditiis. Ut consectetur ratione pariatur repudiandae nemo id ducimus. Illum harum unde sit molestias ex.', NULL, 50);
INSERT INTO `expences_calculator` (`expencescalculator_id`, `created_at`, `deleted_at`, `description`, `name`, `periority`, `price`, `total_cost`, `type`, `updated_at`, `touristyplaces_id`) VALUES (51, '2013-08-27 00:00:00.000000', NULL, 'Id voluptatum magnam dolorum illum sit ducimus. Tempore illo recusandae dolor cumque aspernatur mollitia dolorum. Quae commodi libero ut. Ea expedita eum inventore tempora quia ipsum fuga.', 'Marjolaine Wiegand', 6, '2923.855245669', '109.761522804', 'Alias velit doloremque quaerat itaque dolorem autem. Exercitationem a distinctio sed quasi consequatur.', NULL, 51);
INSERT INTO `expences_calculator` (`expencescalculator_id`, `created_at`, `deleted_at`, `description`, `name`, `periority`, `price`, `total_cost`, `type`, `updated_at`, `touristyplaces_id`) VALUES (52, '1979-03-20 00:00:00.000000', NULL, 'Sed placeat labore deleniti animi eveniet id. Dolorem aut harum nobis. Illo est eum vitae soluta commodi atque maxime. Rerum neque iste doloremque cumque quidem.', 'Seth Reichel', 6, '388971521.5273', '320465', 'Facilis sint et consequatur omnis quod qui. Porro quod iste minus consequatur necessitatibus eos. Adipisci odio optio quis ut nobis. Architecto id repudiandae odio tempora ut.', NULL, 52);
INSERT INTO `expences_calculator` (`expencescalculator_id`, `created_at`, `deleted_at`, `description`, `name`, `periority`, `price`, `total_cost`, `type`, `updated_at`, `touristyplaces_id`) VALUES (53, '1977-10-31 00:00:00.000000', NULL, 'Et repudiandae eveniet id possimus distinctio labore et. Omnis voluptates enim consequatur voluptates. Non sunt non ex quidem sunt rerum.', 'Brennan Bailey', 7, '3.776', '2498.02', 'Asperiores molestiae quos quaerat ea. Itaque corporis laborum consectetur error. Rerum eum dignissimos accusantium. Illum assumenda est vero et totam nihil.', NULL, 53);
INSERT INTO `expences_calculator` (`expencescalculator_id`, `created_at`, `deleted_at`, `description`, `name`, `periority`, `price`, `total_cost`, `type`, `updated_at`, `touristyplaces_id`) VALUES (54, '1973-01-03 00:00:00.000000', NULL, 'Sunt et beatae esse totam necessitatibus qui. Sed facilis omnis dicta placeat velit vero quidem.', 'Olga Johnston', 1, '0', '0', 'Rerum atque quia molestiae quasi officiis doloremque odit. Voluptatem aut vitae molestiae. Iure enim ullam neque laborum. Et dolorem cupiditate vitae omnis ipsa.', NULL, 54);
INSERT INTO `expences_calculator` (`expencescalculator_id`, `created_at`, `deleted_at`, `description`, `name`, `periority`, `price`, `total_cost`, `type`, `updated_at`, `touristyplaces_id`) VALUES (55, '1974-09-27 00:00:00.000000', NULL, 'Sint tempora nam iusto harum dolor. Et et consequatur voluptatem nihil a magni qui. Voluptas facilis eius exercitationem reprehenderit. Ducimus animi maiores et provident fugiat id.', 'Maxine Kohler', 8, '26227.6946', '9166576.28', 'Et eos sed et in ut et. Corporis fugiat qui quae fuga dolore voluptatibus. Et magni eum iste natus repudiandae.', NULL, 55);
INSERT INTO `expences_calculator` (`expencescalculator_id`, `created_at`, `deleted_at`, `description`, `name`, `periority`, `price`, `total_cost`, `type`, `updated_at`, `touristyplaces_id`) VALUES (56, '1979-01-12 00:00:00.000000', NULL, 'Eius sapiente est et sunt et fuga. Aliquid dolor impedit quas veritatis.', 'Orion Swaniawski MD', 0, '0', '0', 'Sapiente molestiae quas minima quibusdam. Magnam quia saepe ut dolore. Delectus quia doloremque et quisquam. Ut autem veniam autem nam maiores officia.', NULL, 56);
INSERT INTO `expences_calculator` (`expencescalculator_id`, `created_at`, `deleted_at`, `description`, `name`, `periority`, `price`, `total_cost`, `type`, `updated_at`, `touristyplaces_id`) VALUES (57, '2004-07-31 00:00:00.000000', NULL, 'Aut sint exercitationem qui tempore id exercitationem. Cumque corporis tempora quis est voluptatem aliquam error. Harum modi similique soluta occaecati. Delectus consequuntur ut repellat quo illum omnis velit. Qui dolorem non ut dolorem et.', 'Glen Funk', 5, '2230072.437872', '555.98', 'Excepturi corrupti voluptas numquam rem qui doloremque. Recusandae voluptatibus natus sequi in. Sapiente dolorem nesciunt qui reprehenderit eum.', NULL, 57);
INSERT INTO `expences_calculator` (`expencescalculator_id`, `created_at`, `deleted_at`, `description`, `name`, `periority`, `price`, `total_cost`, `type`, `updated_at`, `touristyplaces_id`) VALUES (58, '1995-04-10 00:00:00.000000', NULL, 'Occaecati placeat sunt sit vel non perferendis officiis. Voluptatibus enim beatae ratione et at odio voluptas. Ea doloribus accusamus quod esse tempora. Explicabo laboriosam quod maiores ut vitae natus.', 'Ford Gibson', 7, '0.16206691', '474903.3', 'Nobis in voluptatum qui natus quod aut. Facere iure et dolor quisquam impedit aut accusamus. Modi illo eos laudantium laborum et consequatur est placeat.', NULL, 58);
INSERT INTO `expences_calculator` (`expencescalculator_id`, `created_at`, `deleted_at`, `description`, `name`, `periority`, `price`, `total_cost`, `type`, `updated_at`, `touristyplaces_id`) VALUES (59, '2002-12-26 00:00:00.000000', NULL, 'Unde enim dolor ut laboriosam dicta veritatis unde. Et qui facere deserunt qui sit perferendis aut. Laborum nihil sed harum non.', 'Arlene Hartmann', 2, '0.259215068', '0.87434', 'Nulla eum qui labore rerum. Quidem aut aut iste molestias autem voluptas odio. Maiores debitis amet accusantium nesciunt commodi officiis atque. Et officia mollitia quis adipisci.', NULL, 59);
INSERT INTO `expences_calculator` (`expencescalculator_id`, `created_at`, `deleted_at`, `description`, `name`, `periority`, `price`, `total_cost`, `type`, `updated_at`, `touristyplaces_id`) VALUES (60, '2010-02-14 00:00:00.000000', NULL, 'Velit illum corporis fuga ullam nesciunt dolores. Libero quis velit est repudiandae sed ea omnis.', 'Javonte Bosco II', 5, '310', '8950416.933', 'Fugit atque vel eos. Corrupti consequatur qui sed ut nostrum saepe. Ex provident voluptas aperiam qui sed ut magnam.', NULL, 60);
INSERT INTO `expences_calculator` (`expencescalculator_id`, `created_at`, `deleted_at`, `description`, `name`, `periority`, `price`, `total_cost`, `type`, `updated_at`, `touristyplaces_id`) VALUES (61, '1999-02-21 00:00:00.000000', NULL, 'Recusandae et sint molestiae et illo tempore. Quia nostrum similique non excepturi eligendi. Placeat repudiandae laudantium et numquam. Soluta expedita quod delectus. Voluptas corporis sunt enim repudiandae dolorem.', 'Torrey Stanton', 7, '1803383.755', '2185962.3824', 'Delectus aut impedit repudiandae dolorem. Possimus velit quisquam sequi modi quo voluptas.', NULL, 61);
INSERT INTO `expences_calculator` (`expencescalculator_id`, `created_at`, `deleted_at`, `description`, `name`, `periority`, `price`, `total_cost`, `type`, `updated_at`, `touristyplaces_id`) VALUES (62, '2006-10-13 00:00:00.000000', NULL, 'Nostrum et aut aut necessitatibus voluptatibus qui. Corrupti saepe eos dolorem. Ab a vel blanditiis. Voluptas neque porro ut architecto.', 'Jon Fadel', 9, '0', '197', 'Corporis tempora mollitia maxime soluta tempora in dicta earum. Ut vitae ad aspernatur nihil. Quisquam quia deserunt et et magni ab quisquam.', NULL, 62);
INSERT INTO `expences_calculator` (`expencescalculator_id`, `created_at`, `deleted_at`, `description`, `name`, `periority`, `price`, `total_cost`, `type`, `updated_at`, `touristyplaces_id`) VALUES (63, '1982-10-06 00:00:00.000000', NULL, 'Qui et voluptas non dolore ab illum sint. Est error sequi est consequatur. Quibusdam explicabo sit odit voluptates voluptas illum dicta. Non excepturi illo dolorem consequuntur eum.', 'Emmitt Paucek III', 2, '965.69', '0.67', 'Rerum ea est minima fugit. Dolorem facilis magni quidem quibusdam. Et iusto est voluptas est ut fugiat.', NULL, 63);
INSERT INTO `expences_calculator` (`expencescalculator_id`, `created_at`, `deleted_at`, `description`, `name`, `periority`, `price`, `total_cost`, `type`, `updated_at`, `touristyplaces_id`) VALUES (64, '1973-06-19 00:00:00.000000', NULL, 'Dolorem quidem nostrum eos neque ut perspiciatis. Commodi maiores quaerat ab dolorem. Aut nesciunt sit sunt.', 'Marcel Kuvalis', 2, '2196039.44', '33800668.318', 'Praesentium odit dolorem cum dolorem. Corporis ea nobis veniam distinctio vel rem. Temporibus quia numquam aliquid aliquid sint.', NULL, 64);
INSERT INTO `expences_calculator` (`expencescalculator_id`, `created_at`, `deleted_at`, `description`, `name`, `periority`, `price`, `total_cost`, `type`, `updated_at`, `touristyplaces_id`) VALUES (65, '1989-04-06 00:00:00.000000', NULL, 'Repellat optio ea enim ad vitae magnam. Aut nostrum iure qui ut. Fuga a ea pariatur labore. Sit id velit atque enim adipisci quidem.', 'Kendrick Corkery', 8, '3798886.52783', '999.30504598', 'Officia in autem rerum cum sapiente eum. Facere cupiditate et similique placeat sit. Est facere eum officia et quaerat porro assumenda. Error ut alias soluta perspiciatis delectus consequuntur.', NULL, 65);
INSERT INTO `expences_calculator` (`expencescalculator_id`, `created_at`, `deleted_at`, `description`, `name`, `periority`, `price`, `total_cost`, `type`, `updated_at`, `touristyplaces_id`) VALUES (66, '1989-04-18 00:00:00.000000', NULL, 'Consequatur praesentium nisi praesentium non vel repudiandae. Voluptate vero maiores ipsum vitae sed eos ipsam.', 'Lane Kuvalis', 5, '2.6', '19366749.065', 'Voluptatibus non voluptatum asperiores incidunt et non explicabo. Sed tenetur laudantium ut. Ducimus minima voluptatum sed provident.', NULL, 66);
INSERT INTO `expences_calculator` (`expencescalculator_id`, `created_at`, `deleted_at`, `description`, `name`, `periority`, `price`, `total_cost`, `type`, `updated_at`, `touristyplaces_id`) VALUES (67, '2021-03-02 00:00:00.000000', NULL, 'Sint cupiditate quaerat labore et aut. Aut veniam possimus sit commodi. Voluptatibus quo cum recusandae non nemo exercitationem. Rem quis voluptatum molestiae voluptatum possimus est est.', 'Malika Eichmann', 4, '70464.38', '407698.16809594', 'Officiis labore adipisci cum in occaecati omnis provident. Ea dicta ad nulla nihil possimus et. Suscipit minima ut fugit expedita culpa.', NULL, 67);
INSERT INTO `expences_calculator` (`expencescalculator_id`, `created_at`, `deleted_at`, `description`, `name`, `periority`, `price`, `total_cost`, `type`, `updated_at`, `touristyplaces_id`) VALUES (68, '2011-03-30 00:00:00.000000', NULL, 'Laudantium incidunt dolores tempore accusantium quo. Facilis odio facere non minus. Odio voluptas corporis quia officiis voluptate error officia. Eveniet est eveniet rerum ea ab.', 'Jamil Schuppe', 3, '45350.5564093', '7405.528', 'Explicabo non qui ut. Natus nobis in consectetur quibusdam magni consequatur. In velit recusandae nostrum rerum eaque earum voluptatem. Sed ut at vitae autem.', NULL, 68);
INSERT INTO `expences_calculator` (`expencescalculator_id`, `created_at`, `deleted_at`, `description`, `name`, `periority`, `price`, `total_cost`, `type`, `updated_at`, `touristyplaces_id`) VALUES (69, '1973-07-29 00:00:00.000000', NULL, 'Libero id debitis sunt qui qui aut. Aut qui in voluptates quae at doloremque officia. Et rem ratione ut mollitia officia rerum qui. Est eius eos explicabo consequatur eligendi est eum.', 'Carmen Stamm', 0, '189253.23161', '152850.91021346', 'Quo illo quia facilis suscipit cumque aliquid. Ut ut vero qui. Facilis sunt molestias aspernatur sed delectus.', NULL, 69);
INSERT INTO `expences_calculator` (`expencescalculator_id`, `created_at`, `deleted_at`, `description`, `name`, `periority`, `price`, `total_cost`, `type`, `updated_at`, `touristyplaces_id`) VALUES (70, '2005-08-30 00:00:00.000000', NULL, 'Illum exercitationem omnis ex sint et non quo. Dicta natus eos rerum qui molestias impedit. Distinctio dolores quaerat quam vitae neque ipsa. Dolorum quod nihil deserunt beatae.', 'Marley Rath', 3, '77.055244', '47217026.370139', 'Est qui atque harum ad ab eum. Explicabo beatae numquam deserunt provident aut reiciendis. Consequatur sunt quis dolor accusantium natus sed. Repellendus accusamus hic at sed qui dolores voluptas.', NULL, 70);
INSERT INTO `expences_calculator` (`expencescalculator_id`, `created_at`, `deleted_at`, `description`, `name`, `periority`, `price`, `total_cost`, `type`, `updated_at`, `touristyplaces_id`) VALUES (71, '2003-12-28 00:00:00.000000', NULL, 'Eos ullam sit cupiditate nihil autem quia recusandae. Dolorum qui veniam dolorem rem debitis voluptatibus eaque vel. Laudantium odit laudantium neque molestiae temporibus. Blanditiis hic doloribus deleniti nihil nihil voluptates esse.', 'Miss Cynthia Larson', 4, '351.873098813', '184.998', 'Assumenda ullam exercitationem veniam sit tempore ullam. Unde unde magni ea veniam omnis perspiciatis. Dolores et autem consequatur. Ipsa ea consequatur et illum corrupti.', NULL, 71);
INSERT INTO `expences_calculator` (`expencescalculator_id`, `created_at`, `deleted_at`, `description`, `name`, `periority`, `price`, `total_cost`, `type`, `updated_at`, `touristyplaces_id`) VALUES (72, '2001-08-29 00:00:00.000000', NULL, 'Doloremque sit sit magnam nam pariatur alias. Exercitationem iste adipisci aliquam accusamus in tempora. Fuga molestiae ab voluptatem nostrum exercitationem sit. Quidem iure officiis ab rerum distinctio.', 'Tracey Lebsack', 9, '16.35456', '372830.782', 'Soluta odio dolorem incidunt impedit harum. Alias vitae eos est harum. Quo impedit fuga accusamus magni ex. Commodi tenetur dolorem dolor.', NULL, 72);
INSERT INTO `expences_calculator` (`expencescalculator_id`, `created_at`, `deleted_at`, `description`, `name`, `periority`, `price`, `total_cost`, `type`, `updated_at`, `touristyplaces_id`) VALUES (73, '1990-07-29 00:00:00.000000', NULL, 'Incidunt doloremque aut sit nemo in voluptas. In deserunt voluptatem ut sunt deserunt. Id dolor minus consequatur.', 'Prof. Pearl McCullough II', 5, '11.548002079', '4721.2008324', 'Repellendus et quidem esse cumque. Aut nulla nobis sit eos eius. Dolorum laudantium quaerat non ut natus at consequatur. Molestiae modi ipsa adipisci sed quo.', NULL, 73);
INSERT INTO `expences_calculator` (`expencescalculator_id`, `created_at`, `deleted_at`, `description`, `name`, `periority`, `price`, `total_cost`, `type`, `updated_at`, `touristyplaces_id`) VALUES (74, '1973-04-24 00:00:00.000000', NULL, 'Ut delectus voluptates ipsum quae sit odio modi. Commodi consequatur ut ut autem asperiores in. Neque cumque recusandae expedita et exercitationem asperiores reiciendis. Esse nostrum molestiae repudiandae et dolor delectus.', 'Mr. Jeff Cremin', 6, '104450.46101528', '216.71', 'Quasi sapiente odit quis et ut maxime voluptas. Quo ad et temporibus eum. Maxime explicabo asperiores et vel voluptatibus.', NULL, 74);
INSERT INTO `expences_calculator` (`expencescalculator_id`, `created_at`, `deleted_at`, `description`, `name`, `periority`, `price`, `total_cost`, `type`, `updated_at`, `touristyplaces_id`) VALUES (75, '2001-12-04 00:00:00.000000', NULL, 'Nesciunt quidem non sunt. Impedit et voluptas dicta dolore ipsam. Impedit cupiditate dolores dolore reprehenderit hic nulla. Consequatur sit sed aliquid mollitia delectus maiores qui.', 'Kaitlyn Davis', 1, '226566.185', '4859020.6032893', 'Facere dicta error aut repellendus culpa perferendis quibusdam cum. Id enim neque et esse commodi. Non inventore tempora nam tempore nobis non.', NULL, 75);
INSERT INTO `expences_calculator` (`expencescalculator_id`, `created_at`, `deleted_at`, `description`, `name`, `periority`, `price`, `total_cost`, `type`, `updated_at`, `touristyplaces_id`) VALUES (76, '1980-06-12 00:00:00.000000', NULL, 'Molestiae nulla minus cumque. Non corporis placeat eligendi. Officiis sint cumque sapiente temporibus perspiciatis aut nemo. Maiores cupiditate reprehenderit quos autem eum quae error.', 'Buddy VonRueden', 6, '3.7936', '20.94325', 'Voluptate eius sed inventore magnam cupiditate officia earum. Vero at non vel vero laboriosam quaerat.', NULL, 76);
INSERT INTO `expences_calculator` (`expencescalculator_id`, `created_at`, `deleted_at`, `description`, `name`, `periority`, `price`, `total_cost`, `type`, `updated_at`, `touristyplaces_id`) VALUES (77, '1992-05-01 00:00:00.000000', NULL, 'Doloremque nemo laboriosam tempora a est est exercitationem. Voluptates ea ut eligendi a velit ea. Illum qui explicabo tempora ex animi. Ut optio quam eaque debitis aut.', 'Winifred Runte V', 0, '0.484', '12882.6', 'Accusantium voluptas veniam qui autem sit. Omnis eum rem omnis expedita corporis ab exercitationem hic. Modi amet id a tenetur perferendis in libero sequi. Rerum ullam autem neque repudiandae.', NULL, 77);
INSERT INTO `expences_calculator` (`expencescalculator_id`, `created_at`, `deleted_at`, `description`, `name`, `periority`, `price`, `total_cost`, `type`, `updated_at`, `touristyplaces_id`) VALUES (78, '1978-07-06 00:00:00.000000', NULL, 'Necessitatibus voluptatem esse ut nam exercitationem labore sunt. Rerum ipsa sit nisi quas. Quidem saepe est voluptatem dicta libero omnis optio non. Rem repellat aut commodi similique.', 'Elvis Strosin', 8, '769', '23.6', 'Et voluptatibus sed harum nostrum eum. Consectetur dolores qui velit autem reprehenderit accusantium quos rerum. Quam eos dolor sint nobis.', NULL, 78);
INSERT INTO `expences_calculator` (`expencescalculator_id`, `created_at`, `deleted_at`, `description`, `name`, `periority`, `price`, `total_cost`, `type`, `updated_at`, `touristyplaces_id`) VALUES (79, '2023-10-04 00:00:00.000000', NULL, 'Eveniet distinctio alias aliquam quo incidunt eveniet. Suscipit et aut ipsa numquam quia quae. Aut quia hic dolores temporibus id omnis et.', 'Dr. Lexi Jones MD', 8, '8.17752752', '53.93641', 'Fuga est ut et perspiciatis. Vel aut amet porro et excepturi ad. Dolorum aliquam cupiditate officiis occaecati quia. Est vero quas minima repellendus provident.', NULL, 79);
INSERT INTO `expences_calculator` (`expencescalculator_id`, `created_at`, `deleted_at`, `description`, `name`, `periority`, `price`, `total_cost`, `type`, `updated_at`, `touristyplaces_id`) VALUES (80, '1980-06-16 00:00:00.000000', NULL, 'Delectus explicabo sequi qui aut facilis quia odit. Consequatur mollitia vitae velit id. Ex illo dolore non sint vel non. Est hic alias eum aliquam quae.', 'Maude Stark', 0, '279093.4', '2888.380983', 'Et nobis pariatur maiores cum. Voluptas sequi ex dicta autem cupiditate corrupti et. Aut id exercitationem illum aspernatur quos laborum dolor nostrum.', NULL, 80);
INSERT INTO `expences_calculator` (`expencescalculator_id`, `created_at`, `deleted_at`, `description`, `name`, `periority`, `price`, `total_cost`, `type`, `updated_at`, `touristyplaces_id`) VALUES (81, '2014-07-06 00:00:00.000000', NULL, 'Sunt eos quod itaque dolores provident dignissimos ipsum. Dolorum quia laboriosam officiis aut corporis. Nostrum laborum optio expedita molestiae consequatur et amet.', 'Prof. Napoleon Botsford', 9, '743903717.07411', '0', 'Fugiat aperiam non sint quisquam et minima consectetur neque. Eos saepe tenetur earum et dolorem. Labore voluptates sit minima sit quidem.', NULL, 81);
INSERT INTO `expences_calculator` (`expencescalculator_id`, `created_at`, `deleted_at`, `description`, `name`, `periority`, `price`, `total_cost`, `type`, `updated_at`, `touristyplaces_id`) VALUES (82, '2000-12-12 00:00:00.000000', NULL, 'Et veritatis delectus exercitationem iure. Vel laboriosam vitae distinctio recusandae rerum. Unde ratione dicta cum velit ut labore. Sed expedita et sed id sed.', 'Prof. Uriel Bins', 9, '1.042', '47003.32', 'Sunt amet dolor facilis. Necessitatibus vel nihil est consectetur. Voluptatum facilis officiis explicabo atque facere officia.', NULL, 82);
INSERT INTO `expences_calculator` (`expencescalculator_id`, `created_at`, `deleted_at`, `description`, `name`, `periority`, `price`, `total_cost`, `type`, `updated_at`, `touristyplaces_id`) VALUES (83, '1980-03-08 00:00:00.000000', NULL, 'Odio exercitationem reiciendis repellendus non corporis et inventore. Accusantium recusandae ratione rem deleniti nesciunt optio quia. Error nesciunt laboriosam esse est accusamus nam. Et pariatur qui labore vitae.', 'Zachary Stehr', 2, '0', '291689494.99311', 'Quia et voluptatem ex voluptatibus corrupti fugiat et. Suscipit fuga dolores eos eius. Optio dolore voluptas odio animi maiores quaerat est cum.', NULL, 83);
INSERT INTO `expences_calculator` (`expencescalculator_id`, `created_at`, `deleted_at`, `description`, `name`, `periority`, `price`, `total_cost`, `type`, `updated_at`, `touristyplaces_id`) VALUES (84, '1996-05-11 00:00:00.000000', NULL, 'Voluptatibus optio quia sed et sit provident unde ipsam. Laborum in et quia omnis dignissimos. Ea aliquid voluptas omnis nam alias magni quod. Culpa et facilis dolorem repellat accusantium.', 'Mr. Liam Mueller', 7, '0', '589299.106', 'Est et mollitia quaerat sint. Natus quisquam non eligendi distinctio nihil. Eum facere nam ad eum. Et eius odio numquam.', NULL, 84);
INSERT INTO `expences_calculator` (`expencescalculator_id`, `created_at`, `deleted_at`, `description`, `name`, `periority`, `price`, `total_cost`, `type`, `updated_at`, `touristyplaces_id`) VALUES (85, '1977-07-14 00:00:00.000000', NULL, 'Eos nesciunt cupiditate rerum iusto. Dolorem et hic reprehenderit vero ut quia.', 'Jacklyn Mertz', 5, '2574.627435468', '8225.7', 'Sit totam ut accusantium necessitatibus sint. Et assumenda aliquid vitae et ab nesciunt optio. Aut exercitationem fuga qui repudiandae fugiat. Quo et sit quos provident aut.', NULL, 85);
INSERT INTO `expences_calculator` (`expencescalculator_id`, `created_at`, `deleted_at`, `description`, `name`, `periority`, `price`, `total_cost`, `type`, `updated_at`, `touristyplaces_id`) VALUES (86, '2017-05-18 00:00:00.000000', NULL, 'Aliquid modi asperiores facere incidunt. Molestiae et reprehenderit eius.', 'Prof. Nathanael Hickle DVM', 2, '9539004.63665', '225.30495299', 'Est laboriosam ut ex rerum eum perferendis illo. Nam nam architecto est explicabo dolores facilis et beatae.', NULL, 86);
INSERT INTO `expences_calculator` (`expencescalculator_id`, `created_at`, `deleted_at`, `description`, `name`, `periority`, `price`, `total_cost`, `type`, `updated_at`, `touristyplaces_id`) VALUES (87, '2014-06-06 00:00:00.000000', NULL, 'Ut eius facilis quia consequatur consequatur. Rerum blanditiis impedit enim magnam eius sed.', 'Dr. Carroll O\'Connell', 0, '108067256.66705', '258950531', 'Et blanditiis eveniet id et qui voluptas in delectus. Facere consequatur aut dolores sint debitis nobis dignissimos. Quis et voluptatem alias autem voluptas minima dolores.', NULL, 87);
INSERT INTO `expences_calculator` (`expencescalculator_id`, `created_at`, `deleted_at`, `description`, `name`, `periority`, `price`, `total_cost`, `type`, `updated_at`, `touristyplaces_id`) VALUES (88, '1996-09-25 00:00:00.000000', NULL, 'Molestias dolorem tempore qui rem aperiam dolorem nulla. Corrupti possimus perspiciatis soluta quis aperiam nihil. Sed mollitia molestiae est nobis nihil molestiae. Vitae maxime quam iure in.', 'Sherman Dickens', 5, '20219897.24683', '4306.96', 'Delectus aliquid qui magni autem. Aliquid dolore praesentium dolor perferendis. Est sint voluptas et officiis accusamus.', NULL, 88);
INSERT INTO `expences_calculator` (`expencescalculator_id`, `created_at`, `deleted_at`, `description`, `name`, `periority`, `price`, `total_cost`, `type`, `updated_at`, `touristyplaces_id`) VALUES (89, '1973-01-03 00:00:00.000000', NULL, 'Quam sapiente architecto inventore inventore voluptas. Quia animi vitae voluptatum atque qui labore id. Illum eum autem sed iste est consequatur.', 'Prof. Scotty Jakubowski', 1, '3521781.642744', '572.75354904', 'Impedit laboriosam placeat asperiores est adipisci quas ut. Quidem sapiente accusamus qui itaque quia suscipit. Nihil reiciendis ut labore suscipit.', NULL, 89);
INSERT INTO `expences_calculator` (`expencescalculator_id`, `created_at`, `deleted_at`, `description`, `name`, `periority`, `price`, `total_cost`, `type`, `updated_at`, `touristyplaces_id`) VALUES (90, '1984-05-30 00:00:00.000000', NULL, 'Architecto repellat quis at voluptas. Fugit harum placeat accusamus praesentium rerum. Hic corporis nemo cum ut expedita. Adipisci qui et similique reiciendis.', 'Jessy Carter', 3, '1287.436342', '12415', 'Culpa aut aliquam illo rerum ut. Nesciunt laudantium neque illum. Voluptas expedita officiis quidem deserunt aspernatur a.', NULL, 90);
INSERT INTO `expences_calculator` (`expencescalculator_id`, `created_at`, `deleted_at`, `description`, `name`, `periority`, `price`, `total_cost`, `type`, `updated_at`, `touristyplaces_id`) VALUES (91, '1984-02-13 00:00:00.000000', NULL, 'Delectus sed modi expedita. Rerum blanditiis repudiandae quis perferendis sapiente. Voluptas non dolores beatae sed rerum. Neque maiores odit omnis atque perspiciatis recusandae exercitationem.', 'Katelin O\'Connell', 3, '12300.317', '6.9822196', 'Magnam dolore quia nulla ullam. Molestiae repudiandae non ipsa eum. Occaecati aut in nihil placeat. Autem autem commodi recusandae aut. Eos sed quos occaecati dolorem perferendis consequuntur.', NULL, 91);
INSERT INTO `expences_calculator` (`expencescalculator_id`, `created_at`, `deleted_at`, `description`, `name`, `periority`, `price`, `total_cost`, `type`, `updated_at`, `touristyplaces_id`) VALUES (92, '2014-04-25 00:00:00.000000', NULL, 'In blanditiis libero vero laborum corporis quis ad. Laudantium maiores voluptas dolores nostrum beatae eum praesentium aut.', 'Derek Beer', 5, '10147.586191', '0', 'Eveniet veritatis dicta sequi deleniti ut qui omnis. Voluptate qui distinctio hic tempore. Qui quis eum iusto. Error eaque mollitia corporis et sunt consequatur officiis fugiat.', NULL, 92);
INSERT INTO `expences_calculator` (`expencescalculator_id`, `created_at`, `deleted_at`, `description`, `name`, `periority`, `price`, `total_cost`, `type`, `updated_at`, `touristyplaces_id`) VALUES (93, '1981-10-08 00:00:00.000000', NULL, 'Aut quo sed ea necessitatibus impedit consequatur. Cupiditate eligendi eveniet et quam omnis aut labore. Asperiores perferendis ut dicta quo.', 'Maurine Skiles', 5, '2.31', '0.20389403', 'Iste sunt aspernatur quasi omnis. Facere et omnis non.', NULL, 93);
INSERT INTO `expences_calculator` (`expencescalculator_id`, `created_at`, `deleted_at`, `description`, `name`, `periority`, `price`, `total_cost`, `type`, `updated_at`, `touristyplaces_id`) VALUES (94, '1984-11-23 00:00:00.000000', NULL, 'Enim ad odio eos consequatur. Deleniti aspernatur nisi cumque minus et. Iusto amet repellendus quas earum.', 'Roxane Dooley', 7, '271345322.83', '1286848.014326', 'Ut officia nihil deserunt id voluptas. Expedita aspernatur ut ut et aut. Accusantium delectus doloremque dolorum consequatur.', NULL, 94);
INSERT INTO `expences_calculator` (`expencescalculator_id`, `created_at`, `deleted_at`, `description`, `name`, `periority`, `price`, `total_cost`, `type`, `updated_at`, `touristyplaces_id`) VALUES (95, '1994-11-02 00:00:00.000000', NULL, 'Totam temporibus ut esse. Consequatur reiciendis debitis ratione dolor. Rerum adipisci corporis voluptatem error et assumenda maxime.', 'Prof. Antone Feeney', 7, '0', '32.479', 'Distinctio accusamus veritatis ea doloribus officia enim vero sit. Facilis aut laboriosam quia ducimus. Molestias perspiciatis enim id earum aut ad.', NULL, 95);
INSERT INTO `expences_calculator` (`expencescalculator_id`, `created_at`, `deleted_at`, `description`, `name`, `periority`, `price`, `total_cost`, `type`, `updated_at`, `touristyplaces_id`) VALUES (96, '1994-03-10 00:00:00.000000', NULL, 'Aspernatur quos aut illo facere voluptas sint ut. Occaecati harum commodi sit mollitia nihil qui sint. Quibusdam corporis ea deserunt possimus.', 'Prof. Euna Powlowski', 7, '5597.2624456', '495670.4063', 'Magnam corporis autem atque quisquam facere quo. Molestiae ut voluptatibus et voluptatem quidem. Et deserunt qui corporis.', NULL, 96);
INSERT INTO `expences_calculator` (`expencescalculator_id`, `created_at`, `deleted_at`, `description`, `name`, `periority`, `price`, `total_cost`, `type`, `updated_at`, `touristyplaces_id`) VALUES (97, '1979-11-02 00:00:00.000000', NULL, 'Rem a omnis quis. Voluptas et qui ratione eaque. Culpa iusto occaecati corporis est et ad. Ut quia earum alias voluptatum consectetur sunt.', 'Seth Hudson I', 5, '3.348', '3892.72129658', 'Sequi quos error aliquid atque doloremque sit aliquid. Eaque excepturi perspiciatis ratione ipsa inventore dolor. Eligendi beatae id fuga. Voluptate ut corrupti error modi.', NULL, 97);
INSERT INTO `expences_calculator` (`expencescalculator_id`, `created_at`, `deleted_at`, `description`, `name`, `periority`, `price`, `total_cost`, `type`, `updated_at`, `touristyplaces_id`) VALUES (98, '1988-11-22 00:00:00.000000', NULL, 'Id itaque rerum officia. Sunt eos voluptate sed qui laboriosam excepturi similique.', 'Princess Kris III', 2, '50810.23812', '1.6361754', 'Sequi pariatur adipisci soluta iste ex consectetur similique. Libero nemo autem ea rerum dignissimos. Rerum repellendus facere vitae vitae eos omnis qui.', NULL, 98);
INSERT INTO `expences_calculator` (`expencescalculator_id`, `created_at`, `deleted_at`, `description`, `name`, `periority`, `price`, `total_cost`, `type`, `updated_at`, `touristyplaces_id`) VALUES (99, '2005-10-08 00:00:00.000000', NULL, 'Et voluptate eligendi deleniti id quae itaque error. Consequatur molestiae sapiente qui illum omnis perspiciatis quae. Tenetur nisi ratione ut similique aut nesciunt.', 'Ena Gaylord', 7, '1349.57', '66837627.95', 'Facilis iste eveniet officiis officiis. Enim consequatur voluptatibus natus aut saepe molestiae dolore. Aut vel amet voluptas magnam. Ducimus minus dolore vel nulla omnis expedita quibusdam.', NULL, 99);
INSERT INTO `expences_calculator` (`expencescalculator_id`, `created_at`, `deleted_at`, `description`, `name`, `periority`, `price`, `total_cost`, `type`, `updated_at`, `touristyplaces_id`) VALUES (100, '1997-10-20 00:00:00.000000', NULL, 'Sed dicta et asperiores itaque aut. Est qui illo amet tempora at quo. Eos ut molestiae accusantium aut tempore provident. Laboriosam dolorem mollitia aliquam.', 'Tyreek Lynch', 6, '142.81', '3818.380265388', 'A animi in alias soluta et a ut et. Aliquid excepturi et recusandae corrupti omnis ad. Est est corporis dolor qui non ut.', NULL, 100);



INSERT INTO `feedback` (`feedback_id`, `last_name`, `created_at`, `deleted_at`, `description`, `email`, `experience_rate`, `first_name`, `updated_at`, `user_id`) VALUES (1, 'Dickens', '2000-10-01 00:00:00.000000', NULL, 'Consectetur sed deleniti unde architecto. Delectus saepe dolores sunt et quam aperiam. Porro atque quam consequatur voluptates.', 'ngreenholt@example.net', 9, 'Hal', NULL, 1);
INSERT INTO `feedback` (`feedback_id`, `last_name`, `created_at`, `deleted_at`, `description`, `email`, `experience_rate`, `first_name`, `updated_at`, `user_id`) VALUES (2, 'Renner', '1990-04-02 00:00:00.000000', NULL, 'Laudantium dolores minima error cum. Eum molestias aut facere culpa sequi modi aperiam.', 'jaqueline.conn@example.net', 5, 'Diego', NULL, 2);
INSERT INTO `feedback` (`feedback_id`, `last_name`, `created_at`, `deleted_at`, `description`, `email`, `experience_rate`, `first_name`, `updated_at`, `user_id`) VALUES (3, 'Howell', '1994-09-27 00:00:00.000000', NULL, 'Nemo sunt similique qui repudiandae qui. Totam labore voluptatem dolorum possimus necessitatibus aperiam ratione. In iste dolor rerum sequi vero quia.', 'hazel.orn@example.com', 2, 'Edgar', NULL, 3);
INSERT INTO `feedback` (`feedback_id`, `last_name`, `created_at`, `deleted_at`, `description`, `email`, `experience_rate`, `first_name`, `updated_at`, `user_id`) VALUES (4, 'Emmerich', '1991-01-16 00:00:00.000000', NULL, 'Ut nostrum explicabo nam qui laudantium. Harum qui rerum deleniti et quas non fugiat. Expedita vitae ex voluptate. Possimus et blanditiis suscipit architecto tempore excepturi.', 'runolfsdottir.vida@example.org', 7, 'Jalen', NULL, 4);
INSERT INTO `feedback` (`feedback_id`, `last_name`, `created_at`, `deleted_at`, `description`, `email`, `experience_rate`, `first_name`, `updated_at`, `user_id`) VALUES (5, 'Wunsch', '1995-01-03 00:00:00.000000', NULL, 'Et maiores optio consequuntur tempore recusandae repellendus qui. Nesciunt nulla nemo sunt. Modi vel repudiandae incidunt error animi quos. Ipsa dolorem neque et expedita quas illum qui.', 'gerardo02@example.net', 5, 'Selmer', NULL, 5);
INSERT INTO `feedback` (`feedback_id`, `last_name`, `created_at`, `deleted_at`, `description`, `email`, `experience_rate`, `first_name`, `updated_at`, `user_id`) VALUES (6, 'Weber', '2008-10-27 00:00:00.000000', NULL, 'Dolorem vero ea accusantium ipsa quibusdam laboriosam. Eveniet qui et in consectetur corporis.', 'schumm.vivienne@example.com', 2, 'Jamel', NULL, 6);
INSERT INTO `feedback` (`feedback_id`, `last_name`, `created_at`, `deleted_at`, `description`, `email`, `experience_rate`, `first_name`, `updated_at`, `user_id`) VALUES (7, 'Rippin', '2020-08-03 00:00:00.000000', NULL, 'Porro molestias quae suscipit quibusdam. Consequatur iusto quia et voluptas. Rem nihil sapiente voluptatem accusantium et. Dolores neque et cumque et aliquam sunt aut. Veritatis rerum et quas sunt quidem nihil.', 'laverna.frami@example.net', 9, 'Orlando', NULL, 7);
INSERT INTO `feedback` (`feedback_id`, `last_name`, `created_at`, `deleted_at`, `description`, `email`, `experience_rate`, `first_name`, `updated_at`, `user_id`) VALUES (8, 'King', '2015-03-22 00:00:00.000000', NULL, 'Earum est et dolores aut aspernatur. Sit suscipit aut dolores blanditiis repellat. Aut minus est praesentium amet.', 'carson71@example.net', 4, 'Paul', NULL, 8);
INSERT INTO `feedback` (`feedback_id`, `last_name`, `created_at`, `deleted_at`, `description`, `email`, `experience_rate`, `first_name`, `updated_at`, `user_id`) VALUES (9, 'Berge', '1987-05-28 00:00:00.000000', NULL, 'Eos sunt mollitia ab accusantium error aliquid totam. Dolore sed autem minus rerum adipisci veritatis asperiores. Soluta expedita consequuntur est sed fugit. Tempora error repudiandae aut ipsa.', 'gleichner.frieda@example.net', 1, 'Pansy', NULL, 9);
INSERT INTO `feedback` (`feedback_id`, `last_name`, `created_at`, `deleted_at`, `description`, `email`, `experience_rate`, `first_name`, `updated_at`, `user_id`) VALUES (10, 'Smitham', '1977-02-06 00:00:00.000000', NULL, 'Amet eos quos explicabo ea aut atque distinctio modi. Ipsa architecto quod dolor aliquid voluptatibus ipsum adipisci id.', 'prosacco.raegan@example.com', 3, 'Lenna', NULL, 10);
INSERT INTO `feedback` (`feedback_id`, `last_name`, `created_at`, `deleted_at`, `description`, `email`, `experience_rate`, `first_name`, `updated_at`, `user_id`) VALUES (11, 'Bernhard', '1973-09-16 00:00:00.000000', NULL, 'Quisquam odio fuga neque est eos. Beatae in sint rem tempora repudiandae sit odio. Adipisci qui dolorem neque soluta. Tempora omnis ad sit error ex sit nemo quia.', 'stephany.medhurst@example.com', 3, 'Isaiah', NULL, 11);
INSERT INTO `feedback` (`feedback_id`, `last_name`, `created_at`, `deleted_at`, `description`, `email`, `experience_rate`, `first_name`, `updated_at`, `user_id`) VALUES (12, 'Davis', '2009-06-18 00:00:00.000000', NULL, 'Animi illum cupiditate et. Earum accusamus est sit quia provident est. Et possimus excepturi vitae aut eius qui excepturi. Cumque harum dolorum aut facere fugiat sapiente cupiditate. Architecto in assumenda id eum.', 'estel65@example.org', 1, 'Karlee', NULL, 12);
INSERT INTO `feedback` (`feedback_id`, `last_name`, `created_at`, `deleted_at`, `description`, `email`, `experience_rate`, `first_name`, `updated_at`, `user_id`) VALUES (13, 'Rosenbaum', '2009-11-05 00:00:00.000000', NULL, 'Omnis quaerat magnam molestiae pariatur magni eum. Sit omnis eum expedita dolorem unde mollitia incidunt. Ut inventore in incidunt libero natus doloremque.', 'lebsack.norberto@example.net', 7, 'Cynthia', NULL, 13);
INSERT INTO `feedback` (`feedback_id`, `last_name`, `created_at`, `deleted_at`, `description`, `email`, `experience_rate`, `first_name`, `updated_at`, `user_id`) VALUES (14, 'Gutkowski', '2008-11-16 00:00:00.000000', NULL, 'Ea consequatur delectus laudantium ad et amet at. Est non ut accusamus et velit rerum similique dolorem. Adipisci minus reprehenderit dolorum dolorum doloremque porro mollitia. Suscipit sapiente consequatur ex.', 'fadel.kelvin@example.org', 4, 'Amber', NULL, 14);
INSERT INTO `feedback` (`feedback_id`, `last_name`, `created_at`, `deleted_at`, `description`, `email`, `experience_rate`, `first_name`, `updated_at`, `user_id`) VALUES (15, 'Robel', '1982-01-06 00:00:00.000000', NULL, 'Et enim ut harum soluta adipisci. Earum nemo mollitia eos. Velit expedita possimus voluptatem quis doloribus.', 'ryley69@example.com', 5, 'Carli', NULL, 15);
INSERT INTO `feedback` (`feedback_id`, `last_name`, `created_at`, `deleted_at`, `description`, `email`, `experience_rate`, `first_name`, `updated_at`, `user_id`) VALUES (16, 'Pouros', '1996-07-24 00:00:00.000000', NULL, 'Cupiditate assumenda incidunt aut quas nisi. Exercitationem voluptatum quia aliquid reprehenderit expedita reprehenderit. Provident ut deleniti qui reprehenderit.', 'johnston.chaya@example.com', 6, 'Layla', NULL, 16);
INSERT INTO `feedback` (`feedback_id`, `last_name`, `created_at`, `deleted_at`, `description`, `email`, `experience_rate`, `first_name`, `updated_at`, `user_id`) VALUES (17, 'Dickens', '2016-07-09 00:00:00.000000', NULL, 'Quibusdam quis similique quisquam dolores molestiae. Voluptatum est omnis nostrum voluptatum doloribus.', 'lorine75@example.net', 8, 'Benjamin', NULL, 17);
INSERT INTO `feedback` (`feedback_id`, `last_name`, `created_at`, `deleted_at`, `description`, `email`, `experience_rate`, `first_name`, `updated_at`, `user_id`) VALUES (18, 'Fritsch', '1983-03-18 00:00:00.000000', NULL, 'Omnis quod laboriosam aut qui animi. Adipisci ea architecto enim qui voluptas. Fugiat iusto beatae sed odit voluptatem laudantium odio omnis. Distinctio officia non alias cum architecto.', 'annette.davis@example.com', 1, 'Shannon', NULL, 18);
INSERT INTO `feedback` (`feedback_id`, `last_name`, `created_at`, `deleted_at`, `description`, `email`, `experience_rate`, `first_name`, `updated_at`, `user_id`) VALUES (19, 'Hirthe', '1975-01-30 00:00:00.000000', NULL, 'Perferendis cum debitis voluptatum ullam cupiditate. Nemo quas similique quisquam dolorum suscipit debitis est. Tenetur sed quidem culpa labore.', 'lee.schaden@example.net', 3, 'Gonzalo', NULL, 19);
INSERT INTO `feedback` (`feedback_id`, `last_name`, `created_at`, `deleted_at`, `description`, `email`, `experience_rate`, `first_name`, `updated_at`, `user_id`) VALUES (20, 'Moore', '2005-09-06 00:00:00.000000', NULL, 'Iure velit numquam enim placeat et ad. Qui id autem est. Est nam et dignissimos quibusdam.', 'jovani.grant@example.com', 4, 'Dwight', NULL, 20);
INSERT INTO `feedback` (`feedback_id`, `last_name`, `created_at`, `deleted_at`, `description`, `email`, `experience_rate`, `first_name`, `updated_at`, `user_id`) VALUES (21, 'Bahringer', '1988-03-29 00:00:00.000000', NULL, 'Esse assumenda ipsam nesciunt nisi. Magni in dolore at quisquam natus. Inventore ullam laudantium nisi et quo. Culpa quasi consectetur consequuntur facere quaerat commodi.', 'simeon.schoen@example.net', 2, 'Olen', NULL, 21);
INSERT INTO `feedback` (`feedback_id`, `last_name`, `created_at`, `deleted_at`, `description`, `email`, `experience_rate`, `first_name`, `updated_at`, `user_id`) VALUES (22, 'Glover', '2022-07-17 00:00:00.000000', NULL, 'Accusamus nihil illum tempore autem ratione dolor aliquid. Suscipit vitae laborum nostrum dolorem qui.', 'mariana.waters@example.org', 2, 'Felicia', NULL, 22);
INSERT INTO `feedback` (`feedback_id`, `last_name`, `created_at`, `deleted_at`, `description`, `email`, `experience_rate`, `first_name`, `updated_at`, `user_id`) VALUES (23, 'Kihn', '2000-03-30 00:00:00.000000', NULL, 'Ex eaque quae ipsam iusto et modi. Quo quisquam voluptas nemo aut nulla. Laudantium voluptatem ipsa quis assumenda praesentium. Nostrum accusamus aperiam voluptatibus enim nihil molestiae consequatur.', 'vicenta01@example.net', 5, 'Lola', NULL, 23);
INSERT INTO `feedback` (`feedback_id`, `last_name`, `created_at`, `deleted_at`, `description`, `email`, `experience_rate`, `first_name`, `updated_at`, `user_id`) VALUES (24, 'Wehner', '1987-05-21 00:00:00.000000', NULL, 'Iusto ut aliquid consequuntur nesciunt. Deserunt non tenetur possimus maxime nostrum. Qui nisi sequi quibusdam quisquam doloribus dolorem. Dolore architecto neque aut porro et quas harum.', 'forrest.wiegand@example.net', 8, 'Cristobal', NULL, 24);
INSERT INTO `feedback` (`feedback_id`, `last_name`, `created_at`, `deleted_at`, `description`, `email`, `experience_rate`, `first_name`, `updated_at`, `user_id`) VALUES (25, 'Tromp', '2005-04-22 00:00:00.000000', NULL, 'Ea corrupti nostrum voluptatem corporis adipisci cum aut. Voluptas non sed reprehenderit et qui magni cupiditate. Ipsum et eos ipsam occaecati enim. Voluptates aliquam iure rem et accusantium itaque. Alias aut aspernatur beatae laboriosam deserunt ea atqu', 'yturner@example.net', 3, 'Laron', NULL, 25);
INSERT INTO `feedback` (`feedback_id`, `last_name`, `created_at`, `deleted_at`, `description`, `email`, `experience_rate`, `first_name`, `updated_at`, `user_id`) VALUES (26, 'Collins', '2005-02-14 00:00:00.000000', NULL, 'Aut dolorum harum sunt provident id nam. Non ducimus voluptatum suscipit ut laboriosam aut ut sunt. Quae beatae cum fuga similique ipsam quis cumque.', 'breitenberg.everette@example.org', 5, 'Luna', NULL, 26);
INSERT INTO `feedback` (`feedback_id`, `last_name`, `created_at`, `deleted_at`, `description`, `email`, `experience_rate`, `first_name`, `updated_at`, `user_id`) VALUES (27, 'Morissette', '1990-04-24 00:00:00.000000', NULL, 'Debitis voluptatem ipsa dolor modi minus beatae. Ullam in provident voluptas. Beatae reiciendis ea iste rem velit quas qui.', 'stephanie94@example.com', 9, 'Velva', NULL, 27);
INSERT INTO `feedback` (`feedback_id`, `last_name`, `created_at`, `deleted_at`, `description`, `email`, `experience_rate`, `first_name`, `updated_at`, `user_id`) VALUES (28, 'Mueller', '1980-02-07 00:00:00.000000', NULL, 'Quia inventore iusto beatae. Voluptas molestiae facere sequi repellendus odio dolorem et. Ut libero ipsam sint laborum. Non libero cupiditate sint aut autem nisi voluptatibus.', 'herman05@example.org', 3, 'Lucinda', NULL, 28);
INSERT INTO `feedback` (`feedback_id`, `last_name`, `created_at`, `deleted_at`, `description`, `email`, `experience_rate`, `first_name`, `updated_at`, `user_id`) VALUES (29, 'Hagenes', '2009-08-05 00:00:00.000000', NULL, 'Earum eius ratione sint. Eum in nemo maiores incidunt. Deleniti sed praesentium eveniet sed.', 'monte.abernathy@example.com', 3, 'Junior', NULL, 29);
INSERT INTO `feedback` (`feedback_id`, `last_name`, `created_at`, `deleted_at`, `description`, `email`, `experience_rate`, `first_name`, `updated_at`, `user_id`) VALUES (30, 'Hartmann', '1985-11-03 00:00:00.000000', NULL, 'In et ullam qui sit illo consequuntur consequuntur. Debitis dolorum aut autem doloremque suscipit ut quia. Pariatur porro ab voluptatum minus voluptas consequatur at. Temporibus amet laudantium laboriosam aliquam a.', 'else.tromp@example.com', 1, 'Tianna', NULL, 30);
INSERT INTO `feedback` (`feedback_id`, `last_name`, `created_at`, `deleted_at`, `description`, `email`, `experience_rate`, `first_name`, `updated_at`, `user_id`) VALUES (31, 'Tillman', '1989-04-05 00:00:00.000000', NULL, 'Illum sed temporibus itaque laudantium ex autem sint. Est maiores ut natus. Voluptatum non enim aliquid a earum.', 'viola.botsford@example.net', 4, 'Hillary', NULL, 31);
INSERT INTO `feedback` (`feedback_id`, `last_name`, `created_at`, `deleted_at`, `description`, `email`, `experience_rate`, `first_name`, `updated_at`, `user_id`) VALUES (32, 'Swaniawski', '1992-11-09 00:00:00.000000', NULL, 'Enim facere qui perferendis minus. Dignissimos incidunt rerum dolorum eaque nemo assumenda. Commodi ab unde et. Voluptas aut provident quibusdam.', 'zheidenreich@example.net', 7, 'Paul', NULL, 32);
INSERT INTO `feedback` (`feedback_id`, `last_name`, `created_at`, `deleted_at`, `description`, `email`, `experience_rate`, `first_name`, `updated_at`, `user_id`) VALUES (33, 'Hermiston', '1995-06-22 00:00:00.000000', NULL, 'Maxime molestias voluptatibus et sit aut. Aut dolor accusantium est tenetur cumque sapiente blanditiis. Aut et enim rerum amet eum voluptatem sunt. Harum amet sunt necessitatibus vel saepe sequi.', 'litzy98@example.org', 2, 'Manuela', NULL, 33);
INSERT INTO `feedback` (`feedback_id`, `last_name`, `created_at`, `deleted_at`, `description`, `email`, `experience_rate`, `first_name`, `updated_at`, `user_id`) VALUES (34, 'McGlynn', '1974-07-03 00:00:00.000000', NULL, 'Dolores dolores dolore dicta voluptatem. Accusamus quod eaque dolor aut sunt. Corporis expedita architecto molestiae magni dolores quibusdam eaque. Et quos eos dolores rerum ab sunt. Voluptates aut id sint asperiores et atque aperiam.', 'bergnaum.felix@example.com', 3, 'Isom', NULL, 34);
INSERT INTO `feedback` (`feedback_id`, `last_name`, `created_at`, `deleted_at`, `description`, `email`, `experience_rate`, `first_name`, `updated_at`, `user_id`) VALUES (35, 'Corwin', '1983-02-05 00:00:00.000000', NULL, 'Velit commodi qui ad impedit. Animi earum libero omnis illum. Nesciunt itaque eius nihil. Repudiandae alias dolore officiis.', 'sigurd.greenholt@example.net', 2, 'Donavon', NULL, 35);
INSERT INTO `feedback` (`feedback_id`, `last_name`, `created_at`, `deleted_at`, `description`, `email`, `experience_rate`, `first_name`, `updated_at`, `user_id`) VALUES (36, 'Stracke', '2001-05-10 00:00:00.000000', NULL, 'Autem ut repellendus qui eligendi quasi. Voluptatem ut ut ipsa sapiente. Non consequuntur sed inventore. Soluta sed facilis doloremque ex in.', 'constance.raynor@example.com', 9, 'Ahmed', NULL, 36);
INSERT INTO `feedback` (`feedback_id`, `last_name`, `created_at`, `deleted_at`, `description`, `email`, `experience_rate`, `first_name`, `updated_at`, `user_id`) VALUES (37, 'Leuschke', '1975-11-09 00:00:00.000000', NULL, 'Qui velit perferendis maiores tempora deserunt. Sit inventore et nam pariatur aliquid. Voluptas porro vel ut. Tempora non perspiciatis enim et.', 'otis.rath@example.com', 8, 'Gladyce', NULL, 37);
INSERT INTO `feedback` (`feedback_id`, `last_name`, `created_at`, `deleted_at`, `description`, `email`, `experience_rate`, `first_name`, `updated_at`, `user_id`) VALUES (38, 'Thompson', '1997-10-27 00:00:00.000000', NULL, 'Praesentium dolore consequuntur molestiae est totam dolorem libero est. Ducimus consequatur voluptatibus laudantium numquam dolore. Eaque eaque ullam dolore ipsum et consequatur officia. Quis quia eveniet voluptatum deserunt assumenda doloribus quae.', 'grimes.micaela@example.net', 3, 'Terrence', NULL, 38);
INSERT INTO `feedback` (`feedback_id`, `last_name`, `created_at`, `deleted_at`, `description`, `email`, `experience_rate`, `first_name`, `updated_at`, `user_id`) VALUES (39, 'Feest', '1978-11-22 00:00:00.000000', NULL, 'Adipisci repellat eum nulla aut ea. Qui nesciunt facilis in corporis et alias officia optio. Dolores et distinctio deserunt corrupti.', 'lafayette.mueller@example.com', 4, 'Teagan', NULL, 39);
INSERT INTO `feedback` (`feedback_id`, `last_name`, `created_at`, `deleted_at`, `description`, `email`, `experience_rate`, `first_name`, `updated_at`, `user_id`) VALUES (40, 'Welch', '1993-07-05 00:00:00.000000', NULL, 'Et vel ea ullam. Deserunt magnam enim iure. Odit nam saepe aut dolores et nemo. Iusto quidem dolores quia sit necessitatibus.', 'goodwin.darion@example.com', 7, 'Alisa', NULL, 40);
INSERT INTO `feedback` (`feedback_id`, `last_name`, `created_at`, `deleted_at`, `description`, `email`, `experience_rate`, `first_name`, `updated_at`, `user_id`) VALUES (41, 'Gutkowski', '1998-03-03 00:00:00.000000', NULL, 'Et aliquid sunt velit fugit voluptas totam eligendi consequatur. Officiis mollitia in eveniet vero architecto.', 'catharine.aufderhar@example.net', 3, 'Veda', NULL, 41);
INSERT INTO `feedback` (`feedback_id`, `last_name`, `created_at`, `deleted_at`, `description`, `email`, `experience_rate`, `first_name`, `updated_at`, `user_id`) VALUES (42, 'Goodwin', '1996-10-21 00:00:00.000000', NULL, 'Quis tempora fugit a velit est eius repellat impedit. Qui harum doloribus illo hic et.', 'larson.madonna@example.org', 3, 'Viviane', NULL, 42);
INSERT INTO `feedback` (`feedback_id`, `last_name`, `created_at`, `deleted_at`, `description`, `email`, `experience_rate`, `first_name`, `updated_at`, `user_id`) VALUES (43, 'Boyle', '2000-10-08 00:00:00.000000', NULL, 'Omnis accusamus dolorum tenetur. Velit omnis ipsa placeat quia quis eligendi. Consequatur eos ut ut consequuntur et.', 'elyse.kunze@example.com', 8, 'Cali', NULL, 43);
INSERT INTO `feedback` (`feedback_id`, `last_name`, `created_at`, `deleted_at`, `description`, `email`, `experience_rate`, `first_name`, `updated_at`, `user_id`) VALUES (44, 'Powlowski', '2020-05-16 00:00:00.000000', NULL, 'Et qui rerum veniam iste modi tenetur commodi rerum. Omnis voluptatem quam labore blanditiis voluptatibus vitae aspernatur.', 'hallie.sanford@example.net', 3, 'Georgianna', NULL, 44);
INSERT INTO `feedback` (`feedback_id`, `last_name`, `created_at`, `deleted_at`, `description`, `email`, `experience_rate`, `first_name`, `updated_at`, `user_id`) VALUES (45, 'Block', '2012-06-27 00:00:00.000000', NULL, 'Molestiae deserunt corrupti mollitia unde eum aliquid facilis. Vitae amet odio laboriosam corrupti dicta harum nihil consequatur. Aut explicabo sit voluptatibus culpa sit aspernatur doloribus.', 'edward.kihn@example.com', 6, 'Guiseppe', NULL, 45);
INSERT INTO `feedback` (`feedback_id`, `last_name`, `created_at`, `deleted_at`, `description`, `email`, `experience_rate`, `first_name`, `updated_at`, `user_id`) VALUES (46, 'Strosin', '1987-10-17 00:00:00.000000', NULL, 'Et debitis amet qui et. Dicta magni ut asperiores.', 'penelope33@example.net', 3, 'Keith', NULL, 46);
INSERT INTO `feedback` (`feedback_id`, `last_name`, `created_at`, `deleted_at`, `description`, `email`, `experience_rate`, `first_name`, `updated_at`, `user_id`) VALUES (47, 'Keebler', '1971-03-24 00:00:00.000000', NULL, 'Doloremque dolores ex quia magnam eaque. Sit eos ut sed excepturi rerum culpa necessitatibus. Possimus nobis eaque non ut laboriosam nulla.', 'claudine90@example.org', 5, 'Marisol', NULL, 47);
INSERT INTO `feedback` (`feedback_id`, `last_name`, `created_at`, `deleted_at`, `description`, `email`, `experience_rate`, `first_name`, `updated_at`, `user_id`) VALUES (48, 'Yost', '2015-02-03 00:00:00.000000', NULL, 'Sed voluptas ullam et libero assumenda. Nihil nesciunt dicta ut vel. Hic eveniet et sed vitae quidem ut vero. Perspiciatis debitis quidem voluptas veritatis at.', 'price.davion@example.org', 6, 'Jeanne', NULL, 48);
INSERT INTO `feedback` (`feedback_id`, `last_name`, `created_at`, `deleted_at`, `description`, `email`, `experience_rate`, `first_name`, `updated_at`, `user_id`) VALUES (49, 'Cruickshank', '1986-09-15 00:00:00.000000', NULL, 'Officia officiis et voluptates expedita optio eius. Iusto aut consequatur aut quo. Porro voluptates maiores quo.', 'haylee.bergnaum@example.org', 5, 'Delpha', NULL, 49);
INSERT INTO `feedback` (`feedback_id`, `last_name`, `created_at`, `deleted_at`, `description`, `email`, `experience_rate`, `first_name`, `updated_at`, `user_id`) VALUES (50, 'Wiza', '1971-03-07 00:00:00.000000', NULL, 'Quia consequatur rerum doloremque dolor eligendi. Corrupti iure sit et. Cum explicabo aut voluptas ad.', 'rbashirian@example.com', 4, 'Immanuel', NULL, 50);
INSERT INTO `feedback` (`feedback_id`, `last_name`, `created_at`, `deleted_at`, `description`, `email`, `experience_rate`, `first_name`, `updated_at`, `user_id`) VALUES (51, 'Johns', '2020-12-25 00:00:00.000000', NULL, 'Rerum adipisci fugit quas hic. Aperiam ut molestiae ipsa consequuntur cupiditate labore inventore. Eaque molestiae aut sit debitis. Accusamus cupiditate doloribus voluptas molestiae et voluptas consequatur.', 'bill.stokes@example.com', 7, 'Nova', NULL, 51);
INSERT INTO `feedback` (`feedback_id`, `last_name`, `created_at`, `deleted_at`, `description`, `email`, `experience_rate`, `first_name`, `updated_at`, `user_id`) VALUES (52, 'Ruecker', '1992-11-13 00:00:00.000000', NULL, 'Veritatis molestiae explicabo laboriosam itaque quos quaerat. Unde sint consectetur optio voluptas.', 'schroeder.angus@example.org', 5, 'Alayna', NULL, 52);
INSERT INTO `feedback` (`feedback_id`, `last_name`, `created_at`, `deleted_at`, `description`, `email`, `experience_rate`, `first_name`, `updated_at`, `user_id`) VALUES (53, 'Kub', '2017-10-31 00:00:00.000000', NULL, 'Rerum praesentium repellat quos fuga. Nulla quia iusto architecto fuga sed. Provident odio et sed ipsum.', 'ryan.ullrich@example.net', 9, 'Willis', NULL, 53);
INSERT INTO `feedback` (`feedback_id`, `last_name`, `created_at`, `deleted_at`, `description`, `email`, `experience_rate`, `first_name`, `updated_at`, `user_id`) VALUES (54, 'Luettgen', '2018-05-24 00:00:00.000000', NULL, 'At nam numquam deserunt voluptas illum dignissimos est placeat. Autem dolor ducimus dolore. Voluptatem quam hic ratione.', 'tracey.kessler@example.net', 7, 'Ludie', NULL, 54);
INSERT INTO `feedback` (`feedback_id`, `last_name`, `created_at`, `deleted_at`, `description`, `email`, `experience_rate`, `first_name`, `updated_at`, `user_id`) VALUES (55, 'Miller', '1977-06-27 00:00:00.000000', NULL, 'Eaque non reprehenderit eius reiciendis ullam. Est dolore reiciendis cum aperiam ipsa. Consequatur architecto aliquam velit et facilis commodi natus. Incidunt at doloremque dolore neque numquam excepturi sint et.', 'hilll.devan@example.com', 5, 'Cordie', NULL, 55);
INSERT INTO `feedback` (`feedback_id`, `last_name`, `created_at`, `deleted_at`, `description`, `email`, `experience_rate`, `first_name`, `updated_at`, `user_id`) VALUES (56, 'Auer', '1973-04-12 00:00:00.000000', NULL, 'Et autem iste eos est incidunt tempora enim recusandae. Quia quasi minus dolorem deleniti ea. Ab et saepe at dolor reprehenderit magnam neque.', 'weimann.jose@example.com', 7, 'Kiarra', NULL, 56);
INSERT INTO `feedback` (`feedback_id`, `last_name`, `created_at`, `deleted_at`, `description`, `email`, `experience_rate`, `first_name`, `updated_at`, `user_id`) VALUES (57, 'Morar', '1985-01-23 00:00:00.000000', NULL, 'Quo voluptas vel voluptatem voluptatem praesentium aut. Aut quibusdam modi et est quis. Vel porro nisi ut expedita.', 'wolf.amelie@example.net', 2, 'Ebony', NULL, 57);
INSERT INTO `feedback` (`feedback_id`, `last_name`, `created_at`, `deleted_at`, `description`, `email`, `experience_rate`, `first_name`, `updated_at`, `user_id`) VALUES (58, 'Spencer', '2011-10-06 00:00:00.000000', NULL, 'Ut autem omnis tempora quos culpa qui. Sed consectetur quia quasi asperiores numquam doloremque eum. Dolore odio non nam. Et ipsam sunt non.', 'wilmer.schimmel@example.com', 9, 'Morris', NULL, 58);
INSERT INTO `feedback` (`feedback_id`, `last_name`, `created_at`, `deleted_at`, `description`, `email`, `experience_rate`, `first_name`, `updated_at`, `user_id`) VALUES (59, 'Hackett', '2004-03-03 00:00:00.000000', NULL, 'Et autem asperiores natus quis quam. Accusantium magnam iusto ut ut. Impedit et eum quidem et corrupti.', 'russel.hegmann@example.org', 2, 'Milan', NULL, 59);
INSERT INTO `feedback` (`feedback_id`, `last_name`, `created_at`, `deleted_at`, `description`, `email`, `experience_rate`, `first_name`, `updated_at`, `user_id`) VALUES (60, 'Lehner', '1990-01-10 00:00:00.000000', NULL, 'Suscipit ab sit quidem blanditiis laudantium possimus ducimus. Inventore rerum dolor beatae et aliquam assumenda.', 'wellington23@example.net', 1, 'Penelope', NULL, 60);
INSERT INTO `feedback` (`feedback_id`, `last_name`, `created_at`, `deleted_at`, `description`, `email`, `experience_rate`, `first_name`, `updated_at`, `user_id`) VALUES (61, 'Kunde', '1983-09-04 00:00:00.000000', NULL, 'Ipsum vero ipsum aut consequatur sit quia. Nam aliquam blanditiis a soluta accusamus ullam eius. Sit ut sint nulla nesciunt dolorem. Autem illum accusantium consequuntur odit ullam. Officiis quis voluptate qui tenetur nulla architecto soluta nihil.', 'una52@example.com', 5, 'Avery', NULL, 61);
INSERT INTO `feedback` (`feedback_id`, `last_name`, `created_at`, `deleted_at`, `description`, `email`, `experience_rate`, `first_name`, `updated_at`, `user_id`) VALUES (62, 'Dickens', '2011-05-12 00:00:00.000000', NULL, 'Consequatur et totam cum temporibus rerum autem. Nam sunt non itaque. Hic qui deleniti nam voluptates. Dolorum in autem voluptas deleniti pariatur magni eaque veritatis.', 'destinee98@example.com', 2, 'Katarina', NULL, 62);
INSERT INTO `feedback` (`feedback_id`, `last_name`, `created_at`, `deleted_at`, `description`, `email`, `experience_rate`, `first_name`, `updated_at`, `user_id`) VALUES (63, 'Hodkiewicz', '2005-02-15 00:00:00.000000', NULL, 'In iusto iusto dolor et iusto id. Est consequuntur labore rerum qui omnis quos doloremque. Aliquid doloribus quia est tenetur illo. Autem reiciendis hic quis quisquam. Ut illo maiores et laboriosam.', 'braeden70@example.org', 1, 'Kristin', NULL, 63);
INSERT INTO `feedback` (`feedback_id`, `last_name`, `created_at`, `deleted_at`, `description`, `email`, `experience_rate`, `first_name`, `updated_at`, `user_id`) VALUES (64, 'Fay', '1995-06-03 00:00:00.000000', NULL, 'Aliquam vero minus doloribus amet ea unde consequatur. Sint soluta qui explicabo distinctio beatae aut beatae. Voluptatem aliquid nemo sint in neque. Sit autem voluptatem esse iusto maxime rerum voluptas. Perspiciatis ea sit aspernatur corporis.', 'leffler.myrtie@example.com', 8, 'Jamarcus', NULL, 64);
INSERT INTO `feedback` (`feedback_id`, `last_name`, `created_at`, `deleted_at`, `description`, `email`, `experience_rate`, `first_name`, `updated_at`, `user_id`) VALUES (65, 'Wiegand', '1979-12-26 00:00:00.000000', NULL, 'Adipisci totam est vitae quas deleniti omnis a. Eos eos dolor praesentium sed qui nisi qui. Mollitia esse est perspiciatis dolore. Fugiat asperiores rerum consequatur saepe.', 'jude.marks@example.com', 3, 'Elenora', NULL, 65);
INSERT INTO `feedback` (`feedback_id`, `last_name`, `created_at`, `deleted_at`, `description`, `email`, `experience_rate`, `first_name`, `updated_at`, `user_id`) VALUES (66, 'Marvin', '1988-07-31 00:00:00.000000', NULL, 'Tenetur consequatur blanditiis autem dolores aut sed modi illum. Sed nisi molestiae necessitatibus esse. Ut aspernatur corporis neque numquam impedit nostrum delectus. Quam veniam eum minima non nihil quam expedita qui.', 'jakubowski.delmer@example.com', 6, 'Gail', NULL, 66);
INSERT INTO `feedback` (`feedback_id`, `last_name`, `created_at`, `deleted_at`, `description`, `email`, `experience_rate`, `first_name`, `updated_at`, `user_id`) VALUES (67, 'Bartell', '1983-06-18 00:00:00.000000', NULL, 'Perspiciatis dolore alias doloribus accusamus doloribus dolor tempora. Dolores consequatur amet dolorem corrupti voluptatibus amet. Aut quia ratione corporis magni.', 'mills.lawrence@example.net', 9, 'Estel', NULL, 67);
INSERT INTO `feedback` (`feedback_id`, `last_name`, `created_at`, `deleted_at`, `description`, `email`, `experience_rate`, `first_name`, `updated_at`, `user_id`) VALUES (68, 'Rodriguez', '1994-12-18 00:00:00.000000', NULL, 'Omnis magni omnis quis est ut aut. Aliquid impedit deleniti fugit repudiandae ea possimus. Similique dolor et laboriosam et. Quae reiciendis aspernatur enim qui.', 'vcole@example.com', 5, 'Zelda', NULL, 68);
INSERT INTO `feedback` (`feedback_id`, `last_name`, `created_at`, `deleted_at`, `description`, `email`, `experience_rate`, `first_name`, `updated_at`, `user_id`) VALUES (69, 'Murazik', '1989-07-29 00:00:00.000000', NULL, 'Ut et et vitae et fugit id. Doloremque esse molestias facere neque. Facilis tenetur est facere et aut quia.', 'maryjane68@example.com', 5, 'Delbert', NULL, 69);
INSERT INTO `feedback` (`feedback_id`, `last_name`, `created_at`, `deleted_at`, `description`, `email`, `experience_rate`, `first_name`, `updated_at`, `user_id`) VALUES (70, 'Cummerata', '2000-01-01 00:00:00.000000', NULL, 'Aliquid culpa quia vitae voluptates et. Et non tempora sed neque. Dolore eos et consequatur blanditiis quis quo repellendus.', 'martine33@example.org', 6, 'Raleigh', NULL, 70);
INSERT INTO `feedback` (`feedback_id`, `last_name`, `created_at`, `deleted_at`, `description`, `email`, `experience_rate`, `first_name`, `updated_at`, `user_id`) VALUES (71, 'Rowe', '1974-04-12 00:00:00.000000', NULL, 'Beatae soluta vel quos et dolorem numquam. Porro autem fugit eveniet laborum ex exercitationem. Voluptatem recusandae voluptate reprehenderit et labore. Cupiditate sunt omnis non adipisci consequatur quisquam culpa.', 'crona.maxie@example.net', 5, 'Burdette', NULL, 71);
INSERT INTO `feedback` (`feedback_id`, `last_name`, `created_at`, `deleted_at`, `description`, `email`, `experience_rate`, `first_name`, `updated_at`, `user_id`) VALUES (72, 'Schulist', '2015-01-21 00:00:00.000000', NULL, 'Et dolores recusandae aut reiciendis quod in in repellendus. Consequatur facere culpa fuga tenetur asperiores ea. Molestias provident nemo laudantium nesciunt. Tenetur quae repellendus magnam explicabo quibusdam suscipit.', 'candida23@example.net', 4, 'Jamarcus', NULL, 72);
INSERT INTO `feedback` (`feedback_id`, `last_name`, `created_at`, `deleted_at`, `description`, `email`, `experience_rate`, `first_name`, `updated_at`, `user_id`) VALUES (73, 'Vandervort', '2017-07-29 00:00:00.000000', NULL, 'Rerum nemo porro sed consequatur veniam et officia. Voluptatem rerum odio praesentium aut vel.', 'marlene.sawayn@example.org', 8, 'Lizeth', NULL, 73);
INSERT INTO `feedback` (`feedback_id`, `last_name`, `created_at`, `deleted_at`, `description`, `email`, `experience_rate`, `first_name`, `updated_at`, `user_id`) VALUES (74, 'Homenick', '1999-07-24 00:00:00.000000', NULL, 'Repellat delectus autem molestiae libero pariatur provident iure blanditiis. Quia voluptas natus aut ut. Sunt aut ut impedit at ut nisi. Eos delectus dolor officia nisi ut minima.', 'geffertz@example.com', 4, 'Carlie', NULL, 74);
INSERT INTO `feedback` (`feedback_id`, `last_name`, `created_at`, `deleted_at`, `description`, `email`, `experience_rate`, `first_name`, `updated_at`, `user_id`) VALUES (75, 'Bayer', '1988-09-11 00:00:00.000000', NULL, 'Ea consequatur neque modi repellendus autem neque voluptas. Omnis esse fugit ab. Voluptas error ipsum quidem eum sed.', 'rodger33@example.net', 4, 'Brett', NULL, 75);
INSERT INTO `feedback` (`feedback_id`, `last_name`, `created_at`, `deleted_at`, `description`, `email`, `experience_rate`, `first_name`, `updated_at`, `user_id`) VALUES (76, 'Wolff', '2002-04-02 00:00:00.000000', NULL, 'Est eum animi nemo ab. Explicabo neque sunt nam voluptatibus. Alias molestiae rem totam facilis. Fugiat praesentium dolore temporibus a est repellat.', 'hessel.kacey@example.net', 7, 'Jaunita', NULL, 76);
INSERT INTO `feedback` (`feedback_id`, `last_name`, `created_at`, `deleted_at`, `description`, `email`, `experience_rate`, `first_name`, `updated_at`, `user_id`) VALUES (77, 'Hoppe', '2000-05-25 00:00:00.000000', NULL, 'Temporibus quia alias corporis veniam. Itaque aliquid voluptatibus dolor.', 'anya.kuvalis@example.net', 3, 'Linnea', NULL, 77);
INSERT INTO `feedback` (`feedback_id`, `last_name`, `created_at`, `deleted_at`, `description`, `email`, `experience_rate`, `first_name`, `updated_at`, `user_id`) VALUES (78, 'Becker', '1997-11-06 00:00:00.000000', NULL, 'Reprehenderit perspiciatis libero dolores voluptas magnam ea ullam. Est voluptas veritatis quidem. Eaque dolore consequatur dicta.', 'cshields@example.org', 6, 'Lexie', NULL, 78);
INSERT INTO `feedback` (`feedback_id`, `last_name`, `created_at`, `deleted_at`, `description`, `email`, `experience_rate`, `first_name`, `updated_at`, `user_id`) VALUES (79, 'Flatley', '1984-10-06 00:00:00.000000', NULL, 'Quia sit sunt autem ratione. Praesentium quo est qui dolore incidunt.', 'alejandrin.ward@example.com', 3, 'Lowell', NULL, 79);
INSERT INTO `feedback` (`feedback_id`, `last_name`, `created_at`, `deleted_at`, `description`, `email`, `experience_rate`, `first_name`, `updated_at`, `user_id`) VALUES (80, 'Reinger', '1970-06-29 00:00:00.000000', NULL, 'Est voluptatem qui quia. Officiis repellendus quia deleniti facilis.', 'alisha.batz@example.org', 8, 'Eino', NULL, 80);
INSERT INTO `feedback` (`feedback_id`, `last_name`, `created_at`, `deleted_at`, `description`, `email`, `experience_rate`, `first_name`, `updated_at`, `user_id`) VALUES (81, 'Doyle', '2016-11-25 00:00:00.000000', NULL, 'At commodi deleniti omnis rem et in animi. Dolor qui eos laudantium quo beatae ex. Assumenda numquam omnis eos est.', 'lschulist@example.net', 6, 'Kristy', NULL, 81);
INSERT INTO `feedback` (`feedback_id`, `last_name`, `created_at`, `deleted_at`, `description`, `email`, `experience_rate`, `first_name`, `updated_at`, `user_id`) VALUES (82, 'Adams', '2019-08-14 00:00:00.000000', NULL, 'Molestias dolorem sint cum. Dicta dolore quaerat quibusdam fugiat aut recusandae quam. Culpa voluptatum ea quae enim fugit.', 'zkonopelski@example.org', 3, 'Miles', NULL, 82);
INSERT INTO `feedback` (`feedback_id`, `last_name`, `created_at`, `deleted_at`, `description`, `email`, `experience_rate`, `first_name`, `updated_at`, `user_id`) VALUES (83, 'Emard', '1989-05-22 00:00:00.000000', NULL, 'Dicta ut officia necessitatibus. Natus commodi iste est qui ea a eum. Rerum quidem tempora ea impedit velit id molestiae quia. Praesentium at mollitia dolor architecto rerum.', 'kira47@example.org', 8, 'Tristian', NULL, 83);
INSERT INTO `feedback` (`feedback_id`, `last_name`, `created_at`, `deleted_at`, `description`, `email`, `experience_rate`, `first_name`, `updated_at`, `user_id`) VALUES (84, 'Padberg', '2003-02-20 00:00:00.000000', NULL, 'Repellat eaque quae dolor provident modi aut. Vero illum ipsum incidunt magni consequatur ex. Velit aut tempore ut facere vel voluptate odit eligendi.', 'zackary90@example.org', 4, 'Emie', NULL, 84);
INSERT INTO `feedback` (`feedback_id`, `last_name`, `created_at`, `deleted_at`, `description`, `email`, `experience_rate`, `first_name`, `updated_at`, `user_id`) VALUES (85, 'Dietrich', '1981-12-21 00:00:00.000000', NULL, 'Ipsum et dolor ad et ab velit. Odio ea vitae nobis alias cumque quod. Autem eveniet nobis maxime nihil expedita sapiente unde.', 'anika.gorczany@example.com', 1, 'Yadira', NULL, 85);
INSERT INTO `feedback` (`feedback_id`, `last_name`, `created_at`, `deleted_at`, `description`, `email`, `experience_rate`, `first_name`, `updated_at`, `user_id`) VALUES (86, 'Zboncak', '1971-08-14 00:00:00.000000', NULL, 'Aut ipsum pariatur tempore similique. Quia et doloremque nam ab a sint. Harum consequatur nihil qui corporis.', 'tfeeney@example.com', 6, 'Trinity', NULL, 86);
INSERT INTO `feedback` (`feedback_id`, `last_name`, `created_at`, `deleted_at`, `description`, `email`, `experience_rate`, `first_name`, `updated_at`, `user_id`) VALUES (87, 'Jacobi', '1973-04-01 00:00:00.000000', NULL, 'Perferendis voluptates quia quidem libero et officiis. Magni distinctio numquam deleniti aperiam. Architecto dolorem recusandae nihil veniam pariatur totam voluptate. Et accusamus molestiae debitis.', 'bayer.kari@example.com', 8, 'Ebony', NULL, 87);
INSERT INTO `feedback` (`feedback_id`, `last_name`, `created_at`, `deleted_at`, `description`, `email`, `experience_rate`, `first_name`, `updated_at`, `user_id`) VALUES (88, 'Quigley', '2022-11-15 00:00:00.000000', NULL, 'Eum ex quo ipsa ullam repellendus consequatur. Enim eaque est expedita aut. Voluptates omnis et tenetur in nulla. Minus aspernatur voluptatem numquam est delectus minima.', 'vhalvorson@example.net', 5, 'Llewellyn', NULL, 88);
INSERT INTO `feedback` (`feedback_id`, `last_name`, `created_at`, `deleted_at`, `description`, `email`, `experience_rate`, `first_name`, `updated_at`, `user_id`) VALUES (89, 'Bauch', '2017-08-27 00:00:00.000000', NULL, 'Aliquam sunt ab sint voluptatem consequatur laudantium. Praesentium praesentium distinctio quod deleniti rerum fugit rem aut. Sed eligendi sunt aperiam sint sed. Officia nihil soluta exercitationem ut.', 'dallas.rodriguez@example.net', 7, 'Syble', NULL, 89);
INSERT INTO `feedback` (`feedback_id`, `last_name`, `created_at`, `deleted_at`, `description`, `email`, `experience_rate`, `first_name`, `updated_at`, `user_id`) VALUES (90, 'Beer', '1973-09-23 00:00:00.000000', NULL, 'Blanditiis magnam voluptatem fugiat minus ipsam. Nostrum neque magni et ratione corrupti cumque veniam. Quaerat aperiam sapiente sit delectus minima asperiores accusantium libero. Nobis aliquam quis nam iste. Porro facilis consequatur expedita eos numquam', 'rhett.kuhic@example.net', 2, 'Brent', NULL, 90);
INSERT INTO `feedback` (`feedback_id`, `last_name`, `created_at`, `deleted_at`, `description`, `email`, `experience_rate`, `first_name`, `updated_at`, `user_id`) VALUES (91, 'Schmidt', '1977-11-04 00:00:00.000000', NULL, 'Eligendi dolore voluptatibus vel autem. Ullam et culpa consequatur illum ab id et. Est corporis voluptatem dolorem enim minima atque placeat. Aut fugit quia sed natus.', 'ross.conroy@example.com', 5, 'Nathaniel', NULL, 91);
INSERT INTO `feedback` (`feedback_id`, `last_name`, `created_at`, `deleted_at`, `description`, `email`, `experience_rate`, `first_name`, `updated_at`, `user_id`) VALUES (92, 'Olson', '1985-04-17 00:00:00.000000', NULL, 'Autem quis magni deserunt doloremque. Recusandae nihil iusto nemo similique reiciendis. Quis assumenda est itaque cum omnis accusantium est.', 'dondricka@example.com', 3, 'Hattie', NULL, 92);
INSERT INTO `feedback` (`feedback_id`, `last_name`, `created_at`, `deleted_at`, `description`, `email`, `experience_rate`, `first_name`, `updated_at`, `user_id`) VALUES (93, 'Lynch', '2015-01-06 00:00:00.000000', NULL, 'Recusandae iusto eos ut sit. Aut repellendus sunt quis soluta ratione. Sunt quo nihil facere facere aperiam. Sunt voluptatem quis ratione quisquam sint velit qui illum.', 'wuckert.emilie@example.net', 4, 'Lempi', NULL, 93);
INSERT INTO `feedback` (`feedback_id`, `last_name`, `created_at`, `deleted_at`, `description`, `email`, `experience_rate`, `first_name`, `updated_at`, `user_id`) VALUES (94, 'Waters', '2010-12-13 00:00:00.000000', NULL, 'Dolores voluptate sapiente harum eaque animi accusantium. Repellendus quos quidem quo esse id pariatur perferendis. Natus maxime perferendis fugiat enim.', 'candido74@example.net', 6, 'Donna', NULL, 94);
INSERT INTO `feedback` (`feedback_id`, `last_name`, `created_at`, `deleted_at`, `description`, `email`, `experience_rate`, `first_name`, `updated_at`, `user_id`) VALUES (95, 'Nikolaus', '1976-07-29 00:00:00.000000', NULL, 'Qui blanditiis dolor reprehenderit aliquam deleniti error provident. Est repellat quo labore adipisci odit ex unde. Ipsam et ipsum fuga enim voluptas rerum.', 'ken76@example.org', 9, 'Rhett', NULL, 95);
INSERT INTO `feedback` (`feedback_id`, `last_name`, `created_at`, `deleted_at`, `description`, `email`, `experience_rate`, `first_name`, `updated_at`, `user_id`) VALUES (96, 'Reynolds', '2000-03-08 00:00:00.000000', NULL, 'Voluptas eveniet nostrum ipsum iste provident. Totam quia nesciunt quia perferendis occaecati aliquid. Voluptatem aut architecto ex nostrum maxime iure.', 'hudson.hortense@example.org', 1, 'Ebony', NULL, 96);
INSERT INTO `feedback` (`feedback_id`, `last_name`, `created_at`, `deleted_at`, `description`, `email`, `experience_rate`, `first_name`, `updated_at`, `user_id`) VALUES (97, 'Jast', '1977-11-12 00:00:00.000000', NULL, 'Exercitationem error minima eos et molestias. Eum sint ut velit quis tenetur consequuntur. Odit dignissimos nihil voluptas veniam.', 'efrain53@example.org', 9, 'Maegan', NULL, 97);
INSERT INTO `feedback` (`feedback_id`, `last_name`, `created_at`, `deleted_at`, `description`, `email`, `experience_rate`, `first_name`, `updated_at`, `user_id`) VALUES (98, 'Huel', '2008-03-07 00:00:00.000000', NULL, 'Adipisci dolore molestias quam ut error facere earum. Qui ab architecto non doloremque repellendus. Consequuntur eaque rem repudiandae dolor et corrupti. Sed tempora facilis a quam rerum quae facere sapiente.', 'stanton.paolo@example.com', 2, 'Blake', NULL, 98);
INSERT INTO `feedback` (`feedback_id`, `last_name`, `created_at`, `deleted_at`, `description`, `email`, `experience_rate`, `first_name`, `updated_at`, `user_id`) VALUES (99, 'Stracke', '2007-07-01 00:00:00.000000', NULL, 'Sed qui aperiam dolores voluptatem. Alias rerum facilis eaque aliquid accusantium aliquid. Incidunt ipsa eaque dolores atque incidunt. Eum tempore iste voluptate cupiditate ut vero.', 'hand.creola@example.net', 1, 'Paris', NULL, 99);
INSERT INTO `feedback` (`feedback_id`, `last_name`, `created_at`, `deleted_at`, `description`, `email`, `experience_rate`, `first_name`, `updated_at`, `user_id`) VALUES (100, 'Will', '2005-08-01 00:00:00.000000', NULL, 'Adipisci soluta consequatur aliquid qui iure incidunt assumenda recusandae. Sunt ipsum inventore enim omnis. Neque quam reiciendis eum et. Non est corporis quod voluptatem at.', 'kuhlman.ralph@example.net', 9, 'Jalyn', NULL, 100);



INSERT INTO `touristy_places` (`touristyplaces_id`, `created_at`, `deleted_at`, `image_data`, `place_closing_times`, `place_intrest_type`, `place_location`, `place_opening_days`, `place_opening_times`, `place_picture`, `place_rate`, `updated_at`) VALUES (1, '1989-05-23 00:00:00.000000', NULL, 'https://loremflickr.com/640/480/', '22:14:08', '5', 'Kenny Greens', 'Monday', '04:47:37', 'https://loremflickr.com/640/480/', '2', NULL);
INSERT INTO `touristy_places` (`touristyplaces_id`, `created_at`, `deleted_at`, `image_data`, `place_closing_times`, `place_intrest_type`, `place_location`, `place_opening_days`, `place_opening_times`, `place_picture`, `place_rate`, `updated_at`) VALUES (2, '2003-08-29 00:00:00.000000', NULL, 'https://loremflickr.com/640/480/', '03:03:06', '5', 'Brad Route', 'Sunday', '19:09:23', 'https://loremflickr.com/640/480/', '3', NULL);
INSERT INTO `touristy_places` (`touristyplaces_id`, `created_at`, `deleted_at`, `image_data`, `place_closing_times`, `place_intrest_type`, `place_location`, `place_opening_days`, `place_opening_times`, `place_picture`, `place_rate`, `updated_at`) VALUES (3, '1998-03-14 00:00:00.000000', NULL, 'https://loremflickr.com/640/480/', '16:08:17', '8', 'Toy Harbors', 'Monday', '07:43:53', 'https://loremflickr.com/640/480/', '7', NULL);
INSERT INTO `touristy_places` (`touristyplaces_id`, `created_at`, `deleted_at`, `image_data`, `place_closing_times`, `place_intrest_type`, `place_location`, `place_opening_days`, `place_opening_times`, `place_picture`, `place_rate`, `updated_at`) VALUES (4, '2023-05-28 00:00:00.000000', NULL, 'https://loremflickr.com/640/480/', '07:36:53', '1', 'Marvin Shoal', 'Tuesday', '20:32:53', 'https://loremflickr.com/640/480/', '7', NULL);
INSERT INTO `touristy_places` (`touristyplaces_id`, `created_at`, `deleted_at`, `image_data`, `place_closing_times`, `place_intrest_type`, `place_location`, `place_opening_days`, `place_opening_times`, `place_picture`, `place_rate`, `updated_at`) VALUES (5, '1997-06-26 00:00:00.000000', NULL, 'https://loremflickr.com/640/480/', '15:46:31', '', 'Rhoda Springs', 'Sunday', '07:29:31', 'https://loremflickr.com/640/480/', '3', NULL);
INSERT INTO `touristy_places` (`touristyplaces_id`, `created_at`, `deleted_at`, `image_data`, `place_closing_times`, `place_intrest_type`, `place_location`, `place_opening_days`, `place_opening_times`, `place_picture`, `place_rate`, `updated_at`) VALUES (6, '2016-02-15 00:00:00.000000', NULL, 'https://loremflickr.com/640/480/', '05:49:11', '6', 'Theresa Skyway', 'Friday', '02:14:05', 'https://loremflickr.com/640/480/', '1', NULL);
INSERT INTO `touristy_places` (`touristyplaces_id`, `created_at`, `deleted_at`, `image_data`, `place_closing_times`, `place_intrest_type`, `place_location`, `place_opening_days`, `place_opening_times`, `place_picture`, `place_rate`, `updated_at`) VALUES (7, '2008-01-15 00:00:00.000000', NULL, 'https://loremflickr.com/640/480/', '18:39:14', '8', 'Stanley Landing', 'Monday', '14:20:09', 'https://loremflickr.com/640/480/', '6', NULL);
INSERT INTO `touristy_places` (`touristyplaces_id`, `created_at`, `deleted_at`, `image_data`, `place_closing_times`, `place_intrest_type`, `place_location`, `place_opening_days`, `place_opening_times`, `place_picture`, `place_rate`, `updated_at`) VALUES (8, '2022-06-16 00:00:00.000000', NULL, 'https://loremflickr.com/640/480/', '12:41:24', '8', 'Alejandra Road', 'Wednesday', '12:14:59', 'https://loremflickr.com/640/480/', '2', NULL);
INSERT INTO `touristy_places` (`touristyplaces_id`, `created_at`, `deleted_at`, `image_data`, `place_closing_times`, `place_intrest_type`, `place_location`, `place_opening_days`, `place_opening_times`, `place_picture`, `place_rate`, `updated_at`) VALUES (9, '2000-12-14 00:00:00.000000', NULL, 'https://loremflickr.com/640/480/', '10:31:38', '8', 'Chanel Mission', 'Saturday', '17:06:02', 'https://loremflickr.com/640/480/', '4', NULL);
INSERT INTO `touristy_places` (`touristyplaces_id`, `created_at`, `deleted_at`, `image_data`, `place_closing_times`, `place_intrest_type`, `place_location`, `place_opening_days`, `place_opening_times`, `place_picture`, `place_rate`, `updated_at`) VALUES (10, '1984-05-03 00:00:00.000000', NULL, 'https://loremflickr.com/640/480/', '11:50:42', '6', 'Nicholaus Ridge', 'Tuesday', '07:42:51', 'https://loremflickr.com/640/480/', '4', NULL);
INSERT INTO `touristy_places` (`touristyplaces_id`, `created_at`, `deleted_at`, `image_data`, `place_closing_times`, `place_intrest_type`, `place_location`, `place_opening_days`, `place_opening_times`, `place_picture`, `place_rate`, `updated_at`) VALUES (11, '1992-07-15 00:00:00.000000', NULL, 'https://loremflickr.com/640/480/', '15:38:32', '4', 'Rempel Ranch', 'Monday', '18:02:20', 'https://loremflickr.com/640/480/', '9', NULL);
INSERT INTO `touristy_places` (`touristyplaces_id`, `created_at`, `deleted_at`, `image_data`, `place_closing_times`, `place_intrest_type`, `place_location`, `place_opening_days`, `place_opening_times`, `place_picture`, `place_rate`, `updated_at`) VALUES (12, '1998-08-06 00:00:00.000000', NULL, 'https://loremflickr.com/640/480/', '10:55:00', '', 'Lon Street', 'Thursday', '18:23:48', 'https://loremflickr.com/640/480/', '4', NULL);
INSERT INTO `touristy_places` (`touristyplaces_id`, `created_at`, `deleted_at`, `image_data`, `place_closing_times`, `place_intrest_type`, `place_location`, `place_opening_days`, `place_opening_times`, `place_picture`, `place_rate`, `updated_at`) VALUES (13, '1984-11-13 00:00:00.000000', NULL, 'https://loremflickr.com/640/480/', '00:39:25', '', 'Florian Village', 'Monday', '14:48:55', 'https://loremflickr.com/640/480/', '7', NULL);
INSERT INTO `touristy_places` (`touristyplaces_id`, `created_at`, `deleted_at`, `image_data`, `place_closing_times`, `place_intrest_type`, `place_location`, `place_opening_days`, `place_opening_times`, `place_picture`, `place_rate`, `updated_at`) VALUES (14, '2011-07-08 00:00:00.000000', NULL, 'https://loremflickr.com/640/480/', '14:05:15', '', 'Kiehn Falls', 'Wednesday', '12:51:21', 'https://loremflickr.com/640/480/', '1', NULL);
INSERT INTO `touristy_places` (`touristyplaces_id`, `created_at`, `deleted_at`, `image_data`, `place_closing_times`, `place_intrest_type`, `place_location`, `place_opening_days`, `place_opening_times`, `place_picture`, `place_rate`, `updated_at`) VALUES (15, '1972-07-02 00:00:00.000000', NULL, 'https://loremflickr.com/640/480/', '21:15:37', '4', 'VonRueden Wells', 'Wednesday', '18:38:41', 'https://loremflickr.com/640/480/', '9', NULL);
INSERT INTO `touristy_places` (`touristyplaces_id`, `created_at`, `deleted_at`, `image_data`, `place_closing_times`, `place_intrest_type`, `place_location`, `place_opening_days`, `place_opening_times`, `place_picture`, `place_rate`, `updated_at`) VALUES (16, '1996-02-22 00:00:00.000000', NULL, 'https://loremflickr.com/640/480/', '12:22:29', '6', 'Wuckert Branch', 'Tuesday', '05:53:34', 'https://loremflickr.com/640/480/', '4', NULL);
INSERT INTO `touristy_places` (`touristyplaces_id`, `created_at`, `deleted_at`, `image_data`, `place_closing_times`, `place_intrest_type`, `place_location`, `place_opening_days`, `place_opening_times`, `place_picture`, `place_rate`, `updated_at`) VALUES (17, '2013-01-21 00:00:00.000000', NULL, 'https://loremflickr.com/640/480/', '17:13:52', '6', 'Garland Rest', 'Saturday', '11:26:06', 'https://loremflickr.com/640/480/', '4', NULL);
INSERT INTO `touristy_places` (`touristyplaces_id`, `created_at`, `deleted_at`, `image_data`, `place_closing_times`, `place_intrest_type`, `place_location`, `place_opening_days`, `place_opening_times`, `place_picture`, `place_rate`, `updated_at`) VALUES (18, '2014-05-30 00:00:00.000000', NULL, 'https://loremflickr.com/640/480/', '03:11:39', '4', 'Torrey Village', 'Friday', '18:31:03', 'https://loremflickr.com/640/480/', '2', NULL);
INSERT INTO `touristy_places` (`touristyplaces_id`, `created_at`, `deleted_at`, `image_data`, `place_closing_times`, `place_intrest_type`, `place_location`, `place_opening_days`, `place_opening_times`, `place_picture`, `place_rate`, `updated_at`) VALUES (19, '2018-05-15 00:00:00.000000', NULL, 'https://loremflickr.com/640/480/', '20:16:51', '2', 'Harry Ridge', 'Saturday', '18:55:03', 'https://loremflickr.com/640/480/', '8', NULL);
INSERT INTO `touristy_places` (`touristyplaces_id`, `created_at`, `deleted_at`, `image_data`, `place_closing_times`, `place_intrest_type`, `place_location`, `place_opening_days`, `place_opening_times`, `place_picture`, `place_rate`, `updated_at`) VALUES (20, '1989-09-25 00:00:00.000000', NULL, 'https://loremflickr.com/640/480/', '19:21:31', '5', 'Paris Well', 'Saturday', '04:53:28', 'https://loremflickr.com/640/480/', '9', NULL);
INSERT INTO `touristy_places` (`touristyplaces_id`, `created_at`, `deleted_at`, `image_data`, `place_closing_times`, `place_intrest_type`, `place_location`, `place_opening_days`, `place_opening_times`, `place_picture`, `place_rate`, `updated_at`) VALUES (21, '1999-10-16 00:00:00.000000', NULL, 'https://loremflickr.com/640/480/', '19:27:48', '5', 'Rosella Mountains', 'Thursday', '09:28:31', 'https://loremflickr.com/640/480/', '5', NULL);
INSERT INTO `touristy_places` (`touristyplaces_id`, `created_at`, `deleted_at`, `image_data`, `place_closing_times`, `place_intrest_type`, `place_location`, `place_opening_days`, `place_opening_times`, `place_picture`, `place_rate`, `updated_at`) VALUES (22, '2005-05-05 00:00:00.000000', NULL, 'https://loremflickr.com/640/480/', '11:35:43', '4', 'Kling Gardens', 'Monday', '21:41:56', 'https://loremflickr.com/640/480/', '3', NULL);
INSERT INTO `touristy_places` (`touristyplaces_id`, `created_at`, `deleted_at`, `image_data`, `place_closing_times`, `place_intrest_type`, `place_location`, `place_opening_days`, `place_opening_times`, `place_picture`, `place_rate`, `updated_at`) VALUES (23, '1988-09-24 00:00:00.000000', NULL, 'https://loremflickr.com/640/480/', '07:39:03', '7', 'Fritsch Underpass', 'Sunday', '11:45:50', 'https://loremflickr.com/640/480/', '9', NULL);
INSERT INTO `touristy_places` (`touristyplaces_id`, `created_at`, `deleted_at`, `image_data`, `place_closing_times`, `place_intrest_type`, `place_location`, `place_opening_days`, `place_opening_times`, `place_picture`, `place_rate`, `updated_at`) VALUES (24, '1989-12-21 00:00:00.000000', NULL, 'https://loremflickr.com/640/480/', '16:41:26', '1', 'Florence Square', 'Sunday', '17:22:07', 'https://loremflickr.com/640/480/', '4', NULL);
INSERT INTO `touristy_places` (`touristyplaces_id`, `created_at`, `deleted_at`, `image_data`, `place_closing_times`, `place_intrest_type`, `place_location`, `place_opening_days`, `place_opening_times`, `place_picture`, `place_rate`, `updated_at`) VALUES (25, '2005-04-15 00:00:00.000000', NULL, 'https://loremflickr.com/640/480/', '15:08:18', '', 'Becker Overpass', 'Monday', '13:43:59', 'https://loremflickr.com/640/480/', '4', NULL);
INSERT INTO `touristy_places` (`touristyplaces_id`, `created_at`, `deleted_at`, `image_data`, `place_closing_times`, `place_intrest_type`, `place_location`, `place_opening_days`, `place_opening_times`, `place_picture`, `place_rate`, `updated_at`) VALUES (26, '2002-12-08 00:00:00.000000', NULL, 'https://loremflickr.com/640/480/', '17:30:46', '5', 'Dave Flat', 'Tuesday', '04:53:09', 'https://loremflickr.com/640/480/', '4', NULL);
INSERT INTO `touristy_places` (`touristyplaces_id`, `created_at`, `deleted_at`, `image_data`, `place_closing_times`, `place_intrest_type`, `place_location`, `place_opening_days`, `place_opening_times`, `place_picture`, `place_rate`, `updated_at`) VALUES (27, '2021-03-09 00:00:00.000000', NULL, 'https://loremflickr.com/640/480/', '13:26:03', '4', 'Providenci Bypass', 'Saturday', '13:06:32', 'https://loremflickr.com/640/480/', '7', NULL);
INSERT INTO `touristy_places` (`touristyplaces_id`, `created_at`, `deleted_at`, `image_data`, `place_closing_times`, `place_intrest_type`, `place_location`, `place_opening_days`, `place_opening_times`, `place_picture`, `place_rate`, `updated_at`) VALUES (28, '2021-08-12 00:00:00.000000', NULL, 'https://loremflickr.com/640/480/', '21:55:45', '5', 'Aracely Hill', 'Wednesday', '08:35:17', 'https://loremflickr.com/640/480/', '8', NULL);
INSERT INTO `touristy_places` (`touristyplaces_id`, `created_at`, `deleted_at`, `image_data`, `place_closing_times`, `place_intrest_type`, `place_location`, `place_opening_days`, `place_opening_times`, `place_picture`, `place_rate`, `updated_at`) VALUES (29, '2021-09-01 00:00:00.000000', NULL, 'https://loremflickr.com/640/480/', '03:07:34', '', 'Runolfsson Hollow', 'Friday', '19:30:50', 'https://loremflickr.com/640/480/', '', NULL);
INSERT INTO `touristy_places` (`touristyplaces_id`, `created_at`, `deleted_at`, `image_data`, `place_closing_times`, `place_intrest_type`, `place_location`, `place_opening_days`, `place_opening_times`, `place_picture`, `place_rate`, `updated_at`) VALUES (30, '1990-11-08 00:00:00.000000', NULL, 'https://loremflickr.com/640/480/', '19:54:17', '4', 'Joaquin Trail', 'Saturday', '02:01:00', 'https://loremflickr.com/640/480/', '5', NULL);
INSERT INTO `touristy_places` (`touristyplaces_id`, `created_at`, `deleted_at`, `image_data`, `place_closing_times`, `place_intrest_type`, `place_location`, `place_opening_days`, `place_opening_times`, `place_picture`, `place_rate`, `updated_at`) VALUES (31, '1996-10-21 00:00:00.000000', NULL, 'https://loremflickr.com/640/480/', '09:43:37', '2', 'Wunsch Drives', 'Tuesday', '07:15:37', 'https://loremflickr.com/640/480/', '1', NULL);
INSERT INTO `touristy_places` (`touristyplaces_id`, `created_at`, `deleted_at`, `image_data`, `place_closing_times`, `place_intrest_type`, `place_location`, `place_opening_days`, `place_opening_times`, `place_picture`, `place_rate`, `updated_at`) VALUES (32, '1998-11-29 00:00:00.000000', NULL, 'https://loremflickr.com/640/480/', '06:35:57', '8', 'Roger Street', 'Tuesday', '14:32:10', 'https://loremflickr.com/640/480/', '8', NULL);
INSERT INTO `touristy_places` (`touristyplaces_id`, `created_at`, `deleted_at`, `image_data`, `place_closing_times`, `place_intrest_type`, `place_location`, `place_opening_days`, `place_opening_times`, `place_picture`, `place_rate`, `updated_at`) VALUES (33, '2015-12-28 00:00:00.000000', NULL, 'https://loremflickr.com/640/480/', '05:52:21', '9', 'Casper Village', 'Sunday', '12:34:25', 'https://loremflickr.com/640/480/', '3', NULL);
INSERT INTO `touristy_places` (`touristyplaces_id`, `created_at`, `deleted_at`, `image_data`, `place_closing_times`, `place_intrest_type`, `place_location`, `place_opening_days`, `place_opening_times`, `place_picture`, `place_rate`, `updated_at`) VALUES (34, '2013-09-30 00:00:00.000000', NULL, 'https://loremflickr.com/640/480/', '17:35:39', '8', 'Antonio Views', 'Sunday', '07:57:22', 'https://loremflickr.com/640/480/', '8', NULL);
INSERT INTO `touristy_places` (`touristyplaces_id`, `created_at`, `deleted_at`, `image_data`, `place_closing_times`, `place_intrest_type`, `place_location`, `place_opening_days`, `place_opening_times`, `place_picture`, `place_rate`, `updated_at`) VALUES (35, '1994-04-10 00:00:00.000000', NULL, 'https://loremflickr.com/640/480/', '23:54:19', '', 'McClure Streets', 'Saturday', '17:17:00', 'https://loremflickr.com/640/480/', '2', NULL);
INSERT INTO `touristy_places` (`touristyplaces_id`, `created_at`, `deleted_at`, `image_data`, `place_closing_times`, `place_intrest_type`, `place_location`, `place_opening_days`, `place_opening_times`, `place_picture`, `place_rate`, `updated_at`) VALUES (36, '2004-01-06 00:00:00.000000', NULL, 'https://loremflickr.com/640/480/', '23:27:14', '1', 'Reynolds Highway', 'Friday', '12:27:56', 'https://loremflickr.com/640/480/', '5', NULL);
INSERT INTO `touristy_places` (`touristyplaces_id`, `created_at`, `deleted_at`, `image_data`, `place_closing_times`, `place_intrest_type`, `place_location`, `place_opening_days`, `place_opening_times`, `place_picture`, `place_rate`, `updated_at`) VALUES (37, '2019-07-05 00:00:00.000000', NULL, 'https://loremflickr.com/640/480/', '12:22:01', '', 'Preston Islands', 'Wednesday', '13:19:11', 'https://loremflickr.com/640/480/', '3', NULL);
INSERT INTO `touristy_places` (`touristyplaces_id`, `created_at`, `deleted_at`, `image_data`, `place_closing_times`, `place_intrest_type`, `place_location`, `place_opening_days`, `place_opening_times`, `place_picture`, `place_rate`, `updated_at`) VALUES (38, '1972-02-23 00:00:00.000000', NULL, 'https://loremflickr.com/640/480/', '19:40:55', '3', 'Leilani Throughway', 'Monday', '07:55:01', 'https://loremflickr.com/640/480/', '1', NULL);
INSERT INTO `touristy_places` (`touristyplaces_id`, `created_at`, `deleted_at`, `image_data`, `place_closing_times`, `place_intrest_type`, `place_location`, `place_opening_days`, `place_opening_times`, `place_picture`, `place_rate`, `updated_at`) VALUES (39, '1976-12-19 00:00:00.000000', NULL, 'https://loremflickr.com/640/480/', '18:49:43', '4', 'Hessel Turnpike', 'Wednesday', '10:50:05', 'https://loremflickr.com/640/480/', '8', NULL);
INSERT INTO `touristy_places` (`touristyplaces_id`, `created_at`, `deleted_at`, `image_data`, `place_closing_times`, `place_intrest_type`, `place_location`, `place_opening_days`, `place_opening_times`, `place_picture`, `place_rate`, `updated_at`) VALUES (40, '2014-07-22 00:00:00.000000', NULL, 'https://loremflickr.com/640/480/', '20:37:34', '6', 'Hilton Cliff', 'Tuesday', '06:43:10', 'https://loremflickr.com/640/480/', '', NULL);
INSERT INTO `touristy_places` (`touristyplaces_id`, `created_at`, `deleted_at`, `image_data`, `place_closing_times`, `place_intrest_type`, `place_location`, `place_opening_days`, `place_opening_times`, `place_picture`, `place_rate`, `updated_at`) VALUES (41, '2016-03-02 00:00:00.000000', NULL, 'https://loremflickr.com/640/480/', '16:38:20', '5', 'Karson Circle', 'Monday', '10:38:05', 'https://loremflickr.com/640/480/', '3', NULL);
INSERT INTO `touristy_places` (`touristyplaces_id`, `created_at`, `deleted_at`, `image_data`, `place_closing_times`, `place_intrest_type`, `place_location`, `place_opening_days`, `place_opening_times`, `place_picture`, `place_rate`, `updated_at`) VALUES (42, '1984-10-04 00:00:00.000000', NULL, 'https://loremflickr.com/640/480/', '15:50:30', '1', 'Esther Estates', 'Saturday', '19:09:41', 'https://loremflickr.com/640/480/', '9', NULL);
INSERT INTO `touristy_places` (`touristyplaces_id`, `created_at`, `deleted_at`, `image_data`, `place_closing_times`, `place_intrest_type`, `place_location`, `place_opening_days`, `place_opening_times`, `place_picture`, `place_rate`, `updated_at`) VALUES (43, '2003-01-18 00:00:00.000000', NULL, 'https://loremflickr.com/640/480/', '02:38:39', '1', 'Kole Springs', 'Wednesday', '10:20:49', 'https://loremflickr.com/640/480/', '3', NULL);
INSERT INTO `touristy_places` (`touristyplaces_id`, `created_at`, `deleted_at`, `image_data`, `place_closing_times`, `place_intrest_type`, `place_location`, `place_opening_days`, `place_opening_times`, `place_picture`, `place_rate`, `updated_at`) VALUES (44, '2016-08-11 00:00:00.000000', NULL, 'https://loremflickr.com/640/480/', '10:27:03', '4', 'Tessie Bypass', 'Saturday', '16:25:18', 'https://loremflickr.com/640/480/', '2', NULL);
INSERT INTO `touristy_places` (`touristyplaces_id`, `created_at`, `deleted_at`, `image_data`, `place_closing_times`, `place_intrest_type`, `place_location`, `place_opening_days`, `place_opening_times`, `place_picture`, `place_rate`, `updated_at`) VALUES (45, '2000-05-24 00:00:00.000000', NULL, 'https://loremflickr.com/640/480/', '23:03:14', '9', 'Robyn Cliffs', 'Sunday', '16:45:06', 'https://loremflickr.com/640/480/', '9', NULL);
INSERT INTO `touristy_places` (`touristyplaces_id`, `created_at`, `deleted_at`, `image_data`, `place_closing_times`, `place_intrest_type`, `place_location`, `place_opening_days`, `place_opening_times`, `place_picture`, `place_rate`, `updated_at`) VALUES (46, '1982-10-14 00:00:00.000000', NULL, 'https://loremflickr.com/640/480/', '04:30:22', '7', 'Nader Cove', 'Saturday', '23:29:53', 'https://loremflickr.com/640/480/', '4', NULL);
INSERT INTO `touristy_places` (`touristyplaces_id`, `created_at`, `deleted_at`, `image_data`, `place_closing_times`, `place_intrest_type`, `place_location`, `place_opening_days`, `place_opening_times`, `place_picture`, `place_rate`, `updated_at`) VALUES (47, '2013-12-28 00:00:00.000000', NULL, 'https://loremflickr.com/640/480/', '18:36:01', '2', 'Frank Orchard', 'Tuesday', '05:39:04', 'https://loremflickr.com/640/480/', '3', NULL);
INSERT INTO `touristy_places` (`touristyplaces_id`, `created_at`, `deleted_at`, `image_data`, `place_closing_times`, `place_intrest_type`, `place_location`, `place_opening_days`, `place_opening_times`, `place_picture`, `place_rate`, `updated_at`) VALUES (48, '1997-03-30 00:00:00.000000', NULL, 'https://loremflickr.com/640/480/', '18:03:32', '3', 'Schultz Path', 'Thursday', '03:49:27', 'https://loremflickr.com/640/480/', '7', NULL);
INSERT INTO `touristy_places` (`touristyplaces_id`, `created_at`, `deleted_at`, `image_data`, `place_closing_times`, `place_intrest_type`, `place_location`, `place_opening_days`, `place_opening_times`, `place_picture`, `place_rate`, `updated_at`) VALUES (49, '1987-11-22 00:00:00.000000', NULL, 'https://loremflickr.com/640/480/', '12:31:30', '5', 'Wunsch Ville', 'Saturday', '10:12:50', 'https://loremflickr.com/640/480/', '7', NULL);
INSERT INTO `touristy_places` (`touristyplaces_id`, `created_at`, `deleted_at`, `image_data`, `place_closing_times`, `place_intrest_type`, `place_location`, `place_opening_days`, `place_opening_times`, `place_picture`, `place_rate`, `updated_at`) VALUES (50, '2010-02-09 00:00:00.000000', NULL, 'https://loremflickr.com/640/480/', '01:47:26', '', 'Bashirian Plains', 'Saturday', '13:29:12', 'https://loremflickr.com/640/480/', '1', NULL);
INSERT INTO `touristy_places` (`touristyplaces_id`, `created_at`, `deleted_at`, `image_data`, `place_closing_times`, `place_intrest_type`, `place_location`, `place_opening_days`, `place_opening_times`, `place_picture`, `place_rate`, `updated_at`) VALUES (51, '2004-07-17 00:00:00.000000', NULL, 'https://loremflickr.com/640/480/', '02:18:08', '', 'Reina Shoals', 'Monday', '18:07:57', 'https://loremflickr.com/640/480/', '', NULL);
INSERT INTO `touristy_places` (`touristyplaces_id`, `created_at`, `deleted_at`, `image_data`, `place_closing_times`, `place_intrest_type`, `place_location`, `place_opening_days`, `place_opening_times`, `place_picture`, `place_rate`, `updated_at`) VALUES (52, '1979-07-04 00:00:00.000000', NULL, 'https://loremflickr.com/640/480/', '03:52:32', '7', 'Erdman Loaf', 'Wednesday', '23:51:01', 'https://loremflickr.com/640/480/', '4', NULL);
INSERT INTO `touristy_places` (`touristyplaces_id`, `created_at`, `deleted_at`, `image_data`, `place_closing_times`, `place_intrest_type`, `place_location`, `place_opening_days`, `place_opening_times`, `place_picture`, `place_rate`, `updated_at`) VALUES (53, '1984-09-29 00:00:00.000000', NULL, 'https://loremflickr.com/640/480/', '15:19:40', '', 'Reinhold Path', 'Monday', '15:50:40', 'https://loremflickr.com/640/480/', '5', NULL);
INSERT INTO `touristy_places` (`touristyplaces_id`, `created_at`, `deleted_at`, `image_data`, `place_closing_times`, `place_intrest_type`, `place_location`, `place_opening_days`, `place_opening_times`, `place_picture`, `place_rate`, `updated_at`) VALUES (54, '2015-02-05 00:00:00.000000', NULL, 'https://loremflickr.com/640/480/', '03:34:38', '4', 'Waelchi Stravenue', 'Monday', '13:07:06', 'https://loremflickr.com/640/480/', '6', NULL);
INSERT INTO `touristy_places` (`touristyplaces_id`, `created_at`, `deleted_at`, `image_data`, `place_closing_times`, `place_intrest_type`, `place_location`, `place_opening_days`, `place_opening_times`, `place_picture`, `place_rate`, `updated_at`) VALUES (55, '1987-09-12 00:00:00.000000', NULL, 'https://loremflickr.com/640/480/', '23:10:15', '1', 'Goodwin Brook', 'Thursday', '04:07:27', 'https://loremflickr.com/640/480/', '8', NULL);
INSERT INTO `touristy_places` (`touristyplaces_id`, `created_at`, `deleted_at`, `image_data`, `place_closing_times`, `place_intrest_type`, `place_location`, `place_opening_days`, `place_opening_times`, `place_picture`, `place_rate`, `updated_at`) VALUES (56, '1987-08-26 00:00:00.000000', NULL, 'https://loremflickr.com/640/480/', '17:11:24', '2', 'Ratke Throughway', 'Monday', '17:02:15', 'https://loremflickr.com/640/480/', '1', NULL);
INSERT INTO `touristy_places` (`touristyplaces_id`, `created_at`, `deleted_at`, `image_data`, `place_closing_times`, `place_intrest_type`, `place_location`, `place_opening_days`, `place_opening_times`, `place_picture`, `place_rate`, `updated_at`) VALUES (57, '1992-08-30 00:00:00.000000', NULL, 'https://loremflickr.com/640/480/', '00:00:49', '1', 'Kirlin Squares', 'Saturday', '11:24:46', 'https://loremflickr.com/640/480/', '6', NULL);
INSERT INTO `touristy_places` (`touristyplaces_id`, `created_at`, `deleted_at`, `image_data`, `place_closing_times`, `place_intrest_type`, `place_location`, `place_opening_days`, `place_opening_times`, `place_picture`, `place_rate`, `updated_at`) VALUES (58, '2006-11-26 00:00:00.000000', NULL, 'https://loremflickr.com/640/480/', '15:21:28', '7', 'Dicki Island', 'Thursday', '09:59:53', 'https://loremflickr.com/640/480/', '1', NULL);
INSERT INTO `touristy_places` (`touristyplaces_id`, `created_at`, `deleted_at`, `image_data`, `place_closing_times`, `place_intrest_type`, `place_location`, `place_opening_days`, `place_opening_times`, `place_picture`, `place_rate`, `updated_at`) VALUES (59, '1996-12-05 00:00:00.000000', NULL, 'https://loremflickr.com/640/480/', '19:38:25', '4', 'Saul River', 'Thursday', '03:37:46', 'https://loremflickr.com/640/480/', '8', NULL);
INSERT INTO `touristy_places` (`touristyplaces_id`, `created_at`, `deleted_at`, `image_data`, `place_closing_times`, `place_intrest_type`, `place_location`, `place_opening_days`, `place_opening_times`, `place_picture`, `place_rate`, `updated_at`) VALUES (60, '1971-01-18 00:00:00.000000', NULL, 'https://loremflickr.com/640/480/', '09:51:51', '3', 'Mattie Parkway', 'Thursday', '18:36:43', 'https://loremflickr.com/640/480/', '', NULL);
INSERT INTO `touristy_places` (`touristyplaces_id`, `created_at`, `deleted_at`, `image_data`, `place_closing_times`, `place_intrest_type`, `place_location`, `place_opening_days`, `place_opening_times`, `place_picture`, `place_rate`, `updated_at`) VALUES (61, '1998-01-20 00:00:00.000000', NULL, 'https://loremflickr.com/640/480/', '21:59:10', '9', 'Ferry Creek', 'Thursday', '06:06:28', 'https://loremflickr.com/640/480/', '9', NULL);
INSERT INTO `touristy_places` (`touristyplaces_id`, `created_at`, `deleted_at`, `image_data`, `place_closing_times`, `place_intrest_type`, `place_location`, `place_opening_days`, `place_opening_times`, `place_picture`, `place_rate`, `updated_at`) VALUES (62, '1986-01-09 00:00:00.000000', NULL, 'https://loremflickr.com/640/480/', '05:35:14', '8', 'Saige Shore', 'Thursday', '09:21:12', 'https://loremflickr.com/640/480/', '5', NULL);
INSERT INTO `touristy_places` (`touristyplaces_id`, `created_at`, `deleted_at`, `image_data`, `place_closing_times`, `place_intrest_type`, `place_location`, `place_opening_days`, `place_opening_times`, `place_picture`, `place_rate`, `updated_at`) VALUES (63, '2009-06-19 00:00:00.000000', NULL, 'https://loremflickr.com/640/480/', '02:45:12', '5', 'Carter Shores', 'Sunday', '10:41:41', 'https://loremflickr.com/640/480/', '1', NULL);
INSERT INTO `touristy_places` (`touristyplaces_id`, `created_at`, `deleted_at`, `image_data`, `place_closing_times`, `place_intrest_type`, `place_location`, `place_opening_days`, `place_opening_times`, `place_picture`, `place_rate`, `updated_at`) VALUES (64, '1986-08-18 00:00:00.000000', NULL, 'https://loremflickr.com/640/480/', '01:02:58', '', 'Caitlyn Lane', 'Saturday', '01:01:36', 'https://loremflickr.com/640/480/', '8', NULL);
INSERT INTO `touristy_places` (`touristyplaces_id`, `created_at`, `deleted_at`, `image_data`, `place_closing_times`, `place_intrest_type`, `place_location`, `place_opening_days`, `place_opening_times`, `place_picture`, `place_rate`, `updated_at`) VALUES (65, '1986-03-25 00:00:00.000000', NULL, 'https://loremflickr.com/640/480/', '07:01:32', '1', 'Lueilwitz Crescent', 'Wednesday', '16:31:27', 'https://loremflickr.com/640/480/', '9', NULL);
INSERT INTO `touristy_places` (`touristyplaces_id`, `created_at`, `deleted_at`, `image_data`, `place_closing_times`, `place_intrest_type`, `place_location`, `place_opening_days`, `place_opening_times`, `place_picture`, `place_rate`, `updated_at`) VALUES (66, '1973-10-05 00:00:00.000000', NULL, 'https://loremflickr.com/640/480/', '08:36:57', '1', 'Cristobal Plains', 'Thursday', '09:09:35', 'https://loremflickr.com/640/480/', '1', NULL);
INSERT INTO `touristy_places` (`touristyplaces_id`, `created_at`, `deleted_at`, `image_data`, `place_closing_times`, `place_intrest_type`, `place_location`, `place_opening_days`, `place_opening_times`, `place_picture`, `place_rate`, `updated_at`) VALUES (67, '1981-10-04 00:00:00.000000', NULL, 'https://loremflickr.com/640/480/', '21:42:54', '7', 'Carolina Park', 'Thursday', '08:00:03', 'https://loremflickr.com/640/480/', '3', NULL);
INSERT INTO `touristy_places` (`touristyplaces_id`, `created_at`, `deleted_at`, `image_data`, `place_closing_times`, `place_intrest_type`, `place_location`, `place_opening_days`, `place_opening_times`, `place_picture`, `place_rate`, `updated_at`) VALUES (68, '1976-09-11 00:00:00.000000', NULL, 'https://loremflickr.com/640/480/', '15:31:13', '4', 'Lynch Station', 'Friday', '15:55:23', 'https://loremflickr.com/640/480/', '6', NULL);
INSERT INTO `touristy_places` (`touristyplaces_id`, `created_at`, `deleted_at`, `image_data`, `place_closing_times`, `place_intrest_type`, `place_location`, `place_opening_days`, `place_opening_times`, `place_picture`, `place_rate`, `updated_at`) VALUES (69, '1989-03-26 00:00:00.000000', NULL, 'https://loremflickr.com/640/480/', '04:05:41', '8', 'Hirthe Vista', 'Friday', '12:43:25', 'https://loremflickr.com/640/480/', '5', NULL);
INSERT INTO `touristy_places` (`touristyplaces_id`, `created_at`, `deleted_at`, `image_data`, `place_closing_times`, `place_intrest_type`, `place_location`, `place_opening_days`, `place_opening_times`, `place_picture`, `place_rate`, `updated_at`) VALUES (70, '1992-12-31 00:00:00.000000', NULL, 'https://loremflickr.com/640/480/', '16:54:25', '1', 'Kautzer Spurs', 'Wednesday', '03:59:15', 'https://loremflickr.com/640/480/', '6', NULL);
INSERT INTO `touristy_places` (`touristyplaces_id`, `created_at`, `deleted_at`, `image_data`, `place_closing_times`, `place_intrest_type`, `place_location`, `place_opening_days`, `place_opening_times`, `place_picture`, `place_rate`, `updated_at`) VALUES (71, '1983-04-22 00:00:00.000000', NULL, 'https://loremflickr.com/640/480/', '22:12:24', '4', 'Goldner Heights', 'Wednesday', '17:29:09', 'https://loremflickr.com/640/480/', '4', NULL);
INSERT INTO `touristy_places` (`touristyplaces_id`, `created_at`, `deleted_at`, `image_data`, `place_closing_times`, `place_intrest_type`, `place_location`, `place_opening_days`, `place_opening_times`, `place_picture`, `place_rate`, `updated_at`) VALUES (72, '2010-02-14 00:00:00.000000', NULL, 'https://loremflickr.com/640/480/', '20:44:42', '8', 'Jaskolski Pine', 'Friday', '08:38:39', 'https://loremflickr.com/640/480/', '', NULL);
INSERT INTO `touristy_places` (`touristyplaces_id`, `created_at`, `deleted_at`, `image_data`, `place_closing_times`, `place_intrest_type`, `place_location`, `place_opening_days`, `place_opening_times`, `place_picture`, `place_rate`, `updated_at`) VALUES (73, '1989-03-02 00:00:00.000000', NULL, 'https://loremflickr.com/640/480/', '09:34:46', '4', 'Ana Mall', 'Thursday', '16:56:09', 'https://loremflickr.com/640/480/', '6', NULL);
INSERT INTO `touristy_places` (`touristyplaces_id`, `created_at`, `deleted_at`, `image_data`, `place_closing_times`, `place_intrest_type`, `place_location`, `place_opening_days`, `place_opening_times`, `place_picture`, `place_rate`, `updated_at`) VALUES (74, '1972-08-18 00:00:00.000000', NULL, 'https://loremflickr.com/640/480/', '10:18:51', '', 'Dare Brook', 'Thursday', '00:58:33', 'https://loremflickr.com/640/480/', '2', NULL);
INSERT INTO `touristy_places` (`touristyplaces_id`, `created_at`, `deleted_at`, `image_data`, `place_closing_times`, `place_intrest_type`, `place_location`, `place_opening_days`, `place_opening_times`, `place_picture`, `place_rate`, `updated_at`) VALUES (75, '2002-02-08 00:00:00.000000', NULL, 'https://loremflickr.com/640/480/', '18:21:23', '2', 'Nicholas Valleys', 'Monday', '10:11:04', 'https://loremflickr.com/640/480/', '6', NULL);
INSERT INTO `touristy_places` (`touristyplaces_id`, `created_at`, `deleted_at`, `image_data`, `place_closing_times`, `place_intrest_type`, `place_location`, `place_opening_days`, `place_opening_times`, `place_picture`, `place_rate`, `updated_at`) VALUES (76, '2020-09-02 00:00:00.000000', NULL, 'https://loremflickr.com/640/480/', '04:09:47', '6', 'Klocko Junctions', 'Monday', '19:44:40', 'https://loremflickr.com/640/480/', '4', NULL);
INSERT INTO `touristy_places` (`touristyplaces_id`, `created_at`, `deleted_at`, `image_data`, `place_closing_times`, `place_intrest_type`, `place_location`, `place_opening_days`, `place_opening_times`, `place_picture`, `place_rate`, `updated_at`) VALUES (77, '1998-09-13 00:00:00.000000', NULL, 'https://loremflickr.com/640/480/', '01:29:02', '1', 'Fahey Throughway', 'Sunday', '10:14:05', 'https://loremflickr.com/640/480/', '8', NULL);
INSERT INTO `touristy_places` (`touristyplaces_id`, `created_at`, `deleted_at`, `image_data`, `place_closing_times`, `place_intrest_type`, `place_location`, `place_opening_days`, `place_opening_times`, `place_picture`, `place_rate`, `updated_at`) VALUES (78, '2007-03-28 00:00:00.000000', NULL, 'https://loremflickr.com/640/480/', '15:55:05', '6', 'O\'Conner Rapid', 'Saturday', '08:13:48', 'https://loremflickr.com/640/480/', '2', NULL);
INSERT INTO `touristy_places` (`touristyplaces_id`, `created_at`, `deleted_at`, `image_data`, `place_closing_times`, `place_intrest_type`, `place_location`, `place_opening_days`, `place_opening_times`, `place_picture`, `place_rate`, `updated_at`) VALUES (79, '1984-10-05 00:00:00.000000', NULL, 'https://loremflickr.com/640/480/', '14:37:02', '1', 'Bayer Flats', 'Saturday', '19:11:07', 'https://loremflickr.com/640/480/', '5', NULL);
INSERT INTO `touristy_places` (`touristyplaces_id`, `created_at`, `deleted_at`, `image_data`, `place_closing_times`, `place_intrest_type`, `place_location`, `place_opening_days`, `place_opening_times`, `place_picture`, `place_rate`, `updated_at`) VALUES (80, '2020-05-10 00:00:00.000000', NULL, 'https://loremflickr.com/640/480/', '23:19:29', '2', 'Annamae Gardens', 'Wednesday', '03:42:32', 'https://loremflickr.com/640/480/', '2', NULL);
INSERT INTO `touristy_places` (`touristyplaces_id`, `created_at`, `deleted_at`, `image_data`, `place_closing_times`, `place_intrest_type`, `place_location`, `place_opening_days`, `place_opening_times`, `place_picture`, `place_rate`, `updated_at`) VALUES (81, '2017-04-29 00:00:00.000000', NULL, 'https://loremflickr.com/640/480/', '21:59:09', '7', 'Barton Lodge', 'Wednesday', '20:44:31', 'https://loremflickr.com/640/480/', '8', NULL);
INSERT INTO `touristy_places` (`touristyplaces_id`, `created_at`, `deleted_at`, `image_data`, `place_closing_times`, `place_intrest_type`, `place_location`, `place_opening_days`, `place_opening_times`, `place_picture`, `place_rate`, `updated_at`) VALUES (82, '1982-04-28 00:00:00.000000', NULL, 'https://loremflickr.com/640/480/', '20:23:50', '2', 'Emard Wells', 'Saturday', '05:40:47', 'https://loremflickr.com/640/480/', '6', NULL);
INSERT INTO `touristy_places` (`touristyplaces_id`, `created_at`, `deleted_at`, `image_data`, `place_closing_times`, `place_intrest_type`, `place_location`, `place_opening_days`, `place_opening_times`, `place_picture`, `place_rate`, `updated_at`) VALUES (83, '2019-11-09 00:00:00.000000', NULL, 'https://loremflickr.com/640/480/', '00:50:56', '3', 'Crist Shore', 'Monday', '12:54:58', 'https://loremflickr.com/640/480/', '7', NULL);
INSERT INTO `touristy_places` (`touristyplaces_id`, `created_at`, `deleted_at`, `image_data`, `place_closing_times`, `place_intrest_type`, `place_location`, `place_opening_days`, `place_opening_times`, `place_picture`, `place_rate`, `updated_at`) VALUES (84, '1998-04-05 00:00:00.000000', NULL, 'https://loremflickr.com/640/480/', '16:33:18', '7', 'Rolando Street', 'Sunday', '09:00:17', 'https://loremflickr.com/640/480/', '1', NULL);
INSERT INTO `touristy_places` (`touristyplaces_id`, `created_at`, `deleted_at`, `image_data`, `place_closing_times`, `place_intrest_type`, `place_location`, `place_opening_days`, `place_opening_times`, `place_picture`, `place_rate`, `updated_at`) VALUES (85, '1978-09-18 00:00:00.000000', NULL, 'https://loremflickr.com/640/480/', '10:34:31', '5', 'Runolfsdottir Road', 'Wednesday', '00:19:29', 'https://loremflickr.com/640/480/', '', NULL);
INSERT INTO `touristy_places` (`touristyplaces_id`, `created_at`, `deleted_at`, `image_data`, `place_closing_times`, `place_intrest_type`, `place_location`, `place_opening_days`, `place_opening_times`, `place_picture`, `place_rate`, `updated_at`) VALUES (86, '1997-03-01 00:00:00.000000', NULL, 'https://loremflickr.com/640/480/', '13:41:47', '2', 'Raphael Corners', 'Wednesday', '12:33:56', 'https://loremflickr.com/640/480/', '4', NULL);
INSERT INTO `touristy_places` (`touristyplaces_id`, `created_at`, `deleted_at`, `image_data`, `place_closing_times`, `place_intrest_type`, `place_location`, `place_opening_days`, `place_opening_times`, `place_picture`, `place_rate`, `updated_at`) VALUES (87, '1972-06-01 00:00:00.000000', NULL, 'https://loremflickr.com/640/480/', '17:45:35', '6', 'Kub Lodge', 'Friday', '11:52:33', 'https://loremflickr.com/640/480/', '6', NULL);
INSERT INTO `touristy_places` (`touristyplaces_id`, `created_at`, `deleted_at`, `image_data`, `place_closing_times`, `place_intrest_type`, `place_location`, `place_opening_days`, `place_opening_times`, `place_picture`, `place_rate`, `updated_at`) VALUES (88, '1998-12-23 00:00:00.000000', NULL, 'https://loremflickr.com/640/480/', '03:46:52', '6', 'Ortiz Trace', 'Sunday', '18:04:07', 'https://loremflickr.com/640/480/', '3', NULL);
INSERT INTO `touristy_places` (`touristyplaces_id`, `created_at`, `deleted_at`, `image_data`, `place_closing_times`, `place_intrest_type`, `place_location`, `place_opening_days`, `place_opening_times`, `place_picture`, `place_rate`, `updated_at`) VALUES (89, '2008-03-04 00:00:00.000000', NULL, 'https://loremflickr.com/640/480/', '11:39:53', '2', 'Eusebio Meadows', 'Thursday', '06:58:45', 'https://loremflickr.com/640/480/', '', NULL);
INSERT INTO `touristy_places` (`touristyplaces_id`, `created_at`, `deleted_at`, `image_data`, `place_closing_times`, `place_intrest_type`, `place_location`, `place_opening_days`, `place_opening_times`, `place_picture`, `place_rate`, `updated_at`) VALUES (90, '1981-05-21 00:00:00.000000', NULL, 'https://loremflickr.com/640/480/', '20:27:48', '5', 'Dawn Trail', 'Thursday', '17:04:32', 'https://loremflickr.com/640/480/', '7', NULL);
INSERT INTO `touristy_places` (`touristyplaces_id`, `created_at`, `deleted_at`, `image_data`, `place_closing_times`, `place_intrest_type`, `place_location`, `place_opening_days`, `place_opening_times`, `place_picture`, `place_rate`, `updated_at`) VALUES (91, '2011-09-20 00:00:00.000000', NULL, 'https://loremflickr.com/640/480/', '19:39:04', '4', 'Tyrese Mount', 'Wednesday', '09:27:56', 'https://loremflickr.com/640/480/', '', NULL);
INSERT INTO `touristy_places` (`touristyplaces_id`, `created_at`, `deleted_at`, `image_data`, `place_closing_times`, `place_intrest_type`, `place_location`, `place_opening_days`, `place_opening_times`, `place_picture`, `place_rate`, `updated_at`) VALUES (92, '2021-05-09 00:00:00.000000', NULL, 'https://loremflickr.com/640/480/', '18:46:35', '5', 'Rath River', 'Tuesday', '20:20:58', 'https://loremflickr.com/640/480/', '2', NULL);
INSERT INTO `touristy_places` (`touristyplaces_id`, `created_at`, `deleted_at`, `image_data`, `place_closing_times`, `place_intrest_type`, `place_location`, `place_opening_days`, `place_opening_times`, `place_picture`, `place_rate`, `updated_at`) VALUES (93, '1971-01-30 00:00:00.000000', NULL, 'https://loremflickr.com/640/480/', '18:03:43', '8', 'Janie Neck', 'Monday', '14:05:18', 'https://loremflickr.com/640/480/', '6', NULL);
INSERT INTO `touristy_places` (`touristyplaces_id`, `created_at`, `deleted_at`, `image_data`, `place_closing_times`, `place_intrest_type`, `place_location`, `place_opening_days`, `place_opening_times`, `place_picture`, `place_rate`, `updated_at`) VALUES (94, '1996-12-16 00:00:00.000000', NULL, 'https://loremflickr.com/640/480/', '07:22:51', '3', 'Jean Motorway', 'Friday', '19:05:51', 'https://loremflickr.com/640/480/', '3', NULL);
INSERT INTO `touristy_places` (`touristyplaces_id`, `created_at`, `deleted_at`, `image_data`, `place_closing_times`, `place_intrest_type`, `place_location`, `place_opening_days`, `place_opening_times`, `place_picture`, `place_rate`, `updated_at`) VALUES (95, '1971-08-31 00:00:00.000000', NULL, 'https://loremflickr.com/640/480/', '06:21:32', '9', 'Rath Drive', 'Friday', '00:02:53', 'https://loremflickr.com/640/480/', '2', NULL);
INSERT INTO `touristy_places` (`touristyplaces_id`, `created_at`, `deleted_at`, `image_data`, `place_closing_times`, `place_intrest_type`, `place_location`, `place_opening_days`, `place_opening_times`, `place_picture`, `place_rate`, `updated_at`) VALUES (96, '2020-04-10 00:00:00.000000', NULL, 'https://loremflickr.com/640/480/', '16:07:26', '1', 'Wilford Terrace', 'Sunday', '18:58:34', 'https://loremflickr.com/640/480/', '8', NULL);
INSERT INTO `touristy_places` (`touristyplaces_id`, `created_at`, `deleted_at`, `image_data`, `place_closing_times`, `place_intrest_type`, `place_location`, `place_opening_days`, `place_opening_times`, `place_picture`, `place_rate`, `updated_at`) VALUES (97, '2005-02-07 00:00:00.000000', NULL, 'https://loremflickr.com/640/480/', '23:37:24', '8', 'Cormier Drive', 'Thursday', '18:11:29', 'https://loremflickr.com/640/480/', '7', NULL);
INSERT INTO `touristy_places` (`touristyplaces_id`, `created_at`, `deleted_at`, `image_data`, `place_closing_times`, `place_intrest_type`, `place_location`, `place_opening_days`, `place_opening_times`, `place_picture`, `place_rate`, `updated_at`) VALUES (98, '2009-03-14 00:00:00.000000', NULL, 'https://loremflickr.com/640/480/', '10:43:09', '', 'Emilie Isle', 'Wednesday', '20:38:17', 'https://loremflickr.com/640/480/', '2', NULL);
INSERT INTO `touristy_places` (`touristyplaces_id`, `created_at`, `deleted_at`, `image_data`, `place_closing_times`, `place_intrest_type`, `place_location`, `place_opening_days`, `place_opening_times`, `place_picture`, `place_rate`, `updated_at`) VALUES (99, '2011-09-23 00:00:00.000000', NULL, 'https://loremflickr.com/640/480/', '08:31:14', '6', 'Emma Lake', 'Friday', '02:32:27', 'https://loremflickr.com/640/480/', '8', NULL);
INSERT INTO `touristy_places` (`touristyplaces_id`, `created_at`, `deleted_at`, `image_data`, `place_closing_times`, `place_intrest_type`, `place_location`, `place_opening_days`, `place_opening_times`, `place_picture`, `place_rate`, `updated_at`) VALUES (100, '1987-05-21 00:00:00.000000', NULL, 'https://loremflickr.com/640/480/', '03:58:19', '1', 'Collier Meadow', 'Wednesday', '13:58:46', 'https://loremflickr.com/640/480/', '2', NULL);



INSERT INTO `touristyplaces_tripplan` (`touristyplaces_tripplan_id`, `touristyplaces_id`, `tripplan_id`) VALUES (1, 1, 1);
INSERT INTO `touristyplaces_tripplan` (`touristyplaces_tripplan_id`, `touristyplaces_id`, `tripplan_id`) VALUES (2, 2, 2);
INSERT INTO `touristyplaces_tripplan` (`touristyplaces_tripplan_id`, `touristyplaces_id`, `tripplan_id`) VALUES (3, 3, 3);
INSERT INTO `touristyplaces_tripplan` (`touristyplaces_tripplan_id`, `touristyplaces_id`, `tripplan_id`) VALUES (4, 4, 4);
INSERT INTO `touristyplaces_tripplan` (`touristyplaces_tripplan_id`, `touristyplaces_id`, `tripplan_id`) VALUES (5, 5, 5);
INSERT INTO `touristyplaces_tripplan` (`touristyplaces_tripplan_id`, `touristyplaces_id`, `tripplan_id`) VALUES (6, 6, 6);
INSERT INTO `touristyplaces_tripplan` (`touristyplaces_tripplan_id`, `touristyplaces_id`, `tripplan_id`) VALUES (7, 7, 7);
INSERT INTO `touristyplaces_tripplan` (`touristyplaces_tripplan_id`, `touristyplaces_id`, `tripplan_id`) VALUES (8, 8, 8);
INSERT INTO `touristyplaces_tripplan` (`touristyplaces_tripplan_id`, `touristyplaces_id`, `tripplan_id`) VALUES (9, 9, 9);
INSERT INTO `touristyplaces_tripplan` (`touristyplaces_tripplan_id`, `touristyplaces_id`, `tripplan_id`) VALUES (10, 10, 10);
INSERT INTO `touristyplaces_tripplan` (`touristyplaces_tripplan_id`, `touristyplaces_id`, `tripplan_id`) VALUES (11, 11, 11);
INSERT INTO `touristyplaces_tripplan` (`touristyplaces_tripplan_id`, `touristyplaces_id`, `tripplan_id`) VALUES (12, 12, 12);
INSERT INTO `touristyplaces_tripplan` (`touristyplaces_tripplan_id`, `touristyplaces_id`, `tripplan_id`) VALUES (13, 13, 13);
INSERT INTO `touristyplaces_tripplan` (`touristyplaces_tripplan_id`, `touristyplaces_id`, `tripplan_id`) VALUES (14, 14, 14);
INSERT INTO `touristyplaces_tripplan` (`touristyplaces_tripplan_id`, `touristyplaces_id`, `tripplan_id`) VALUES (15, 15, 15);
INSERT INTO `touristyplaces_tripplan` (`touristyplaces_tripplan_id`, `touristyplaces_id`, `tripplan_id`) VALUES (16, 16, 16);
INSERT INTO `touristyplaces_tripplan` (`touristyplaces_tripplan_id`, `touristyplaces_id`, `tripplan_id`) VALUES (17, 17, 17);
INSERT INTO `touristyplaces_tripplan` (`touristyplaces_tripplan_id`, `touristyplaces_id`, `tripplan_id`) VALUES (18, 18, 18);
INSERT INTO `touristyplaces_tripplan` (`touristyplaces_tripplan_id`, `touristyplaces_id`, `tripplan_id`) VALUES (19, 19, 19);
INSERT INTO `touristyplaces_tripplan` (`touristyplaces_tripplan_id`, `touristyplaces_id`, `tripplan_id`) VALUES (20, 20, 20);
INSERT INTO `touristyplaces_tripplan` (`touristyplaces_tripplan_id`, `touristyplaces_id`, `tripplan_id`) VALUES (21, 21, 21);
INSERT INTO `touristyplaces_tripplan` (`touristyplaces_tripplan_id`, `touristyplaces_id`, `tripplan_id`) VALUES (22, 22, 22);
INSERT INTO `touristyplaces_tripplan` (`touristyplaces_tripplan_id`, `touristyplaces_id`, `tripplan_id`) VALUES (23, 23, 23);
INSERT INTO `touristyplaces_tripplan` (`touristyplaces_tripplan_id`, `touristyplaces_id`, `tripplan_id`) VALUES (24, 24, 24);
INSERT INTO `touristyplaces_tripplan` (`touristyplaces_tripplan_id`, `touristyplaces_id`, `tripplan_id`) VALUES (25, 25, 25);
INSERT INTO `touristyplaces_tripplan` (`touristyplaces_tripplan_id`, `touristyplaces_id`, `tripplan_id`) VALUES (26, 26, 26);
INSERT INTO `touristyplaces_tripplan` (`touristyplaces_tripplan_id`, `touristyplaces_id`, `tripplan_id`) VALUES (27, 27, 27);
INSERT INTO `touristyplaces_tripplan` (`touristyplaces_tripplan_id`, `touristyplaces_id`, `tripplan_id`) VALUES (28, 28, 28);
INSERT INTO `touristyplaces_tripplan` (`touristyplaces_tripplan_id`, `touristyplaces_id`, `tripplan_id`) VALUES (29, 29, 29);
INSERT INTO `touristyplaces_tripplan` (`touristyplaces_tripplan_id`, `touristyplaces_id`, `tripplan_id`) VALUES (30, 30, 30);
INSERT INTO `touristyplaces_tripplan` (`touristyplaces_tripplan_id`, `touristyplaces_id`, `tripplan_id`) VALUES (31, 31, 31);
INSERT INTO `touristyplaces_tripplan` (`touristyplaces_tripplan_id`, `touristyplaces_id`, `tripplan_id`) VALUES (32, 32, 32);
INSERT INTO `touristyplaces_tripplan` (`touristyplaces_tripplan_id`, `touristyplaces_id`, `tripplan_id`) VALUES (33, 33, 33);
INSERT INTO `touristyplaces_tripplan` (`touristyplaces_tripplan_id`, `touristyplaces_id`, `tripplan_id`) VALUES (34, 34, 34);
INSERT INTO `touristyplaces_tripplan` (`touristyplaces_tripplan_id`, `touristyplaces_id`, `tripplan_id`) VALUES (35, 35, 35);
INSERT INTO `touristyplaces_tripplan` (`touristyplaces_tripplan_id`, `touristyplaces_id`, `tripplan_id`) VALUES (36, 36, 36);
INSERT INTO `touristyplaces_tripplan` (`touristyplaces_tripplan_id`, `touristyplaces_id`, `tripplan_id`) VALUES (37, 37, 37);
INSERT INTO `touristyplaces_tripplan` (`touristyplaces_tripplan_id`, `touristyplaces_id`, `tripplan_id`) VALUES (38, 38, 38);
INSERT INTO `touristyplaces_tripplan` (`touristyplaces_tripplan_id`, `touristyplaces_id`, `tripplan_id`) VALUES (39, 39, 39);
INSERT INTO `touristyplaces_tripplan` (`touristyplaces_tripplan_id`, `touristyplaces_id`, `tripplan_id`) VALUES (40, 40, 40);
INSERT INTO `touristyplaces_tripplan` (`touristyplaces_tripplan_id`, `touristyplaces_id`, `tripplan_id`) VALUES (41, 41, 41);
INSERT INTO `touristyplaces_tripplan` (`touristyplaces_tripplan_id`, `touristyplaces_id`, `tripplan_id`) VALUES (42, 42, 42);
INSERT INTO `touristyplaces_tripplan` (`touristyplaces_tripplan_id`, `touristyplaces_id`, `tripplan_id`) VALUES (43, 43, 43);
INSERT INTO `touristyplaces_tripplan` (`touristyplaces_tripplan_id`, `touristyplaces_id`, `tripplan_id`) VALUES (44, 44, 44);
INSERT INTO `touristyplaces_tripplan` (`touristyplaces_tripplan_id`, `touristyplaces_id`, `tripplan_id`) VALUES (45, 45, 45);
INSERT INTO `touristyplaces_tripplan` (`touristyplaces_tripplan_id`, `touristyplaces_id`, `tripplan_id`) VALUES (46, 46, 46);
INSERT INTO `touristyplaces_tripplan` (`touristyplaces_tripplan_id`, `touristyplaces_id`, `tripplan_id`) VALUES (47, 47, 47);
INSERT INTO `touristyplaces_tripplan` (`touristyplaces_tripplan_id`, `touristyplaces_id`, `tripplan_id`) VALUES (48, 48, 48);
INSERT INTO `touristyplaces_tripplan` (`touristyplaces_tripplan_id`, `touristyplaces_id`, `tripplan_id`) VALUES (49, 49, 49);
INSERT INTO `touristyplaces_tripplan` (`touristyplaces_tripplan_id`, `touristyplaces_id`, `tripplan_id`) VALUES (50, 50, 50);
INSERT INTO `touristyplaces_tripplan` (`touristyplaces_tripplan_id`, `touristyplaces_id`, `tripplan_id`) VALUES (51, 51, 51);
INSERT INTO `touristyplaces_tripplan` (`touristyplaces_tripplan_id`, `touristyplaces_id`, `tripplan_id`) VALUES (52, 52, 52);
INSERT INTO `touristyplaces_tripplan` (`touristyplaces_tripplan_id`, `touristyplaces_id`, `tripplan_id`) VALUES (53, 53, 53);
INSERT INTO `touristyplaces_tripplan` (`touristyplaces_tripplan_id`, `touristyplaces_id`, `tripplan_id`) VALUES (54, 54, 54);
INSERT INTO `touristyplaces_tripplan` (`touristyplaces_tripplan_id`, `touristyplaces_id`, `tripplan_id`) VALUES (55, 55, 55);
INSERT INTO `touristyplaces_tripplan` (`touristyplaces_tripplan_id`, `touristyplaces_id`, `tripplan_id`) VALUES (56, 56, 56);
INSERT INTO `touristyplaces_tripplan` (`touristyplaces_tripplan_id`, `touristyplaces_id`, `tripplan_id`) VALUES (57, 57, 57);
INSERT INTO `touristyplaces_tripplan` (`touristyplaces_tripplan_id`, `touristyplaces_id`, `tripplan_id`) VALUES (58, 58, 58);
INSERT INTO `touristyplaces_tripplan` (`touristyplaces_tripplan_id`, `touristyplaces_id`, `tripplan_id`) VALUES (59, 59, 59);
INSERT INTO `touristyplaces_tripplan` (`touristyplaces_tripplan_id`, `touristyplaces_id`, `tripplan_id`) VALUES (60, 60, 60);
INSERT INTO `touristyplaces_tripplan` (`touristyplaces_tripplan_id`, `touristyplaces_id`, `tripplan_id`) VALUES (61, 61, 61);
INSERT INTO `touristyplaces_tripplan` (`touristyplaces_tripplan_id`, `touristyplaces_id`, `tripplan_id`) VALUES (62, 62, 62);
INSERT INTO `touristyplaces_tripplan` (`touristyplaces_tripplan_id`, `touristyplaces_id`, `tripplan_id`) VALUES (63, 63, 63);
INSERT INTO `touristyplaces_tripplan` (`touristyplaces_tripplan_id`, `touristyplaces_id`, `tripplan_id`) VALUES (64, 64, 64);
INSERT INTO `touristyplaces_tripplan` (`touristyplaces_tripplan_id`, `touristyplaces_id`, `tripplan_id`) VALUES (65, 65, 65);
INSERT INTO `touristyplaces_tripplan` (`touristyplaces_tripplan_id`, `touristyplaces_id`, `tripplan_id`) VALUES (66, 66, 66);
INSERT INTO `touristyplaces_tripplan` (`touristyplaces_tripplan_id`, `touristyplaces_id`, `tripplan_id`) VALUES (67, 67, 67);
INSERT INTO `touristyplaces_tripplan` (`touristyplaces_tripplan_id`, `touristyplaces_id`, `tripplan_id`) VALUES (68, 68, 68);
INSERT INTO `touristyplaces_tripplan` (`touristyplaces_tripplan_id`, `touristyplaces_id`, `tripplan_id`) VALUES (69, 69, 69);
INSERT INTO `touristyplaces_tripplan` (`touristyplaces_tripplan_id`, `touristyplaces_id`, `tripplan_id`) VALUES (70, 70, 70);
INSERT INTO `touristyplaces_tripplan` (`touristyplaces_tripplan_id`, `touristyplaces_id`, `tripplan_id`) VALUES (71, 71, 71);
INSERT INTO `touristyplaces_tripplan` (`touristyplaces_tripplan_id`, `touristyplaces_id`, `tripplan_id`) VALUES (72, 72, 72);
INSERT INTO `touristyplaces_tripplan` (`touristyplaces_tripplan_id`, `touristyplaces_id`, `tripplan_id`) VALUES (73, 73, 73);
INSERT INTO `touristyplaces_tripplan` (`touristyplaces_tripplan_id`, `touristyplaces_id`, `tripplan_id`) VALUES (74, 74, 74);
INSERT INTO `touristyplaces_tripplan` (`touristyplaces_tripplan_id`, `touristyplaces_id`, `tripplan_id`) VALUES (75, 75, 75);
INSERT INTO `touristyplaces_tripplan` (`touristyplaces_tripplan_id`, `touristyplaces_id`, `tripplan_id`) VALUES (76, 76, 76);
INSERT INTO `touristyplaces_tripplan` (`touristyplaces_tripplan_id`, `touristyplaces_id`, `tripplan_id`) VALUES (77, 77, 77);
INSERT INTO `touristyplaces_tripplan` (`touristyplaces_tripplan_id`, `touristyplaces_id`, `tripplan_id`) VALUES (78, 78, 78);
INSERT INTO `touristyplaces_tripplan` (`touristyplaces_tripplan_id`, `touristyplaces_id`, `tripplan_id`) VALUES (79, 79, 79);
INSERT INTO `touristyplaces_tripplan` (`touristyplaces_tripplan_id`, `touristyplaces_id`, `tripplan_id`) VALUES (80, 80, 80);
INSERT INTO `touristyplaces_tripplan` (`touristyplaces_tripplan_id`, `touristyplaces_id`, `tripplan_id`) VALUES (81, 81, 81);
INSERT INTO `touristyplaces_tripplan` (`touristyplaces_tripplan_id`, `touristyplaces_id`, `tripplan_id`) VALUES (82, 82, 82);
INSERT INTO `touristyplaces_tripplan` (`touristyplaces_tripplan_id`, `touristyplaces_id`, `tripplan_id`) VALUES (83, 83, 83);
INSERT INTO `touristyplaces_tripplan` (`touristyplaces_tripplan_id`, `touristyplaces_id`, `tripplan_id`) VALUES (84, 84, 84);
INSERT INTO `touristyplaces_tripplan` (`touristyplaces_tripplan_id`, `touristyplaces_id`, `tripplan_id`) VALUES (85, 85, 85);
INSERT INTO `touristyplaces_tripplan` (`touristyplaces_tripplan_id`, `touristyplaces_id`, `tripplan_id`) VALUES (86, 86, 86);
INSERT INTO `touristyplaces_tripplan` (`touristyplaces_tripplan_id`, `touristyplaces_id`, `tripplan_id`) VALUES (87, 87, 87);
INSERT INTO `touristyplaces_tripplan` (`touristyplaces_tripplan_id`, `touristyplaces_id`, `tripplan_id`) VALUES (88, 88, 88);
INSERT INTO `touristyplaces_tripplan` (`touristyplaces_tripplan_id`, `touristyplaces_id`, `tripplan_id`) VALUES (89, 89, 89);
INSERT INTO `touristyplaces_tripplan` (`touristyplaces_tripplan_id`, `touristyplaces_id`, `tripplan_id`) VALUES (90, 90, 90);
INSERT INTO `touristyplaces_tripplan` (`touristyplaces_tripplan_id`, `touristyplaces_id`, `tripplan_id`) VALUES (91, 91, 91);
INSERT INTO `touristyplaces_tripplan` (`touristyplaces_tripplan_id`, `touristyplaces_id`, `tripplan_id`) VALUES (92, 92, 92);
INSERT INTO `touristyplaces_tripplan` (`touristyplaces_tripplan_id`, `touristyplaces_id`, `tripplan_id`) VALUES (93, 93, 93);
INSERT INTO `touristyplaces_tripplan` (`touristyplaces_tripplan_id`, `touristyplaces_id`, `tripplan_id`) VALUES (94, 94, 94);
INSERT INTO `touristyplaces_tripplan` (`touristyplaces_tripplan_id`, `touristyplaces_id`, `tripplan_id`) VALUES (95, 95, 95);
INSERT INTO `touristyplaces_tripplan` (`touristyplaces_tripplan_id`, `touristyplaces_id`, `tripplan_id`) VALUES (96, 96, 96);
INSERT INTO `touristyplaces_tripplan` (`touristyplaces_tripplan_id`, `touristyplaces_id`, `tripplan_id`) VALUES (97, 97, 97);
INSERT INTO `touristyplaces_tripplan` (`touristyplaces_tripplan_id`, `touristyplaces_id`, `tripplan_id`) VALUES (98, 98, 98);
INSERT INTO `touristyplaces_tripplan` (`touristyplaces_tripplan_id`, `touristyplaces_id`, `tripplan_id`) VALUES (99, 99, 99);
INSERT INTO `touristyplaces_tripplan` (`touristyplaces_tripplan_id`, `touristyplaces_id`, `tripplan_id`) VALUES (100, 100, 100);



INSERT INTO `trip_groups` (`trip_group_id`, `group_name`, `number_of_tourists`, `created_at`, `deleted_at`, `group_description`, `group_number_lemit`, `updated_at`, `tripplan_id`) VALUES (1, 'enim', 0, '1975-07-05 00:00:00.000000', NULL, 'Similique et molestias aliquid est quaerat. Eveniet aspernatur cumque saepe aut adipisci. Repudiandae nisi accusantium delectus distinctio repellendus quas.', 2, NULL, 1);
INSERT INTO `trip_groups` (`trip_group_id`, `group_name`, `number_of_tourists`, `created_at`, `deleted_at`, `group_description`, `group_number_lemit`, `updated_at`, `tripplan_id`) VALUES (2, 'sunt', 0, '2009-02-23 00:00:00.000000', NULL, 'Molestiae qui illo corporis ducimus debitis quasi laboriosam. Repellendus sed qui dolores exercitationem natus.', 4, NULL, 2);
INSERT INTO `trip_groups` (`trip_group_id`, `group_name`, `number_of_tourists`, `created_at`, `deleted_at`, `group_description`, `group_number_lemit`, `updated_at`, `tripplan_id`) VALUES (3, 'ipsam', 0, '1983-01-22 00:00:00.000000', NULL, 'Et est excepturi accusantium mollitia asperiores dolores earum. Corporis omnis voluptates odit et quia perspiciatis. Eveniet qui labore est aut hic molestias quia aut. Blanditiis voluptatem porro ullam consequatur.', 9, NULL, 3);
INSERT INTO `trip_groups` (`trip_group_id`, `group_name`, `number_of_tourists`, `created_at`, `deleted_at`, `group_description`, `group_number_lemit`, `updated_at`, `tripplan_id`) VALUES (4, 'quia', 0, '1983-09-17 00:00:00.000000', NULL, 'Molestiae tenetur et possimus rerum earum id labore. Cupiditate aliquid id non aut qui dolor molestiae. Accusantium ut sed occaecati non.', 1, NULL, 4);
INSERT INTO `trip_groups` (`trip_group_id`, `group_name`, `number_of_tourists`, `created_at`, `deleted_at`, `group_description`, `group_number_lemit`, `updated_at`, `tripplan_id`) VALUES (5, 'non', 0, '1997-02-04 00:00:00.000000', NULL, 'Voluptatum in qui neque minima. Sapiente consequatur dolor aut. Eos et officia sed quaerat.', 7, NULL, 5);
INSERT INTO `trip_groups` (`trip_group_id`, `group_name`, `number_of_tourists`, `created_at`, `deleted_at`, `group_description`, `group_number_lemit`, `updated_at`, `tripplan_id`) VALUES (6, 'quas', 0, '2006-09-26 00:00:00.000000', NULL, 'Distinctio assumenda dolorem quos quasi debitis. Minus optio maxime quae eum accusantium occaecati. Sapiente exercitationem quaerat molestias similique aspernatur a laborum.', 5, NULL, 6);
INSERT INTO `trip_groups` (`trip_group_id`, `group_name`, `number_of_tourists`, `created_at`, `deleted_at`, `group_description`, `group_number_lemit`, `updated_at`, `tripplan_id`) VALUES (7, 'exercitationem', 0, '1975-12-28 00:00:00.000000', NULL, 'Enim hic occaecati quia rerum recusandae consequatur harum earum. Repellat repudiandae dicta et rerum hic.', 8, NULL, 7);
INSERT INTO `trip_groups` (`trip_group_id`, `group_name`, `number_of_tourists`, `created_at`, `deleted_at`, `group_description`, `group_number_lemit`, `updated_at`, `tripplan_id`) VALUES (8, 'quae', 0, '1987-01-21 00:00:00.000000', NULL, 'Voluptas odio et sed sint ea laudantium eligendi aliquid. Et ex beatae quos eveniet fuga aut. Nihil qui ipsum non expedita.', 6, NULL, 8);
INSERT INTO `trip_groups` (`trip_group_id`, `group_name`, `number_of_tourists`, `created_at`, `deleted_at`, `group_description`, `group_number_lemit`, `updated_at`, `tripplan_id`) VALUES (9, 'sit', 0, '1989-06-17 00:00:00.000000', NULL, 'Alias aut iure eum consequuntur dolore id. Minima placeat omnis minus pariatur et incidunt et. Ut quia neque et quasi provident.', 1, NULL, 9);
INSERT INTO `trip_groups` (`trip_group_id`, `group_name`, `number_of_tourists`, `created_at`, `deleted_at`, `group_description`, `group_number_lemit`, `updated_at`, `tripplan_id`) VALUES (10, 'cum', 0, '2018-12-26 00:00:00.000000', NULL, 'Saepe quia soluta reprehenderit. Laboriosam ea excepturi aut. Reiciendis eius et modi velit.', 1, NULL, 10);
INSERT INTO `trip_groups` (`trip_group_id`, `group_name`, `number_of_tourists`, `created_at`, `deleted_at`, `group_description`, `group_number_lemit`, `updated_at`, `tripplan_id`) VALUES (11, 'aperiam', 0, '2003-07-05 00:00:00.000000', NULL, 'Et voluptatem id perspiciatis ea hic quas velit officia. Maiores asperiores cum autem rerum corrupti sequi dolore. Aut corrupti est quaerat ad ut aliquam molestias. Minus asperiores omnis voluptas aut architecto saepe.', 6, NULL, 11);
INSERT INTO `trip_groups` (`trip_group_id`, `group_name`, `number_of_tourists`, `created_at`, `deleted_at`, `group_description`, `group_number_lemit`, `updated_at`, `tripplan_id`) VALUES (12, 'distinctio', 0, '1989-10-14 00:00:00.000000', NULL, 'Inventore ducimus qui perferendis quis. Sit non nam officia dolor non magni architecto enim. Corrupti rerum explicabo et dolorem dolores. Reiciendis cum dolores magnam et quos. Quod et blanditiis quisquam temporibus odit non aut magnam.', 9, NULL, 12);
INSERT INTO `trip_groups` (`trip_group_id`, `group_name`, `number_of_tourists`, `created_at`, `deleted_at`, `group_description`, `group_number_lemit`, `updated_at`, `tripplan_id`) VALUES (13, 'veniam', 0, '1975-03-17 00:00:00.000000', NULL, 'Sit tenetur qui beatae voluptates vitae. At pariatur aut magnam ab amet voluptates. Quis suscipit nihil aperiam rerum nam quia.', 1, NULL, 13);
INSERT INTO `trip_groups` (`trip_group_id`, `group_name`, `number_of_tourists`, `created_at`, `deleted_at`, `group_description`, `group_number_lemit`, `updated_at`, `tripplan_id`) VALUES (14, 'est', 0, '2019-04-04 00:00:00.000000', NULL, 'Nobis atque consectetur beatae. Ipsum voluptate voluptatem quia molestiae veniam. Necessitatibus consequatur inventore quos voluptas deleniti quia. Minus qui beatae incidunt ipsum.', 7, NULL, 14);
INSERT INTO `trip_groups` (`trip_group_id`, `group_name`, `number_of_tourists`, `created_at`, `deleted_at`, `group_description`, `group_number_lemit`, `updated_at`, `tripplan_id`) VALUES (15, 'natus', 0, '1998-06-28 00:00:00.000000', NULL, 'Mollitia expedita delectus nam velit aspernatur dolor dignissimos iure. Sint aliquid magnam quas incidunt. Animi quia commodi iure nemo labore esse consequatur.', 1, NULL, 15);
INSERT INTO `trip_groups` (`trip_group_id`, `group_name`, `number_of_tourists`, `created_at`, `deleted_at`, `group_description`, `group_number_lemit`, `updated_at`, `tripplan_id`) VALUES (16, 'et', 0, '1996-06-25 00:00:00.000000', NULL, 'Cupiditate eum harum voluptates assumenda. Ut vel maxime cum est est cupiditate. Inventore accusantium quaerat id et.', 4, NULL, 16);
INSERT INTO `trip_groups` (`trip_group_id`, `group_name`, `number_of_tourists`, `created_at`, `deleted_at`, `group_description`, `group_number_lemit`, `updated_at`, `tripplan_id`) VALUES (17, 'qui', 0, '2020-07-24 00:00:00.000000', NULL, 'Aut eveniet dolorem aut neque temporibus et necessitatibus. Aspernatur accusantium ut iusto rerum. Dicta neque placeat expedita esse minima enim omnis.', 8, NULL, 17);
INSERT INTO `trip_groups` (`trip_group_id`, `group_name`, `number_of_tourists`, `created_at`, `deleted_at`, `group_description`, `group_number_lemit`, `updated_at`, `tripplan_id`) VALUES (18, 'harum', 0, '1994-12-03 00:00:00.000000', NULL, 'In sit ratione facere consequatur asperiores. Et omnis neque temporibus reiciendis accusantium deleniti incidunt. Esse vitae tempore necessitatibus porro. Iste blanditiis fugit accusamus fuga ea.', 3, NULL, 18);
INSERT INTO `trip_groups` (`trip_group_id`, `group_name`, `number_of_tourists`, `created_at`, `deleted_at`, `group_description`, `group_number_lemit`, `updated_at`, `tripplan_id`) VALUES (19, 'ut', 0, '2013-03-17 00:00:00.000000', NULL, 'Sapiente praesentium reprehenderit quibusdam blanditiis. Sed pariatur totam labore molestiae incidunt alias. Minima sit aut temporibus aut voluptatem impedit.', 8, NULL, 19);
INSERT INTO `trip_groups` (`trip_group_id`, `group_name`, `number_of_tourists`, `created_at`, `deleted_at`, `group_description`, `group_number_lemit`, `updated_at`, `tripplan_id`) VALUES (20, 'amet', 0, '1973-02-01 00:00:00.000000', NULL, 'Reprehenderit et iusto eum et incidunt tempore. Hic amet eos vel. Aut error ullam ipsa placeat aut laborum minima.', 7, NULL, 20);
INSERT INTO `trip_groups` (`trip_group_id`, `group_name`, `number_of_tourists`, `created_at`, `deleted_at`, `group_description`, `group_number_lemit`, `updated_at`, `tripplan_id`) VALUES (21, 'voluptas', 0, '2019-11-22 00:00:00.000000', NULL, 'Reprehenderit sunt omnis nam deserunt quo. Dignissimos assumenda aspernatur totam. Minus voluptate voluptatem sequi asperiores quia ut velit. Dignissimos vel velit dolores totam. Tenetur modi aut blanditiis qui nihil maxime.', 6, NULL, 21);
INSERT INTO `trip_groups` (`trip_group_id`, `group_name`, `number_of_tourists`, `created_at`, `deleted_at`, `group_description`, `group_number_lemit`, `updated_at`, `tripplan_id`) VALUES (22, 'corrupti', 0, '1993-01-16 00:00:00.000000', NULL, 'Veritatis repellat velit labore dicta sit ab. Est quia qui esse temporibus numquam omnis accusamus magnam. Neque perferendis voluptas eum voluptatibus mollitia. Officiis rerum dolorum rerum et consequatur.', 8, NULL, 22);
INSERT INTO `trip_groups` (`trip_group_id`, `group_name`, `number_of_tourists`, `created_at`, `deleted_at`, `group_description`, `group_number_lemit`, `updated_at`, `tripplan_id`) VALUES (23, 'ipsam', 0, '1974-08-08 00:00:00.000000', NULL, 'Sunt unde ut quas facere est rem aspernatur. Accusantium quaerat repudiandae sunt maiores. Aut unde voluptatem non.', 9, NULL, 23);
INSERT INTO `trip_groups` (`trip_group_id`, `group_name`, `number_of_tourists`, `created_at`, `deleted_at`, `group_description`, `group_number_lemit`, `updated_at`, `tripplan_id`) VALUES (24, 'quibusdam', 0, '2008-11-20 00:00:00.000000', NULL, 'Doloremque qui deserunt laboriosam est vel est voluptate. Quia eum totam accusantium possimus. Nisi amet architecto non occaecati vitae aut quam ipsa.', 5, NULL, 24);
INSERT INTO `trip_groups` (`trip_group_id`, `group_name`, `number_of_tourists`, `created_at`, `deleted_at`, `group_description`, `group_number_lemit`, `updated_at`, `tripplan_id`) VALUES (25, 'enim', 0, '2018-09-27 00:00:00.000000', NULL, 'Provident minus qui similique doloribus libero unde aspernatur. Sed tenetur sapiente ullam dolores. Maiores voluptatum consectetur ullam qui. Odio libero quis delectus laborum.', 4, NULL, 25);
INSERT INTO `trip_groups` (`trip_group_id`, `group_name`, `number_of_tourists`, `created_at`, `deleted_at`, `group_description`, `group_number_lemit`, `updated_at`, `tripplan_id`) VALUES (26, 'quaerat', 0, '2013-05-24 00:00:00.000000', NULL, 'Et accusantium voluptates perferendis. In et rerum ea voluptate sed qui. Veritatis alias dolor voluptatem quaerat voluptas iure eos vero. Odit ipsam voluptatem est temporibus quos necessitatibus velit.', 5, NULL, 26);
INSERT INTO `trip_groups` (`trip_group_id`, `group_name`, `number_of_tourists`, `created_at`, `deleted_at`, `group_description`, `group_number_lemit`, `updated_at`, `tripplan_id`) VALUES (27, 'voluptates', 0, '2021-02-05 00:00:00.000000', NULL, 'Culpa mollitia et adipisci quis dolor ipsum. Neque dolor voluptas iste quos error dolore sit. Placeat quam vitae nihil cupiditate et perferendis.', 4, NULL, 27);
INSERT INTO `trip_groups` (`trip_group_id`, `group_name`, `number_of_tourists`, `created_at`, `deleted_at`, `group_description`, `group_number_lemit`, `updated_at`, `tripplan_id`) VALUES (28, 'id', 0, '2007-08-20 00:00:00.000000', NULL, 'Quis et quam unde dolorum id dignissimos. Qui eligendi laborum molestias et reiciendis. Reiciendis dicta aut ab magni aut occaecati nisi.', 9, NULL, 28);
INSERT INTO `trip_groups` (`trip_group_id`, `group_name`, `number_of_tourists`, `created_at`, `deleted_at`, `group_description`, `group_number_lemit`, `updated_at`, `tripplan_id`) VALUES (29, 'perspiciatis', 0, '1995-02-24 00:00:00.000000', NULL, 'Nemo laudantium velit architecto dignissimos amet perferendis esse non. Perferendis pariatur quis voluptas est. Ipsam voluptas necessitatibus ipsum et facere id. Aut numquam cupiditate omnis aut.', 2, NULL, 29);
INSERT INTO `trip_groups` (`trip_group_id`, `group_name`, `number_of_tourists`, `created_at`, `deleted_at`, `group_description`, `group_number_lemit`, `updated_at`, `tripplan_id`) VALUES (30, 'eum', 0, '1970-10-19 00:00:00.000000', NULL, 'In quis sapiente aut tenetur molestias. Dolorum mollitia animi non. Distinctio incidunt nihil excepturi quos in.', 6, NULL, 30);
INSERT INTO `trip_groups` (`trip_group_id`, `group_name`, `number_of_tourists`, `created_at`, `deleted_at`, `group_description`, `group_number_lemit`, `updated_at`, `tripplan_id`) VALUES (31, 'reprehenderit', 0, '2011-02-10 00:00:00.000000', NULL, 'Corrupti saepe laudantium deserunt eaque officia mollitia et. Aut explicabo quas omnis consequatur nemo. Numquam cum rerum ut quasi quod sed qui. Necessitatibus asperiores repudiandae reprehenderit dolorem exercitationem aut.', 9, NULL, 31);
INSERT INTO `trip_groups` (`trip_group_id`, `group_name`, `number_of_tourists`, `created_at`, `deleted_at`, `group_description`, `group_number_lemit`, `updated_at`, `tripplan_id`) VALUES (32, 'doloribus', 0, '2018-12-02 00:00:00.000000', NULL, 'Autem qui atque eveniet excepturi consequatur quae aut distinctio. Consequatur officiis molestias corporis ducimus ipsum et voluptas cumque.', 8, NULL, 32);
INSERT INTO `trip_groups` (`trip_group_id`, `group_name`, `number_of_tourists`, `created_at`, `deleted_at`, `group_description`, `group_number_lemit`, `updated_at`, `tripplan_id`) VALUES (33, 'quae', 0, '1995-04-09 00:00:00.000000', NULL, 'Ea repellat rerum repellendus enim voluptatem adipisci odio est. Omnis dolores quo et veniam voluptate totam voluptate laborum. Ratione vel a consequuntur.', 9, NULL, 33);
INSERT INTO `trip_groups` (`trip_group_id`, `group_name`, `number_of_tourists`, `created_at`, `deleted_at`, `group_description`, `group_number_lemit`, `updated_at`, `tripplan_id`) VALUES (34, 'architecto', 0, '1993-05-02 00:00:00.000000', NULL, 'Similique sit odit nesciunt facilis est soluta porro. Quisquam officiis iusto nam quia repellendus et ipsam. Quia aliquam assumenda numquam vel sit.', 7, NULL, 34);
INSERT INTO `trip_groups` (`trip_group_id`, `group_name`, `number_of_tourists`, `created_at`, `deleted_at`, `group_description`, `group_number_lemit`, `updated_at`, `tripplan_id`) VALUES (35, 'corrupti', 0, '1997-04-26 00:00:00.000000', NULL, 'Vitae est et porro pariatur. Incidunt dolor deleniti assumenda doloribus voluptate.', 1, NULL, 35);
INSERT INTO `trip_groups` (`trip_group_id`, `group_name`, `number_of_tourists`, `created_at`, `deleted_at`, `group_description`, `group_number_lemit`, `updated_at`, `tripplan_id`) VALUES (36, 'qui', 0, '1971-05-10 00:00:00.000000', NULL, 'Possimus adipisci cupiditate est quia itaque nostrum excepturi qui. Impedit id id perspiciatis est. Odio et et qui ut earum et. Dolor fugit aut id delectus voluptatum.', 1, NULL, 36);
INSERT INTO `trip_groups` (`trip_group_id`, `group_name`, `number_of_tourists`, `created_at`, `deleted_at`, `group_description`, `group_number_lemit`, `updated_at`, `tripplan_id`) VALUES (37, 'deleniti', 0, '1996-07-17 00:00:00.000000', NULL, 'Ut nulla repudiandae ea temporibus dolor. Est eius quaerat neque dignissimos quae. Labore quos quo dolorem. Adipisci repellat voluptas laudantium.', 6, NULL, 37);
INSERT INTO `trip_groups` (`trip_group_id`, `group_name`, `number_of_tourists`, `created_at`, `deleted_at`, `group_description`, `group_number_lemit`, `updated_at`, `tripplan_id`) VALUES (38, 'consequuntur', 0, '1976-11-09 00:00:00.000000', NULL, 'Neque quos praesentium in enim non maxime. Consequuntur consequuntur laudantium consequatur. Dolor tempore dolores dolor aut perspiciatis similique alias. Vero suscipit est hic et.', 7, NULL, 38);
INSERT INTO `trip_groups` (`trip_group_id`, `group_name`, `number_of_tourists`, `created_at`, `deleted_at`, `group_description`, `group_number_lemit`, `updated_at`, `tripplan_id`) VALUES (39, 'ut', 0, '1978-09-01 00:00:00.000000', NULL, 'Esse ut provident at blanditiis. Deserunt nihil et voluptates totam. Tempora perspiciatis qui dolores.', 4, NULL, 39);
INSERT INTO `trip_groups` (`trip_group_id`, `group_name`, `number_of_tourists`, `created_at`, `deleted_at`, `group_description`, `group_number_lemit`, `updated_at`, `tripplan_id`) VALUES (40, 'laborum', 0, '1998-10-01 00:00:00.000000', NULL, 'Dicta aut voluptas aut deleniti non quo. Quibusdam ut eum voluptates adipisci accusantium numquam. Tenetur quisquam praesentium alias laudantium dolor et.', 4, NULL, 40);
INSERT INTO `trip_groups` (`trip_group_id`, `group_name`, `number_of_tourists`, `created_at`, `deleted_at`, `group_description`, `group_number_lemit`, `updated_at`, `tripplan_id`) VALUES (41, 'provident', 0, '1971-08-06 00:00:00.000000', NULL, 'Ut aut repellat nostrum et rerum sit. Deserunt non quam sunt fugit. Repellat et dolores accusantium eius neque deleniti. Vel eius ipsam beatae magni quis quasi.', 3, NULL, 41);
INSERT INTO `trip_groups` (`trip_group_id`, `group_name`, `number_of_tourists`, `created_at`, `deleted_at`, `group_description`, `group_number_lemit`, `updated_at`, `tripplan_id`) VALUES (42, 'explicabo', 0, '1997-08-23 00:00:00.000000', NULL, 'Aperiam modi mollitia ut et sed aut et. Esse saepe repudiandae cupiditate debitis. Debitis molestias repellendus et iure alias explicabo.', 2, NULL, 42);
INSERT INTO `trip_groups` (`trip_group_id`, `group_name`, `number_of_tourists`, `created_at`, `deleted_at`, `group_description`, `group_number_lemit`, `updated_at`, `tripplan_id`) VALUES (43, 'officia', 0, '2019-01-11 00:00:00.000000', NULL, 'Ducimus eos aspernatur qui provident consequatur ab. Perferendis ut qui nulla voluptatem et consequatur iste. Harum consequatur debitis aut earum. Et ipsa maxime et aut fuga sed debitis non. Eius laborum rerum esse impedit repellendus.', 2, NULL, 43);
INSERT INTO `trip_groups` (`trip_group_id`, `group_name`, `number_of_tourists`, `created_at`, `deleted_at`, `group_description`, `group_number_lemit`, `updated_at`, `tripplan_id`) VALUES (44, 'culpa', 0, '1974-12-09 00:00:00.000000', NULL, 'Corporis nulla placeat velit cum explicabo sint dolorem. Vitae possimus aut voluptas. At laborum omnis et odit necessitatibus. At ratione exercitationem occaecati suscipit quaerat dolorem aperiam maxime.', 5, NULL, 44);
INSERT INTO `trip_groups` (`trip_group_id`, `group_name`, `number_of_tourists`, `created_at`, `deleted_at`, `group_description`, `group_number_lemit`, `updated_at`, `tripplan_id`) VALUES (45, 'cumque', 0, '1994-02-22 00:00:00.000000', NULL, 'Animi odit voluptas nobis. Iure sit similique veniam eaque. Cumque aut expedita cum quaerat tempora voluptatem.', 1, NULL, 45);
INSERT INTO `trip_groups` (`trip_group_id`, `group_name`, `number_of_tourists`, `created_at`, `deleted_at`, `group_description`, `group_number_lemit`, `updated_at`, `tripplan_id`) VALUES (46, 'rerum', 0, '1992-12-15 00:00:00.000000', NULL, 'Ut et totam enim iusto modi reprehenderit autem. Tenetur voluptatum suscipit alias molestiae sit neque doloremque.', 2, NULL, 46);
INSERT INTO `trip_groups` (`trip_group_id`, `group_name`, `number_of_tourists`, `created_at`, `deleted_at`, `group_description`, `group_number_lemit`, `updated_at`, `tripplan_id`) VALUES (47, 'dolor', 0, '2017-04-17 00:00:00.000000', NULL, 'Accusamus voluptatem quidem necessitatibus quam et eum. Dolores omnis vero quia odio doloribus dolorum aut. Tempora architecto nihil et ad. Voluptates eaque non officiis.', 7, NULL, 47);
INSERT INTO `trip_groups` (`trip_group_id`, `group_name`, `number_of_tourists`, `created_at`, `deleted_at`, `group_description`, `group_number_lemit`, `updated_at`, `tripplan_id`) VALUES (48, 'repellat', 0, '2011-04-17 00:00:00.000000', NULL, 'Maxime est sed hic. Eos minus eos ut cum expedita. Aut placeat dicta blanditiis blanditiis et temporibus ut.', 4, NULL, 48);
INSERT INTO `trip_groups` (`trip_group_id`, `group_name`, `number_of_tourists`, `created_at`, `deleted_at`, `group_description`, `group_number_lemit`, `updated_at`, `tripplan_id`) VALUES (49, 'sed', 0, '1978-08-17 00:00:00.000000', NULL, 'Quis saepe dolor consectetur at accusamus consequatur facere necessitatibus. Necessitatibus quibusdam aspernatur et consequatur. Ab dolore rerum rem. Perferendis eum maiores non odio qui.', 3, NULL, 49);
INSERT INTO `trip_groups` (`trip_group_id`, `group_name`, `number_of_tourists`, `created_at`, `deleted_at`, `group_description`, `group_number_lemit`, `updated_at`, `tripplan_id`) VALUES (50, 'in', 0, '1993-09-23 00:00:00.000000', NULL, 'Sed sit error impedit necessitatibus adipisci ducimus dolorem. Rerum dolor aperiam blanditiis sint esse rem.', 6, NULL, 50);
INSERT INTO `trip_groups` (`trip_group_id`, `group_name`, `number_of_tourists`, `created_at`, `deleted_at`, `group_description`, `group_number_lemit`, `updated_at`, `tripplan_id`) VALUES (51, 'minus', 0, '1971-04-17 00:00:00.000000', NULL, 'Maxime et ut ut. Qui dolorum et explicabo sapiente. Veritatis veniam nesciunt excepturi commodi repellendus exercitationem unde. Voluptates quae quam facere consequuntur ea. Aliquam quibusdam aut non quia sint.', 4, NULL, 51);
INSERT INTO `trip_groups` (`trip_group_id`, `group_name`, `number_of_tourists`, `created_at`, `deleted_at`, `group_description`, `group_number_lemit`, `updated_at`, `tripplan_id`) VALUES (52, 'ab', 0, '2015-05-10 00:00:00.000000', NULL, 'Dolor modi ut corporis eum cupiditate molestias ut officiis. Eum ut iusto voluptas incidunt officiis est. Quasi et quo voluptate quam. Quo assumenda quia occaecati eum et.', 7, NULL, 52);
INSERT INTO `trip_groups` (`trip_group_id`, `group_name`, `number_of_tourists`, `created_at`, `deleted_at`, `group_description`, `group_number_lemit`, `updated_at`, `tripplan_id`) VALUES (53, 'ut', 0, '2018-06-01 00:00:00.000000', NULL, 'Qui minus et omnis debitis. Sapiente optio qui assumenda expedita. Nesciunt sit impedit voluptatum sit occaecati.', 9, NULL, 53);
INSERT INTO `trip_groups` (`trip_group_id`, `group_name`, `number_of_tourists`, `created_at`, `deleted_at`, `group_description`, `group_number_lemit`, `updated_at`, `tripplan_id`) VALUES (54, 'aut', 0, '1983-09-10 00:00:00.000000', NULL, 'Delectus voluptate beatae qui qui. Laboriosam saepe et non. Voluptatibus ex vel molestias consequatur iure inventore. Voluptates voluptatem nam aperiam itaque sunt. Corrupti aut mollitia veritatis omnis impedit corrupti eius.', 6, NULL, 54);
INSERT INTO `trip_groups` (`trip_group_id`, `group_name`, `number_of_tourists`, `created_at`, `deleted_at`, `group_description`, `group_number_lemit`, `updated_at`, `tripplan_id`) VALUES (55, 'minima', 0, '1990-06-25 00:00:00.000000', NULL, 'Dolore delectus quaerat ut magni. Provident eos dicta repudiandae aspernatur doloremque ratione qui. Velit numquam asperiores culpa voluptates voluptates. Voluptatem doloremque qui quas unde iste.', 9, NULL, 55);
INSERT INTO `trip_groups` (`trip_group_id`, `group_name`, `number_of_tourists`, `created_at`, `deleted_at`, `group_description`, `group_number_lemit`, `updated_at`, `tripplan_id`) VALUES (56, 'sint', 0, '2001-06-23 00:00:00.000000', NULL, 'Consequatur reprehenderit ipsam rerum reiciendis fugiat minima vitae. Quae dolorem neque esse id ducimus. Nesciunt qui occaecati expedita consectetur culpa a iusto expedita.', 2, NULL, 56);
INSERT INTO `trip_groups` (`trip_group_id`, `group_name`, `number_of_tourists`, `created_at`, `deleted_at`, `group_description`, `group_number_lemit`, `updated_at`, `tripplan_id`) VALUES (57, 'autem', 0, '2011-10-18 00:00:00.000000', NULL, 'Mollitia est ex non nemo mollitia alias. Est excepturi nobis pariatur ea. Dolor quas aspernatur et dolores nihil.', 6, NULL, 57);
INSERT INTO `trip_groups` (`trip_group_id`, `group_name`, `number_of_tourists`, `created_at`, `deleted_at`, `group_description`, `group_number_lemit`, `updated_at`, `tripplan_id`) VALUES (58, 'doloremque', 0, '2003-10-08 00:00:00.000000', NULL, 'Perferendis incidunt ut reprehenderit. Vel voluptatem et dolor nesciunt possimus. Nam nobis non expedita est ratione ducimus laborum.', 8, NULL, 58);
INSERT INTO `trip_groups` (`trip_group_id`, `group_name`, `number_of_tourists`, `created_at`, `deleted_at`, `group_description`, `group_number_lemit`, `updated_at`, `tripplan_id`) VALUES (59, 'nesciunt', 0, '2017-11-08 00:00:00.000000', NULL, 'Aliquid nihil non dolores esse et quos maxime. Suscipit quo vero non placeat deserunt. Eum nisi esse similique inventore eos.', 5, NULL, 59);
INSERT INTO `trip_groups` (`trip_group_id`, `group_name`, `number_of_tourists`, `created_at`, `deleted_at`, `group_description`, `group_number_lemit`, `updated_at`, `tripplan_id`) VALUES (60, 'autem', 0, '1975-07-17 00:00:00.000000', NULL, 'Ipsam vero accusantium qui. Nisi laboriosam facere fuga voluptas quia maiores quaerat. Vitae ut illum eius qui est. Et similique nemo et optio quaerat molestiae dolores.', 5, NULL, 60);
INSERT INTO `trip_groups` (`trip_group_id`, `group_name`, `number_of_tourists`, `created_at`, `deleted_at`, `group_description`, `group_number_lemit`, `updated_at`, `tripplan_id`) VALUES (61, 'est', 0, '1983-04-23 00:00:00.000000', NULL, 'Exercitationem facere architecto reiciendis fugit. Quibusdam omnis quam quas laudantium est. Quia quia modi possimus reiciendis ut tempore deleniti. Impedit vitae provident aspernatur sint unde.', 5, NULL, 61);
INSERT INTO `trip_groups` (`trip_group_id`, `group_name`, `number_of_tourists`, `created_at`, `deleted_at`, `group_description`, `group_number_lemit`, `updated_at`, `tripplan_id`) VALUES (62, 'aut', 0, '2008-12-27 00:00:00.000000', NULL, 'Vitae quia consequatur at perferendis natus accusamus. Tempore similique pariatur reprehenderit in adipisci. Ad repudiandae voluptatum accusantium sit.', 4, NULL, 62);
INSERT INTO `trip_groups` (`trip_group_id`, `group_name`, `number_of_tourists`, `created_at`, `deleted_at`, `group_description`, `group_number_lemit`, `updated_at`, `tripplan_id`) VALUES (63, 'nihil', 0, '2020-04-20 00:00:00.000000', NULL, 'Dolor et nulla odit porro alias. Delectus dolorem id ad rerum dolores autem mollitia. Dolore commodi eligendi provident perferendis. Saepe voluptatem illo non laudantium nihil ratione autem. Tempora aut minima ipsum nisi esse et.', 6, NULL, 63);
INSERT INTO `trip_groups` (`trip_group_id`, `group_name`, `number_of_tourists`, `created_at`, `deleted_at`, `group_description`, `group_number_lemit`, `updated_at`, `tripplan_id`) VALUES (64, 'qui', 0, '1974-09-05 00:00:00.000000', NULL, 'Rem dolorem ratione ut. Consequatur cupiditate maiores qui asperiores quisquam. Omnis rerum harum laboriosam ad doloremque consequatur itaque hic.', 3, NULL, 64);
INSERT INTO `trip_groups` (`trip_group_id`, `group_name`, `number_of_tourists`, `created_at`, `deleted_at`, `group_description`, `group_number_lemit`, `updated_at`, `tripplan_id`) VALUES (65, 'sed', 0, '1981-04-27 00:00:00.000000', NULL, 'Quaerat quisquam molestiae facere autem animi deleniti rerum. Dolorum in esse quos. Veniam voluptatem doloremque voluptatum qui enim.', 5, NULL, 65);
INSERT INTO `trip_groups` (`trip_group_id`, `group_name`, `number_of_tourists`, `created_at`, `deleted_at`, `group_description`, `group_number_lemit`, `updated_at`, `tripplan_id`) VALUES (66, 'aliquam', 0, '1995-06-22 00:00:00.000000', NULL, 'Debitis minus rem exercitationem totam officia. Aspernatur omnis doloribus officia fugiat officiis quia sed quaerat. Illum at sapiente ea id dolorem illo magni. Nobis tempora officiis rem.', 5, NULL, 66);
INSERT INTO `trip_groups` (`trip_group_id`, `group_name`, `number_of_tourists`, `created_at`, `deleted_at`, `group_description`, `group_number_lemit`, `updated_at`, `tripplan_id`) VALUES (67, 'ut', 0, '1970-05-28 00:00:00.000000', NULL, 'Possimus dicta ut similique nihil soluta deserunt. Occaecati facere odit sed ut. Recusandae qui voluptatum nisi enim. Ratione incidunt similique voluptatem.', 1, NULL, 67);
INSERT INTO `trip_groups` (`trip_group_id`, `group_name`, `number_of_tourists`, `created_at`, `deleted_at`, `group_description`, `group_number_lemit`, `updated_at`, `tripplan_id`) VALUES (68, 'magni', 0, '1998-09-09 00:00:00.000000', NULL, 'Soluta tempora eum magni ut eius. Dolor et atque rem. Qui enim a accusantium quae totam corporis nobis eos.', 9, NULL, 68);
INSERT INTO `trip_groups` (`trip_group_id`, `group_name`, `number_of_tourists`, `created_at`, `deleted_at`, `group_description`, `group_number_lemit`, `updated_at`, `tripplan_id`) VALUES (69, 'ut', 0, '2010-12-15 00:00:00.000000', NULL, 'Voluptas magnam quia sit ducimus recusandae. Perspiciatis cumque asperiores enim voluptatem nostrum magni. Ut non hic quis deleniti in qui quas. Voluptatum ex totam error non.', 4, NULL, 69);
INSERT INTO `trip_groups` (`trip_group_id`, `group_name`, `number_of_tourists`, `created_at`, `deleted_at`, `group_description`, `group_number_lemit`, `updated_at`, `tripplan_id`) VALUES (70, 'quaerat', 0, '1972-12-30 00:00:00.000000', NULL, 'Voluptas aliquid voluptatem sit ratione sunt. Tenetur quo ut expedita eum. Sequi facilis ut aut sint et. Ea nobis cum at quia voluptatem.', 9, NULL, 70);
INSERT INTO `trip_groups` (`trip_group_id`, `group_name`, `number_of_tourists`, `created_at`, `deleted_at`, `group_description`, `group_number_lemit`, `updated_at`, `tripplan_id`) VALUES (71, 'non', 0, '2019-08-31 00:00:00.000000', NULL, 'Officiis et non necessitatibus tempora adipisci. Ut eaque qui sed dolorum assumenda. Sit neque dolorem nam totam dicta. Maiores suscipit ut ab sint repudiandae nemo.', 1, NULL, 71);
INSERT INTO `trip_groups` (`trip_group_id`, `group_name`, `number_of_tourists`, `created_at`, `deleted_at`, `group_description`, `group_number_lemit`, `updated_at`, `tripplan_id`) VALUES (72, 'ducimus', 0, '2002-01-18 00:00:00.000000', NULL, 'Magnam quo illo et. Repellat sint delectus ipsam quia voluptatem. Facere repellat voluptas ad quasi ullam. Voluptas at quas molestias quia molestiae excepturi.', 2, NULL, 72);
INSERT INTO `trip_groups` (`trip_group_id`, `group_name`, `number_of_tourists`, `created_at`, `deleted_at`, `group_description`, `group_number_lemit`, `updated_at`, `tripplan_id`) VALUES (73, 'numquam', 0, '1972-01-06 00:00:00.000000', NULL, 'Asperiores mollitia veniam dignissimos maiores. Laboriosam reprehenderit est quidem et velit. Quis delectus est perspiciatis maiores et sint ut pariatur.', 5, NULL, 73);
INSERT INTO `trip_groups` (`trip_group_id`, `group_name`, `number_of_tourists`, `created_at`, `deleted_at`, `group_description`, `group_number_lemit`, `updated_at`, `tripplan_id`) VALUES (74, 'voluptatem', 0, '1978-09-20 00:00:00.000000', NULL, 'Culpa ea enim non rerum facere aut laborum. Placeat aut at laborum sed nihil voluptates. Dolore fugiat eos cumque et consequatur. Similique ut ducimus eius at laudantium.', 9, NULL, 74);
INSERT INTO `trip_groups` (`trip_group_id`, `group_name`, `number_of_tourists`, `created_at`, `deleted_at`, `group_description`, `group_number_lemit`, `updated_at`, `tripplan_id`) VALUES (75, 'ut', 0, '2011-10-27 00:00:00.000000', NULL, 'Iusto neque id voluptatem placeat dolorem a. Id odit in vitae aut. Officiis et consequatur nesciunt dolorem eum voluptatem. Est architecto facere ut sequi eos necessitatibus harum tenetur.', 3, NULL, 75);
INSERT INTO `trip_groups` (`trip_group_id`, `group_name`, `number_of_tourists`, `created_at`, `deleted_at`, `group_description`, `group_number_lemit`, `updated_at`, `tripplan_id`) VALUES (76, 'autem', 0, '1971-03-06 00:00:00.000000', NULL, 'Et consequatur qui reprehenderit iste quasi fugit optio. Mollitia officia placeat nihil possimus. Eaque ea vel aut perferendis fuga commodi. Recusandae ad asperiores eos voluptatibus eum. Molestiae et beatae quod rem dolor commodi repellat.', 9, NULL, 76);
INSERT INTO `trip_groups` (`trip_group_id`, `group_name`, `number_of_tourists`, `created_at`, `deleted_at`, `group_description`, `group_number_lemit`, `updated_at`, `tripplan_id`) VALUES (77, 'ea', 0, '2004-01-05 00:00:00.000000', NULL, 'Ea laboriosam expedita dolores non doloremque ut. Repellendus voluptatem aliquid eum laudantium minima sed quod. Id sed facilis quidem voluptatum provident expedita.', 5, NULL, 77);
INSERT INTO `trip_groups` (`trip_group_id`, `group_name`, `number_of_tourists`, `created_at`, `deleted_at`, `group_description`, `group_number_lemit`, `updated_at`, `tripplan_id`) VALUES (78, 'soluta', 0, '2001-09-28 00:00:00.000000', NULL, 'Suscipit unde labore eaque in eum. Dolorem similique maiores perferendis suscipit nam vero. Molestias molestias omnis nihil omnis quidem. Sapiente nisi et id velit.', 4, NULL, 78);
INSERT INTO `trip_groups` (`trip_group_id`, `group_name`, `number_of_tourists`, `created_at`, `deleted_at`, `group_description`, `group_number_lemit`, `updated_at`, `tripplan_id`) VALUES (79, 'et', 0, '2007-09-30 00:00:00.000000', NULL, 'Animi mollitia tempora vitae voluptatibus. Eum est iusto cupiditate voluptate ab. Ut cupiditate cupiditate nemo sequi dolor ab voluptatibus.', 5, NULL, 79);
INSERT INTO `trip_groups` (`trip_group_id`, `group_name`, `number_of_tourists`, `created_at`, `deleted_at`, `group_description`, `group_number_lemit`, `updated_at`, `tripplan_id`) VALUES (80, 'laudantium', 0, '2006-08-10 00:00:00.000000', NULL, 'Dolore est porro soluta consequatur. Est labore ratione molestiae reiciendis voluptates et. Aut sed voluptatem nihil modi aut.', 5, NULL, 80);
INSERT INTO `trip_groups` (`trip_group_id`, `group_name`, `number_of_tourists`, `created_at`, `deleted_at`, `group_description`, `group_number_lemit`, `updated_at`, `tripplan_id`) VALUES (81, 'et', 0, '1999-09-21 00:00:00.000000', NULL, 'Nulla cupiditate ut esse sed sint. Odit porro voluptatem assumenda fuga. Molestias assumenda qui libero molestiae explicabo dolores.', 7, NULL, 81);
INSERT INTO `trip_groups` (`trip_group_id`, `group_name`, `number_of_tourists`, `created_at`, `deleted_at`, `group_description`, `group_number_lemit`, `updated_at`, `tripplan_id`) VALUES (82, 'inventore', 0, '1980-08-11 00:00:00.000000', NULL, 'Excepturi in omnis excepturi et et. Voluptatem qui non harum voluptatum est odio et. Quod cupiditate rem perspiciatis ratione quis.', 5, NULL, 82);
INSERT INTO `trip_groups` (`trip_group_id`, `group_name`, `number_of_tourists`, `created_at`, `deleted_at`, `group_description`, `group_number_lemit`, `updated_at`, `tripplan_id`) VALUES (83, 'facere', 0, '2006-03-05 00:00:00.000000', NULL, 'Suscipit consectetur suscipit non aut accusantium. Sapiente occaecati vel eaque corrupti delectus sit. Et repellendus illum veniam autem voluptate.', 1, NULL, 83);
INSERT INTO `trip_groups` (`trip_group_id`, `group_name`, `number_of_tourists`, `created_at`, `deleted_at`, `group_description`, `group_number_lemit`, `updated_at`, `tripplan_id`) VALUES (84, 'in', 0, '2016-10-18 00:00:00.000000', NULL, 'Dicta laudantium asperiores libero voluptatem quis magnam consequatur eligendi. Sit ipsam quae adipisci sint fugiat deserunt. Voluptas eius quidem suscipit rem provident sit.', 9, NULL, 84);
INSERT INTO `trip_groups` (`trip_group_id`, `group_name`, `number_of_tourists`, `created_at`, `deleted_at`, `group_description`, `group_number_lemit`, `updated_at`, `tripplan_id`) VALUES (85, 'magnam', 0, '1986-04-27 00:00:00.000000', NULL, 'Et ut temporibus officia sunt non cum molestiae. Iste enim dignissimos quia nisi alias. Et incidunt vitae aliquid non non reprehenderit illum omnis. Quod impedit omnis aliquid commodi ipsam eius veniam ut. Natus reiciendis qui aperiam aut ipsum necessitat', 3, NULL, 85);
INSERT INTO `trip_groups` (`trip_group_id`, `group_name`, `number_of_tourists`, `created_at`, `deleted_at`, `group_description`, `group_number_lemit`, `updated_at`, `tripplan_id`) VALUES (86, 'magni', 0, '2012-01-08 00:00:00.000000', NULL, 'Nihil minima eveniet dolorem commodi. Quae voluptatum doloremque tempore aliquid esse omnis necessitatibus autem. Hic ratione sed non amet porro dolorem quia beatae.', 5, NULL, 86);
INSERT INTO `trip_groups` (`trip_group_id`, `group_name`, `number_of_tourists`, `created_at`, `deleted_at`, `group_description`, `group_number_lemit`, `updated_at`, `tripplan_id`) VALUES (87, 'soluta', 0, '1986-07-18 00:00:00.000000', NULL, 'Nihil a voluptas culpa et. Nihil earum quasi voluptas excepturi et sunt. Itaque iusto delectus sunt consequatur maxime quia ullam. Qui omnis est officia enim voluptatem et et.', 4, NULL, 87);
INSERT INTO `trip_groups` (`trip_group_id`, `group_name`, `number_of_tourists`, `created_at`, `deleted_at`, `group_description`, `group_number_lemit`, `updated_at`, `tripplan_id`) VALUES (88, 'unde', 0, '1980-11-29 00:00:00.000000', NULL, 'Aliquam nulla aut sint et qui. Amet qui quaerat modi tenetur. Adipisci mollitia molestiae harum quidem. Sint eum sapiente earum quaerat aut expedita.', 9, NULL, 88);
INSERT INTO `trip_groups` (`trip_group_id`, `group_name`, `number_of_tourists`, `created_at`, `deleted_at`, `group_description`, `group_number_lemit`, `updated_at`, `tripplan_id`) VALUES (89, 'neque', 0, '2022-07-26 00:00:00.000000', NULL, 'Rerum exercitationem distinctio enim hic labore voluptas eos. Tenetur pariatur eos unde modi et rerum. Quia accusamus illo laborum aspernatur.', 2, NULL, 89);
INSERT INTO `trip_groups` (`trip_group_id`, `group_name`, `number_of_tourists`, `created_at`, `deleted_at`, `group_description`, `group_number_lemit`, `updated_at`, `tripplan_id`) VALUES (90, 'doloribus', 0, '1995-05-07 00:00:00.000000', NULL, 'Culpa sit reiciendis vel amet. Deleniti quia sed rerum perferendis. Rerum commodi facilis officiis ipsum.', 2, NULL, 90);
INSERT INTO `trip_groups` (`trip_group_id`, `group_name`, `number_of_tourists`, `created_at`, `deleted_at`, `group_description`, `group_number_lemit`, `updated_at`, `tripplan_id`) VALUES (91, 'esse', 0, '1996-12-18 00:00:00.000000', NULL, 'Magnam quibusdam repudiandae qui autem. Debitis dolorem quaerat ut aspernatur et iusto ut. Est doloribus voluptatem quis hic quas. Id ipsa quis possimus.', 3, NULL, 91);
INSERT INTO `trip_groups` (`trip_group_id`, `group_name`, `number_of_tourists`, `created_at`, `deleted_at`, `group_description`, `group_number_lemit`, `updated_at`, `tripplan_id`) VALUES (92, 'consequatur', 0, '1970-01-03 00:00:00.000000', NULL, 'Fugit excepturi omnis neque corrupti. Odio nemo sapiente perspiciatis vel. Dolores vel rerum eos est deleniti sed. Accusamus praesentium non ut deserunt ex nihil.', 3, NULL, 92);
INSERT INTO `trip_groups` (`trip_group_id`, `group_name`, `number_of_tourists`, `created_at`, `deleted_at`, `group_description`, `group_number_lemit`, `updated_at`, `tripplan_id`) VALUES (93, 'occaecati', 0, '2008-05-03 00:00:00.000000', NULL, 'Dolorum iure ut id et ut. Consequatur voluptatum praesentium ab neque ea aperiam. Tenetur nam expedita autem omnis porro architecto sed.', 9, NULL, 93);
INSERT INTO `trip_groups` (`trip_group_id`, `group_name`, `number_of_tourists`, `created_at`, `deleted_at`, `group_description`, `group_number_lemit`, `updated_at`, `tripplan_id`) VALUES (94, 'et', 0, '1991-11-09 00:00:00.000000', NULL, 'Error voluptate id atque. Vero omnis placeat ad iste amet est. A ipsum consequatur ex quas culpa impedit itaque qui. Ut aut rerum nobis.', 4, NULL, 94);
INSERT INTO `trip_groups` (`trip_group_id`, `group_name`, `number_of_tourists`, `created_at`, `deleted_at`, `group_description`, `group_number_lemit`, `updated_at`, `tripplan_id`) VALUES (95, 'voluptas', 0, '1987-11-10 00:00:00.000000', NULL, 'Quia quas perferendis provident ab. Et ipsum quam non sit amet asperiores quia odit. Omnis aut sit ab sed.', 9, NULL, 95);
INSERT INTO `trip_groups` (`trip_group_id`, `group_name`, `number_of_tourists`, `created_at`, `deleted_at`, `group_description`, `group_number_lemit`, `updated_at`, `tripplan_id`) VALUES (96, 'ipsa', 0, '2005-06-22 00:00:00.000000', NULL, 'Est sunt at libero porro sed illo esse. Dolor id voluptate enim dolor impedit. Molestiae corrupti sunt est quas quod. Consectetur repellat dolore aut sint nemo.', 5, NULL, 96);
INSERT INTO `trip_groups` (`trip_group_id`, `group_name`, `number_of_tourists`, `created_at`, `deleted_at`, `group_description`, `group_number_lemit`, `updated_at`, `tripplan_id`) VALUES (97, 'minima', 0, '1980-04-01 00:00:00.000000', NULL, 'Ipsam illo omnis voluptatem quo. Exercitationem et dolorem quasi ullam cumque ratione veniam. Alias ipsum quo consequatur in. Consequuntur eaque voluptatum autem est iure enim voluptatem. Qui reiciendis consequuntur beatae et quisquam ullam sint.', 6, NULL, 97);
INSERT INTO `trip_groups` (`trip_group_id`, `group_name`, `number_of_tourists`, `created_at`, `deleted_at`, `group_description`, `group_number_lemit`, `updated_at`, `tripplan_id`) VALUES (98, 'et', 0, '2009-04-15 00:00:00.000000', NULL, 'Hic est est mollitia. Numquam quisquam et quasi eum.', 1, NULL, 98);
INSERT INTO `trip_groups` (`trip_group_id`, `group_name`, `number_of_tourists`, `created_at`, `deleted_at`, `group_description`, `group_number_lemit`, `updated_at`, `tripplan_id`) VALUES (99, 'deleniti', 0, '1986-10-20 00:00:00.000000', NULL, 'Officia enim voluptas dolorem non laboriosam nulla ad animi. Aliquam nihil rerum enim voluptatum ratione aut dignissimos aut. Ullam laudantium fuga dolorem vitae earum laborum.', 4, NULL, 99);
INSERT INTO `trip_groups` (`trip_group_id`, `group_name`, `number_of_tourists`, `created_at`, `deleted_at`, `group_description`, `group_number_lemit`, `updated_at`, `tripplan_id`) VALUES (100, 'nemo', 0, '2016-01-03 00:00:00.000000', NULL, 'Facilis consequuntur aut soluta porro. Cumque qui magnam tempore necessitatibus ut quis cumque.', 8, NULL, 100);



INSERT INTO `trip_plans` (`tripplan_id`, `created_at`, `deleted_at`, `end_date`, `plan_description`, `plan_name`, `start_date`, `updated_at`) VALUES (1, '1989-07-04 00:00:00.000000', NULL, '1997-01-29 00:00:00.000000', 'Aut nobis quisquam et pariatur eos aut. Quia vel consequatur aspernatur repellendus. Voluptas aliquid blanditiis accusamus commodi consequatur culpa. Maxime mollitia neque eius sit nesciunt.', 'Aliquid dolor aut consequuntur perferendis quis.', '1991-10-11 00:00:00.000000', NULL);
INSERT INTO `trip_plans` (`tripplan_id`, `created_at`, `deleted_at`, `end_date`, `plan_description`, `plan_name`, `start_date`, `updated_at`) VALUES (2, '1971-07-15 00:00:00.000000', NULL, '2013-09-17 00:00:00.000000', 'Esse et aut velit nulla facere fugit est explicabo. Aut quam aut tenetur vel. Deserunt reprehenderit sed beatae error sed nulla nobis perspiciatis. Sed dolor nihil ratione.', 'Velit alias quas ea enim illum repellendus et.', '1978-05-08 00:00:00.000000', NULL);
INSERT INTO `trip_plans` (`tripplan_id`, `created_at`, `deleted_at`, `end_date`, `plan_description`, `plan_name`, `start_date`, `updated_at`) VALUES (3, '1978-10-09 00:00:00.000000', NULL, '2009-11-04 00:00:00.000000', 'Quos quasi dolores ut aut cupiditate. Laboriosam delectus rerum itaque voluptatibus reiciendis. Nihil non autem ducimus numquam dolorum soluta magnam qui. Eum quas dicta illo consequuntur quis aut ab.', 'Nemo voluptatem eum facere non.', '1988-11-13 00:00:00.000000', NULL);
INSERT INTO `trip_plans` (`tripplan_id`, `created_at`, `deleted_at`, `end_date`, `plan_description`, `plan_name`, `start_date`, `updated_at`) VALUES (4, '1996-04-13 00:00:00.000000', NULL, '2015-06-23 00:00:00.000000', 'Numquam id eaque et corrupti voluptate perferendis quas sit. Nisi cumque iusto distinctio magnam quidem. Qui harum cupiditate voluptatem nam qui.', 'Quia tenetur dolor et.', '1997-01-17 00:00:00.000000', NULL);
INSERT INTO `trip_plans` (`tripplan_id`, `created_at`, `deleted_at`, `end_date`, `plan_description`, `plan_name`, `start_date`, `updated_at`) VALUES (5, '2017-11-10 00:00:00.000000', NULL, '2009-08-29 00:00:00.000000', 'Dolores officiis voluptatem iure. Rerum deserunt qui laudantium fuga vel est debitis. Facere debitis libero neque qui in deleniti ut. Cupiditate excepturi quis qui.', 'Sapiente eaque est reiciendis veniam dolor.', '2022-10-05 00:00:00.000000', NULL);
INSERT INTO `trip_plans` (`tripplan_id`, `created_at`, `deleted_at`, `end_date`, `plan_description`, `plan_name`, `start_date`, `updated_at`) VALUES (6, '1988-07-13 00:00:00.000000', NULL, '1988-10-24 00:00:00.000000', 'Commodi nisi inventore voluptates omnis rerum. Consequatur pariatur corporis aut voluptas sit laborum rem. Vitae aut sit corporis accusantium. Rem quis accusamus nulla et quod.', 'Occaecati sed tenetur distinctio facere.', '2012-10-31 00:00:00.000000', NULL);
INSERT INTO `trip_plans` (`tripplan_id`, `created_at`, `deleted_at`, `end_date`, `plan_description`, `plan_name`, `start_date`, `updated_at`) VALUES (7, '2007-10-07 00:00:00.000000', NULL, '2020-03-22 00:00:00.000000', 'Aut facere ut sapiente alias provident unde. Voluptas tempora ea cumque pariatur. Qui eos quo maxime. Eum reiciendis natus ea exercitationem et laudantium.', 'Dolor perspiciatis rerum et consequatur.', '2010-11-14 00:00:00.000000', NULL);
INSERT INTO `trip_plans` (`tripplan_id`, `created_at`, `deleted_at`, `end_date`, `plan_description`, `plan_name`, `start_date`, `updated_at`) VALUES (8, '1988-02-04 00:00:00.000000', NULL, '1993-06-09 00:00:00.000000', 'Enim non vero recusandae expedita id minima. Tempore voluptatibus quisquam exercitationem culpa excepturi excepturi saepe.', 'Veritatis molestias at dolorum eum.', '1970-05-08 00:00:00.000000', NULL);
INSERT INTO `trip_plans` (`tripplan_id`, `created_at`, `deleted_at`, `end_date`, `plan_description`, `plan_name`, `start_date`, `updated_at`) VALUES (9, '1980-09-11 00:00:00.000000', NULL, '1976-04-11 00:00:00.000000', 'Adipisci nobis ea sunt nihil dignissimos voluptas. Aspernatur esse est dolor omnis fugit. Est natus repellat aliquam porro harum molestiae delectus. Fugit vero voluptatem reiciendis adipisci possimus qui fugit.', 'Non sit necessitatibus sit assumenda ex voluptas ut nam.', '2004-02-23 00:00:00.000000', NULL);
INSERT INTO `trip_plans` (`tripplan_id`, `created_at`, `deleted_at`, `end_date`, `plan_description`, `plan_name`, `start_date`, `updated_at`) VALUES (10, '2018-05-16 00:00:00.000000', NULL, '2003-01-08 00:00:00.000000', 'Sit laboriosam eos vel blanditiis et. Ut modi fugiat laboriosam ab assumenda reprehenderit aliquid. Et expedita eaque beatae.', 'Incidunt laudantium minima maxime eligendi aut consequatur sunt et.', '1971-02-12 00:00:00.000000', NULL);
INSERT INTO `trip_plans` (`tripplan_id`, `created_at`, `deleted_at`, `end_date`, `plan_description`, `plan_name`, `start_date`, `updated_at`) VALUES (11, '1985-02-18 00:00:00.000000', NULL, '2008-09-19 00:00:00.000000', 'Ipsa quod aut ut. Ipsam mollitia natus est modi inventore. Recusandae illo voluptas sed delectus libero ab eveniet. Dolore labore doloribus eaque et possimus voluptatum ut.', 'Corrupti fuga placeat porro nesciunt.', '2003-01-29 00:00:00.000000', NULL);
INSERT INTO `trip_plans` (`tripplan_id`, `created_at`, `deleted_at`, `end_date`, `plan_description`, `plan_name`, `start_date`, `updated_at`) VALUES (12, '2009-07-05 00:00:00.000000', NULL, '1984-09-24 00:00:00.000000', 'Velit eveniet itaque qui dicta. Adipisci quae aliquam autem et suscipit neque. Sed sunt in facilis dignissimos.', 'Dolorem eius assumenda illum vel aperiam.', '2007-05-02 00:00:00.000000', NULL);
INSERT INTO `trip_plans` (`tripplan_id`, `created_at`, `deleted_at`, `end_date`, `plan_description`, `plan_name`, `start_date`, `updated_at`) VALUES (13, '2008-12-02 00:00:00.000000', NULL, '2001-07-15 00:00:00.000000', 'Perspiciatis ipsum ea hic vero. Consequuntur molestias consequatur deleniti aut corporis. Ad saepe impedit repellendus ea perspiciatis. Blanditiis rerum voluptates voluptatem recusandae a dolorem sed recusandae.', 'Assumenda rem totam sunt vel iste.', '1993-01-26 00:00:00.000000', NULL);
INSERT INTO `trip_plans` (`tripplan_id`, `created_at`, `deleted_at`, `end_date`, `plan_description`, `plan_name`, `start_date`, `updated_at`) VALUES (14, '2019-08-07 00:00:00.000000', NULL, '1972-06-23 00:00:00.000000', 'Amet esse nihil quo ea. Omnis doloribus dolor quis sapiente et quibusdam. Sint optio quas at repudiandae quo quibusdam.', 'Excepturi suscipit non omnis expedita velit incidunt dolore.', '2007-05-05 00:00:00.000000', NULL);
INSERT INTO `trip_plans` (`tripplan_id`, `created_at`, `deleted_at`, `end_date`, `plan_description`, `plan_name`, `start_date`, `updated_at`) VALUES (15, '1984-03-18 00:00:00.000000', NULL, '2006-08-28 00:00:00.000000', 'Nemo adipisci quae dolor eius sed consequatur. Magnam fuga quis veritatis atque. Eum illum quis autem voluptatem. Neque libero nihil adipisci neque dolorem ea.', 'Quisquam voluptas aliquam omnis dolor doloremque.', '2006-03-05 00:00:00.000000', NULL);
INSERT INTO `trip_plans` (`tripplan_id`, `created_at`, `deleted_at`, `end_date`, `plan_description`, `plan_name`, `start_date`, `updated_at`) VALUES (16, '1979-07-23 00:00:00.000000', NULL, '2007-01-14 00:00:00.000000', 'Sed ut et reiciendis consequatur delectus. Repudiandae quis sed quis eum velit. Dolore et consequatur eum. Maxime perferendis ut commodi quasi rem.', 'Rerum quam aut aut architecto consequatur numquam ut.', '2022-06-07 00:00:00.000000', NULL);
INSERT INTO `trip_plans` (`tripplan_id`, `created_at`, `deleted_at`, `end_date`, `plan_description`, `plan_name`, `start_date`, `updated_at`) VALUES (17, '1983-08-06 00:00:00.000000', NULL, '2000-11-17 00:00:00.000000', 'Deleniti modi voluptatem quaerat perferendis esse. Eos ut illo vel distinctio.', 'Hic itaque delectus eveniet beatae non.', '2002-01-19 00:00:00.000000', NULL);
INSERT INTO `trip_plans` (`tripplan_id`, `created_at`, `deleted_at`, `end_date`, `plan_description`, `plan_name`, `start_date`, `updated_at`) VALUES (18, '1995-04-12 00:00:00.000000', NULL, '1974-03-18 00:00:00.000000', 'Explicabo laudantium dolorum autem modi qui consequuntur similique. Est et sequi sequi quis esse.', 'Non reprehenderit qui culpa voluptas voluptatem numquam repellat.', '1991-10-17 00:00:00.000000', NULL);
INSERT INTO `trip_plans` (`tripplan_id`, `created_at`, `deleted_at`, `end_date`, `plan_description`, `plan_name`, `start_date`, `updated_at`) VALUES (19, '1989-10-01 00:00:00.000000', NULL, '1990-08-29 00:00:00.000000', 'Voluptatibus perferendis magnam quia debitis saepe beatae asperiores. Reprehenderit earum quo libero est aliquid inventore. Cupiditate voluptas aut et iusto fugit. Quo sit voluptas consequuntur esse provident consequatur exercitationem. Quia deleniti qui ', 'Ut optio ut et reprehenderit iure ducimus nihil.', '1993-08-12 00:00:00.000000', NULL);
INSERT INTO `trip_plans` (`tripplan_id`, `created_at`, `deleted_at`, `end_date`, `plan_description`, `plan_name`, `start_date`, `updated_at`) VALUES (20, '1991-09-28 00:00:00.000000', NULL, '1989-06-27 00:00:00.000000', 'Ut non molestias incidunt quia dolores quo odit. Omnis ut eos voluptatem qui assumenda dolor ea. Omnis non optio inventore.', 'Necessitatibus at repellat sed dolores.', '1972-07-22 00:00:00.000000', NULL);
INSERT INTO `trip_plans` (`tripplan_id`, `created_at`, `deleted_at`, `end_date`, `plan_description`, `plan_name`, `start_date`, `updated_at`) VALUES (21, '2001-12-10 00:00:00.000000', NULL, '2014-11-23 00:00:00.000000', 'Vero quod sit corporis qui laborum quia labore delectus. Suscipit saepe dolores autem soluta dolores. Saepe eligendi sunt ad reprehenderit accusantium consequatur velit corporis. Fugiat qui ut ad voluptatem.', 'Autem nam provident labore officiis incidunt eos fugit tenetur.', '2014-06-20 00:00:00.000000', NULL);
INSERT INTO `trip_plans` (`tripplan_id`, `created_at`, `deleted_at`, `end_date`, `plan_description`, `plan_name`, `start_date`, `updated_at`) VALUES (22, '1996-07-23 00:00:00.000000', NULL, '1988-12-22 00:00:00.000000', 'Voluptas magnam nisi totam vel exercitationem corrupti quia. Omnis veritatis quae culpa sed ut aliquam perferendis voluptatem. Provident illum numquam iste sit eos sint officia officiis.', 'Non officia quisquam reprehenderit autem saepe vitae officia.', '1995-08-23 00:00:00.000000', NULL);
INSERT INTO `trip_plans` (`tripplan_id`, `created_at`, `deleted_at`, `end_date`, `plan_description`, `plan_name`, `start_date`, `updated_at`) VALUES (23, '1985-04-26 00:00:00.000000', NULL, '1974-07-01 00:00:00.000000', 'Totam et et earum. Veritatis animi laborum distinctio et magni qui in. Itaque soluta corporis et et et voluptas et.', 'Inventore omnis atque impedit quasi necessitatibus.', '2016-05-08 00:00:00.000000', NULL);
INSERT INTO `trip_plans` (`tripplan_id`, `created_at`, `deleted_at`, `end_date`, `plan_description`, `plan_name`, `start_date`, `updated_at`) VALUES (24, '1981-03-14 00:00:00.000000', NULL, '1979-05-23 00:00:00.000000', 'Architecto magnam quia nobis rem. Magni quia eveniet sed dolore consequatur beatae. Nesciunt culpa commodi quos. Autem voluptas et non aut.', 'Et libero totam fugit.', '2010-06-09 00:00:00.000000', NULL);
INSERT INTO `trip_plans` (`tripplan_id`, `created_at`, `deleted_at`, `end_date`, `plan_description`, `plan_name`, `start_date`, `updated_at`) VALUES (25, '2004-12-02 00:00:00.000000', NULL, '1996-10-21 00:00:00.000000', 'Labore enim dolores corporis possimus maxime. Velit consequuntur cumque mollitia iste sit ut molestias. Dolor consequatur voluptatem quaerat facilis cum nisi id repellendus. Nostrum quis nostrum qui dolores quia est.', 'Illo esse ratione sint ducimus reprehenderit vel.', '2002-07-13 00:00:00.000000', NULL);
INSERT INTO `trip_plans` (`tripplan_id`, `created_at`, `deleted_at`, `end_date`, `plan_description`, `plan_name`, `start_date`, `updated_at`) VALUES (26, '1993-09-07 00:00:00.000000', NULL, '1982-09-30 00:00:00.000000', 'Quisquam in est vitae voluptas ducimus fugit officia. Est quidem eveniet cumque dicta libero eaque qui. Soluta ut accusamus voluptatibus dicta.', 'Delectus delectus rem ut quae et.', '1987-05-25 00:00:00.000000', NULL);
INSERT INTO `trip_plans` (`tripplan_id`, `created_at`, `deleted_at`, `end_date`, `plan_description`, `plan_name`, `start_date`, `updated_at`) VALUES (27, '2007-07-03 00:00:00.000000', NULL, '1990-07-07 00:00:00.000000', 'Sint quae nobis quo quibusdam consequatur. Voluptatem veritatis vel amet qui iste. Corrupti ut id enim ut totam asperiores et. Magni sed corrupti non quasi impedit.', 'Sed suscipit ut nostrum dolorum eum similique voluptate.', '1984-04-13 00:00:00.000000', NULL);
INSERT INTO `trip_plans` (`tripplan_id`, `created_at`, `deleted_at`, `end_date`, `plan_description`, `plan_name`, `start_date`, `updated_at`) VALUES (28, '1975-09-22 00:00:00.000000', NULL, '1992-02-24 00:00:00.000000', 'Voluptatem saepe quia omnis. Odit veniam dolor natus non porro est totam. Quaerat dicta sed debitis. Voluptas quis amet deserunt quas rem consequatur quisquam et.', 'Aut quibusdam qui voluptatem quo.', '1975-11-18 00:00:00.000000', NULL);
INSERT INTO `trip_plans` (`tripplan_id`, `created_at`, `deleted_at`, `end_date`, `plan_description`, `plan_name`, `start_date`, `updated_at`) VALUES (29, '1989-02-28 00:00:00.000000', NULL, '2006-02-16 00:00:00.000000', 'Aspernatur ea a perferendis ab. Et assumenda nam delectus ratione et hic rerum. Vel voluptas facilis quia ea accusantium neque.', 'Soluta architecto quam iure in.', '2010-07-14 00:00:00.000000', NULL);
INSERT INTO `trip_plans` (`tripplan_id`, `created_at`, `deleted_at`, `end_date`, `plan_description`, `plan_name`, `start_date`, `updated_at`) VALUES (30, '2001-07-14 00:00:00.000000', NULL, '1997-02-17 00:00:00.000000', 'Eius ut iusto alias est quod et. Neque aut et totam quae similique sint rerum. Et qui dignissimos quod dicta necessitatibus hic. Ut non rerum eos. Ea minima placeat nisi rerum minima fugit.', 'Id aut minus vel sint dolorem rerum aut.', '1997-01-06 00:00:00.000000', NULL);
INSERT INTO `trip_plans` (`tripplan_id`, `created_at`, `deleted_at`, `end_date`, `plan_description`, `plan_name`, `start_date`, `updated_at`) VALUES (31, '2020-05-26 00:00:00.000000', NULL, '2004-08-22 00:00:00.000000', 'Qui quia deleniti ipsum occaecati vero et excepturi. Numquam sed nemo vero ut qui. Pariatur qui a et reiciendis. Dolor eligendi quo aliquid animi nesciunt natus aut tenetur.', 'Distinctio est autem quas totam aliquid.', '1978-04-29 00:00:00.000000', NULL);
INSERT INTO `trip_plans` (`tripplan_id`, `created_at`, `deleted_at`, `end_date`, `plan_description`, `plan_name`, `start_date`, `updated_at`) VALUES (32, '2002-02-23 00:00:00.000000', NULL, '1983-08-05 00:00:00.000000', 'Repudiandae sint illum nesciunt sequi accusantium sed. Sunt architecto quasi error. Quam deserunt culpa non modi repellendus est. Minima voluptas voluptatem quia quo odio perspiciatis.', 'Est debitis labore id quisquam quis officiis assumenda.', '2017-09-25 00:00:00.000000', NULL);
INSERT INTO `trip_plans` (`tripplan_id`, `created_at`, `deleted_at`, `end_date`, `plan_description`, `plan_name`, `start_date`, `updated_at`) VALUES (33, '1983-03-16 00:00:00.000000', NULL, '2014-01-23 00:00:00.000000', 'Mollitia assumenda non in et est. Ratione aperiam quo cumque quia. Esse vitae ut aut aut rerum. Minima dolores autem quia molestiae quo ea placeat.', 'Ut vel aliquid officia cupiditate quia doloremque sapiente.', '1994-11-12 00:00:00.000000', NULL);
INSERT INTO `trip_plans` (`tripplan_id`, `created_at`, `deleted_at`, `end_date`, `plan_description`, `plan_name`, `start_date`, `updated_at`) VALUES (34, '2003-02-20 00:00:00.000000', NULL, '1987-06-20 00:00:00.000000', 'Magnam laudantium voluptatem vel qui blanditiis. Corporis architecto vero atque. Quia nihil ducimus exercitationem ut et adipisci.', 'Asperiores ad sint qui amet facilis odio consequatur.', '1995-07-12 00:00:00.000000', NULL);
INSERT INTO `trip_plans` (`tripplan_id`, `created_at`, `deleted_at`, `end_date`, `plan_description`, `plan_name`, `start_date`, `updated_at`) VALUES (35, '2004-07-16 00:00:00.000000', NULL, '2004-11-30 00:00:00.000000', 'Assumenda accusantium perferendis vero. Minima odit aut nemo ex sit reiciendis autem. Tempore nostrum ratione quis rerum natus. Consequatur et asperiores reprehenderit officiis quod temporibus est. Et consequatur perspiciatis fugit voluptatibus repudianda', 'Architecto sequi nihil quidem ipsam accusamus.', '2018-01-06 00:00:00.000000', NULL);
INSERT INTO `trip_plans` (`tripplan_id`, `created_at`, `deleted_at`, `end_date`, `plan_description`, `plan_name`, `start_date`, `updated_at`) VALUES (36, '2009-11-08 00:00:00.000000', NULL, '2019-02-24 00:00:00.000000', 'Nihil tempore maxime qui tempore earum doloremque vero. Nesciunt cum sint eum commodi esse quibusdam laboriosam dolore. Odit iusto quasi alias et maxime.', 'Reiciendis et nam ullam ut.', '2001-08-02 00:00:00.000000', NULL);
INSERT INTO `trip_plans` (`tripplan_id`, `created_at`, `deleted_at`, `end_date`, `plan_description`, `plan_name`, `start_date`, `updated_at`) VALUES (37, '1995-10-08 00:00:00.000000', NULL, '1973-10-21 00:00:00.000000', 'A optio sed nihil. Fugit ab et amet dolores quod asperiores. Minus minima rerum est rerum aperiam cumque. In deserunt a fuga magni dolores quibusdam. Saepe voluptatem perspiciatis temporibus et.', 'Quasi quos quo voluptates voluptatem et tempore aut.', '1972-02-05 00:00:00.000000', NULL);
INSERT INTO `trip_plans` (`tripplan_id`, `created_at`, `deleted_at`, `end_date`, `plan_description`, `plan_name`, `start_date`, `updated_at`) VALUES (38, '1995-09-20 00:00:00.000000', NULL, '2005-04-01 00:00:00.000000', 'Debitis ullam eum sequi iure. Minima enim hic et dolore in ea provident. Doloremque sint est aut ut rerum consequatur in fugiat.', 'Eligendi sequi vel est excepturi magnam.', '1985-03-09 00:00:00.000000', NULL);
INSERT INTO `trip_plans` (`tripplan_id`, `created_at`, `deleted_at`, `end_date`, `plan_description`, `plan_name`, `start_date`, `updated_at`) VALUES (39, '2007-11-07 00:00:00.000000', NULL, '2006-01-19 00:00:00.000000', 'Dolore aspernatur perspiciatis iure rerum ea. Consequatur qui in maiores voluptatem molestias occaecati dicta. Mollitia ipsam modi quisquam voluptatem beatae eos labore.', 'Quaerat ducimus natus et.', '1997-11-28 00:00:00.000000', NULL);
INSERT INTO `trip_plans` (`tripplan_id`, `created_at`, `deleted_at`, `end_date`, `plan_description`, `plan_name`, `start_date`, `updated_at`) VALUES (40, '1978-01-24 00:00:00.000000', NULL, '1997-02-06 00:00:00.000000', 'Sint aut qui corrupti eum sunt inventore. Voluptatem et qui placeat nemo. In dolor soluta saepe ipsum dolor.', 'Exercitationem earum assumenda minus.', '1995-09-10 00:00:00.000000', NULL);
INSERT INTO `trip_plans` (`tripplan_id`, `created_at`, `deleted_at`, `end_date`, `plan_description`, `plan_name`, `start_date`, `updated_at`) VALUES (41, '1991-02-01 00:00:00.000000', NULL, '1975-06-22 00:00:00.000000', 'Quis non voluptatum dolorem aut nisi. In eum quae cum iste. Quia exercitationem labore cum aut natus sit quae. Earum corrupti temporibus et repellat sit.', 'Mollitia molestias vel ut illum commodi.', '1998-10-10 00:00:00.000000', NULL);
INSERT INTO `trip_plans` (`tripplan_id`, `created_at`, `deleted_at`, `end_date`, `plan_description`, `plan_name`, `start_date`, `updated_at`) VALUES (42, '2020-06-14 00:00:00.000000', NULL, '2008-02-20 00:00:00.000000', 'Illo rerum facere illo autem. Cum autem porro corrupti est. Natus aut sit dolor voluptatem quia nobis eos qui. Adipisci rerum magni sint reiciendis voluptatem corporis unde.', 'Voluptates voluptas cum illum est quis ullam.', '1981-01-27 00:00:00.000000', NULL);
INSERT INTO `trip_plans` (`tripplan_id`, `created_at`, `deleted_at`, `end_date`, `plan_description`, `plan_name`, `start_date`, `updated_at`) VALUES (43, '2009-05-16 00:00:00.000000', NULL, '1983-05-03 00:00:00.000000', 'Quae nisi rem rem voluptas qui excepturi quos. Reprehenderit laboriosam numquam id aliquid veritatis. Laboriosam fuga numquam temporibus quia est.', 'Voluptate sunt et illo est.', '2017-01-17 00:00:00.000000', NULL);
INSERT INTO `trip_plans` (`tripplan_id`, `created_at`, `deleted_at`, `end_date`, `plan_description`, `plan_name`, `start_date`, `updated_at`) VALUES (44, '2000-10-06 00:00:00.000000', NULL, '2003-08-08 00:00:00.000000', 'Perferendis vel laudantium ut aut quaerat possimus ut. Voluptatem in dolorum beatae. Blanditiis nemo eveniet sed enim rem ut libero. Cumque eum accusantium laborum quia eos. Est mollitia error odio similique deleniti.', 'Nisi similique quod saepe.', '1999-01-28 00:00:00.000000', NULL);
INSERT INTO `trip_plans` (`tripplan_id`, `created_at`, `deleted_at`, `end_date`, `plan_description`, `plan_name`, `start_date`, `updated_at`) VALUES (45, '2000-07-09 00:00:00.000000', NULL, '1975-03-10 00:00:00.000000', 'Et et minus eaque illum. Voluptatum sunt dolorem veniam in quisquam aliquam. Delectus eos voluptas officia quia. Sed nulla libero repellendus velit esse.', 'Voluptas sequi dolorum quasi quia quia autem.', '1970-09-26 00:00:00.000000', NULL);
INSERT INTO `trip_plans` (`tripplan_id`, `created_at`, `deleted_at`, `end_date`, `plan_description`, `plan_name`, `start_date`, `updated_at`) VALUES (46, '2023-07-18 00:00:00.000000', NULL, '1980-11-12 00:00:00.000000', 'Consectetur ratione repudiandae qui voluptatem quibusdam minus neque. Quisquam ducimus ipsam rerum. Qui et molestiae nobis natus rerum dolores. Impedit quibusdam et accusamus deleniti.', 'Qui nam ipsum fugit deleniti architecto quis.', '1982-11-27 00:00:00.000000', NULL);
INSERT INTO `trip_plans` (`tripplan_id`, `created_at`, `deleted_at`, `end_date`, `plan_description`, `plan_name`, `start_date`, `updated_at`) VALUES (47, '1982-09-22 00:00:00.000000', NULL, '1982-04-30 00:00:00.000000', 'Dignissimos quidem dolorum est dolorem est porro beatae repellat. Occaecati et consequatur sit est. Expedita et error aperiam amet est perferendis. Quae qui similique adipisci necessitatibus et fugit mollitia.', 'Molestiae velit exercitationem enim laborum officia non omnis.', '1975-09-27 00:00:00.000000', NULL);
INSERT INTO `trip_plans` (`tripplan_id`, `created_at`, `deleted_at`, `end_date`, `plan_description`, `plan_name`, `start_date`, `updated_at`) VALUES (48, '2009-10-29 00:00:00.000000', NULL, '1996-10-07 00:00:00.000000', 'Ea inventore deleniti fugit consequatur quod distinctio. Illum atque dolorem ipsa inventore totam veritatis inventore. Ducimus aut quis cumque ratione rerum maiores. Et dolores perferendis vero qui nostrum. Velit aut dolorem dicta quasi a assumenda error.', 'Nostrum repellendus officiis et repellat et molestias.', '1976-04-03 00:00:00.000000', NULL);
INSERT INTO `trip_plans` (`tripplan_id`, `created_at`, `deleted_at`, `end_date`, `plan_description`, `plan_name`, `start_date`, `updated_at`) VALUES (49, '1987-06-19 00:00:00.000000', NULL, '1991-02-27 00:00:00.000000', 'Ut distinctio quam enim est quae sunt. Aperiam harum sed perspiciatis magnam ab nihil et. Est impedit ratione quia harum velit.', 'Necessitatibus et fugiat cumque.', '2005-06-24 00:00:00.000000', NULL);
INSERT INTO `trip_plans` (`tripplan_id`, `created_at`, `deleted_at`, `end_date`, `plan_description`, `plan_name`, `start_date`, `updated_at`) VALUES (50, '2021-12-17 00:00:00.000000', NULL, '1975-12-03 00:00:00.000000', 'Nostrum quis dolorem maxime. Distinctio laborum ab ratione labore sed quas necessitatibus. Eum possimus est necessitatibus ut. Dolor vero esse quia porro omnis.', 'Sunt magnam qui alias ut deserunt explicabo.', '1983-01-31 00:00:00.000000', NULL);
INSERT INTO `trip_plans` (`tripplan_id`, `created_at`, `deleted_at`, `end_date`, `plan_description`, `plan_name`, `start_date`, `updated_at`) VALUES (51, '2020-09-17 00:00:00.000000', NULL, '1973-07-07 00:00:00.000000', 'Fugiat aspernatur omnis provident. Aut autem illo facere cum fuga nostrum. Tempora necessitatibus sed et aut facere.', 'Ut et aliquid sunt libero quos.', '1983-02-26 00:00:00.000000', NULL);
INSERT INTO `trip_plans` (`tripplan_id`, `created_at`, `deleted_at`, `end_date`, `plan_description`, `plan_name`, `start_date`, `updated_at`) VALUES (52, '1988-12-15 00:00:00.000000', NULL, '1998-10-26 00:00:00.000000', 'Eos consectetur sint qui enim autem eveniet. Labore dicta delectus et earum. Omnis rerum corporis nulla tenetur aut rem repellat. Illo dolorem quas reiciendis dolores unde. Qui quia odit quia nobis.', 'Quia nostrum expedita enim autem.', '1984-04-17 00:00:00.000000', NULL);
INSERT INTO `trip_plans` (`tripplan_id`, `created_at`, `deleted_at`, `end_date`, `plan_description`, `plan_name`, `start_date`, `updated_at`) VALUES (53, '1975-03-18 00:00:00.000000', NULL, '1993-09-02 00:00:00.000000', 'Eum et eveniet qui nisi consequatur quo accusamus. Sit rerum deserunt repellendus quibusdam fugiat vitae. Laborum non tempora aut rem beatae hic ut. Corrupti earum minima aut culpa natus.', 'Fugit temporibus maiores voluptatem reiciendis quia.', '1975-03-26 00:00:00.000000', NULL);
INSERT INTO `trip_plans` (`tripplan_id`, `created_at`, `deleted_at`, `end_date`, `plan_description`, `plan_name`, `start_date`, `updated_at`) VALUES (54, '2002-02-22 00:00:00.000000', NULL, '2004-01-07 00:00:00.000000', 'Esse quam tempora ea ut qui ducimus. Soluta necessitatibus et consectetur neque harum sunt. Rem et quos aut enim. Iste aperiam quo nemo ab. Maxime et perferendis officia.', 'Corporis illo aut ab.', '1972-10-18 00:00:00.000000', NULL);
INSERT INTO `trip_plans` (`tripplan_id`, `created_at`, `deleted_at`, `end_date`, `plan_description`, `plan_name`, `start_date`, `updated_at`) VALUES (55, '1981-05-11 00:00:00.000000', NULL, '1983-07-29 00:00:00.000000', 'Velit possimus quidem eos voluptas doloremque perspiciatis neque ea. Iure enim aut maxime voluptas nostrum voluptatem. Ullam est impedit necessitatibus numquam possimus officia ipsum.', 'Nemo consequatur non voluptas assumenda.', '1970-08-04 00:00:00.000000', NULL);
INSERT INTO `trip_plans` (`tripplan_id`, `created_at`, `deleted_at`, `end_date`, `plan_description`, `plan_name`, `start_date`, `updated_at`) VALUES (56, '1976-08-12 00:00:00.000000', NULL, '1985-12-14 00:00:00.000000', 'Fuga placeat blanditiis ut ipsum natus non est. Aliquam inventore laudantium nam officiis ipsa aut sed. Qui sequi illum ducimus quidem culpa exercitationem ratione. Mollitia praesentium nostrum tempore consequatur et.', 'Quam aut a aut sint eum dolorem.', '1999-06-11 00:00:00.000000', NULL);
INSERT INTO `trip_plans` (`tripplan_id`, `created_at`, `deleted_at`, `end_date`, `plan_description`, `plan_name`, `start_date`, `updated_at`) VALUES (57, '1984-11-01 00:00:00.000000', NULL, '1979-12-10 00:00:00.000000', 'Aut labore ipsa dolores et impedit et quia repellendus. Occaecati impedit dolores voluptas non cum asperiores debitis. Illum optio in magni nam. Dolor sequi cumque numquam nesciunt iure.', 'Quis facere dolores at laudantium ut voluptatem.', '1989-01-30 00:00:00.000000', NULL);
INSERT INTO `trip_plans` (`tripplan_id`, `created_at`, `deleted_at`, `end_date`, `plan_description`, `plan_name`, `start_date`, `updated_at`) VALUES (58, '1975-12-29 00:00:00.000000', NULL, '2019-07-11 00:00:00.000000', 'Sit nemo aut minus dolorem pariatur soluta eaque. Expedita et animi corrupti harum cumque sed consequatur. Nihil voluptatem harum vel similique eum quod.', 'Vel omnis provident tempore voluptas tenetur qui.', '1993-05-13 00:00:00.000000', NULL);
INSERT INTO `trip_plans` (`tripplan_id`, `created_at`, `deleted_at`, `end_date`, `plan_description`, `plan_name`, `start_date`, `updated_at`) VALUES (59, '1990-04-14 00:00:00.000000', NULL, '1981-12-19 00:00:00.000000', 'Enim voluptas voluptatem et animi illum repellat accusantium. Neque deleniti tempora id animi velit sint. Praesentium sunt atque voluptate dolor. Nihil saepe omnis cumque.', 'Aut molestiae non quisquam qui odio cupiditate magnam et.', '2009-11-28 00:00:00.000000', NULL);
INSERT INTO `trip_plans` (`tripplan_id`, `created_at`, `deleted_at`, `end_date`, `plan_description`, `plan_name`, `start_date`, `updated_at`) VALUES (60, '1999-05-26 00:00:00.000000', NULL, '1986-05-28 00:00:00.000000', 'Et nostrum dolore voluptates et vero. Laborum eum suscipit quod perferendis. Saepe vero soluta labore impedit ducimus ea. Vero perspiciatis velit dolor harum.', 'Aut quo et voluptatibus eos dolorem.', '1998-01-21 00:00:00.000000', NULL);
INSERT INTO `trip_plans` (`tripplan_id`, `created_at`, `deleted_at`, `end_date`, `plan_description`, `plan_name`, `start_date`, `updated_at`) VALUES (61, '1979-11-26 00:00:00.000000', NULL, '2005-07-14 00:00:00.000000', 'Voluptatum illum ducimus ab eos cumque facilis. Possimus voluptas aut iusto et aut modi.', 'Hic voluptates voluptate et aliquam.', '1993-05-14 00:00:00.000000', NULL);
INSERT INTO `trip_plans` (`tripplan_id`, `created_at`, `deleted_at`, `end_date`, `plan_description`, `plan_name`, `start_date`, `updated_at`) VALUES (62, '1989-08-11 00:00:00.000000', NULL, '1985-09-30 00:00:00.000000', 'Quasi sunt deleniti voluptas eum. Ea modi modi et aperiam qui doloremque. Quia consequatur dolor natus voluptate asperiores. Sed quas qui sit placeat. Magnam nostrum cum similique ex.', 'Laboriosam quam temporibus nisi commodi quod et quos.', '2006-12-28 00:00:00.000000', NULL);
INSERT INTO `trip_plans` (`tripplan_id`, `created_at`, `deleted_at`, `end_date`, `plan_description`, `plan_name`, `start_date`, `updated_at`) VALUES (63, '1993-07-04 00:00:00.000000', NULL, '1972-01-15 00:00:00.000000', 'Totam aspernatur et consequatur expedita. Iusto atque error doloribus quia rerum impedit. In quia sit et molestiae. Quia doloremque facere veritatis aut dolor nostrum quia.', 'Eos eos atque perferendis velit est quia asperiores.', '1995-03-18 00:00:00.000000', NULL);
INSERT INTO `trip_plans` (`tripplan_id`, `created_at`, `deleted_at`, `end_date`, `plan_description`, `plan_name`, `start_date`, `updated_at`) VALUES (64, '1978-04-30 00:00:00.000000', NULL, '2017-06-24 00:00:00.000000', 'Enim eaque aut possimus qui minima sunt perspiciatis. Ipsa nisi quia et hic aliquid aliquid.', 'Saepe et consequuntur consequatur.', '1979-11-08 00:00:00.000000', NULL);
INSERT INTO `trip_plans` (`tripplan_id`, `created_at`, `deleted_at`, `end_date`, `plan_description`, `plan_name`, `start_date`, `updated_at`) VALUES (65, '1976-04-15 00:00:00.000000', NULL, '1992-10-20 00:00:00.000000', 'Enim id qui labore itaque rerum ipsam culpa. Ea ut sint voluptates reiciendis atque autem. Officia consequatur velit eius laboriosam. A repudiandae tempore minima qui minus. Pariatur expedita sit numquam culpa hic velit.', 'Ut eum aut commodi eos.', '1989-05-31 00:00:00.000000', NULL);
INSERT INTO `trip_plans` (`tripplan_id`, `created_at`, `deleted_at`, `end_date`, `plan_description`, `plan_name`, `start_date`, `updated_at`) VALUES (66, '2009-03-03 00:00:00.000000', NULL, '1977-04-04 00:00:00.000000', 'Tempora sed aut delectus atque sit. Numquam et illo ut pariatur. Nemo optio rerum impedit laborum quaerat. Hic omnis et dolor nam pariatur rerum optio.', 'Ut eum ut consequatur odit.', '2005-02-21 00:00:00.000000', NULL);
INSERT INTO `trip_plans` (`tripplan_id`, `created_at`, `deleted_at`, `end_date`, `plan_description`, `plan_name`, `start_date`, `updated_at`) VALUES (67, '1983-05-06 00:00:00.000000', NULL, '1996-08-28 00:00:00.000000', 'Et quia cum consequatur velit. Molestiae assumenda eaque fugit dolorem itaque qui similique. Delectus molestias soluta voluptatem voluptatem. Mollitia quisquam eligendi eius illum dolorem.', 'Velit eum praesentium alias inventore.', '2005-05-30 00:00:00.000000', NULL);
INSERT INTO `trip_plans` (`tripplan_id`, `created_at`, `deleted_at`, `end_date`, `plan_description`, `plan_name`, `start_date`, `updated_at`) VALUES (68, '1986-06-07 00:00:00.000000', NULL, '1974-09-14 00:00:00.000000', 'Repudiandae voluptas magnam deserunt itaque. Deleniti consequatur aliquid eum dignissimos quos culpa. Corporis omnis quo ea sint voluptas ea soluta.', 'Quidem est eum laborum velit.', '2002-07-18 00:00:00.000000', NULL);
INSERT INTO `trip_plans` (`tripplan_id`, `created_at`, `deleted_at`, `end_date`, `plan_description`, `plan_name`, `start_date`, `updated_at`) VALUES (69, '2005-09-13 00:00:00.000000', NULL, '1980-08-30 00:00:00.000000', 'Consectetur aliquam impedit rerum. Deserunt id fuga soluta pariatur ullam voluptas autem. Ut expedita rerum doloremque. Illum quia voluptas id omnis fugit quibusdam. Sapiente impedit esse odit ipsum nemo.', 'Ea eum et at error.', '2001-03-25 00:00:00.000000', NULL);
INSERT INTO `trip_plans` (`tripplan_id`, `created_at`, `deleted_at`, `end_date`, `plan_description`, `plan_name`, `start_date`, `updated_at`) VALUES (70, '2010-09-04 00:00:00.000000', NULL, '1990-12-21 00:00:00.000000', 'Quidem cupiditate vero voluptatibus corrupti vel perferendis modi. Fugit ea aliquid laboriosam hic voluptates harum officiis.', 'Repellendus placeat quidem et et.', '2022-10-07 00:00:00.000000', NULL);
INSERT INTO `trip_plans` (`tripplan_id`, `created_at`, `deleted_at`, `end_date`, `plan_description`, `plan_name`, `start_date`, `updated_at`) VALUES (71, '2020-06-23 00:00:00.000000', NULL, '1987-03-09 00:00:00.000000', 'Voluptatem quibusdam alias iusto enim hic. Est reiciendis iusto nisi quas. Et necessitatibus hic possimus provident maiores rem. Suscipit quos maiores nulla totam.', 'Voluptatibus est qui officiis et ut aut.', '1991-04-01 00:00:00.000000', NULL);
INSERT INTO `trip_plans` (`tripplan_id`, `created_at`, `deleted_at`, `end_date`, `plan_description`, `plan_name`, `start_date`, `updated_at`) VALUES (72, '2017-12-29 00:00:00.000000', NULL, '1983-02-18 00:00:00.000000', 'Qui quo et neque. Nesciunt ex sit non odio aliquid quia illo commodi.', 'Aut velit est minima dicta perspiciatis culpa.', '1978-08-13 00:00:00.000000', NULL);
INSERT INTO `trip_plans` (`tripplan_id`, `created_at`, `deleted_at`, `end_date`, `plan_description`, `plan_name`, `start_date`, `updated_at`) VALUES (73, '1985-03-08 00:00:00.000000', NULL, '1995-02-12 00:00:00.000000', 'Est incidunt saepe quia ut. Libero neque non delectus. Odit consequuntur sit soluta perferendis impedit dolor.', 'Aut nulla excepturi veniam rem vel omnis ad sit.', '1997-01-20 00:00:00.000000', NULL);
INSERT INTO `trip_plans` (`tripplan_id`, `created_at`, `deleted_at`, `end_date`, `plan_description`, `plan_name`, `start_date`, `updated_at`) VALUES (74, '1971-12-04 00:00:00.000000', NULL, '2000-07-16 00:00:00.000000', 'Rerum saepe non deserunt autem. Reiciendis blanditiis unde officia nemo provident. Ipsa ut neque consequatur quis. Beatae et dignissimos ullam facere officia.', 'In autem veniam consequuntur doloremque ex ut.', '1992-12-08 00:00:00.000000', NULL);
INSERT INTO `trip_plans` (`tripplan_id`, `created_at`, `deleted_at`, `end_date`, `plan_description`, `plan_name`, `start_date`, `updated_at`) VALUES (75, '1974-03-14 00:00:00.000000', NULL, '1972-05-24 00:00:00.000000', 'Ea aut explicabo reprehenderit ut incidunt. Temporibus dolor nobis enim excepturi autem laborum et.', 'Sit voluptates et sapiente commodi tempora doloribus hic.', '1990-02-27 00:00:00.000000', NULL);
INSERT INTO `trip_plans` (`tripplan_id`, `created_at`, `deleted_at`, `end_date`, `plan_description`, `plan_name`, `start_date`, `updated_at`) VALUES (76, '2012-10-27 00:00:00.000000', NULL, '1979-09-02 00:00:00.000000', 'Eius quaerat maxime amet illum cumque mollitia. Consequatur velit velit recusandae delectus sint et accusamus. Dicta est voluptate consectetur aut architecto quo. Iusto nihil numquam quod aut dignissimos ipsa ut. Ipsam maxime sed quia hic eum.', 'Qui et ratione provident fuga.', '1983-01-19 00:00:00.000000', NULL);
INSERT INTO `trip_plans` (`tripplan_id`, `created_at`, `deleted_at`, `end_date`, `plan_description`, `plan_name`, `start_date`, `updated_at`) VALUES (77, '2010-10-19 00:00:00.000000', NULL, '2021-06-01 00:00:00.000000', 'Autem inventore est id. Veniam ullam aliquam aspernatur. Praesentium non sed quibusdam molestiae ex qui. Culpa omnis ipsum est cum modi qui expedita. Ducimus reprehenderit temporibus quia est laudantium accusantium et.', 'Natus quis dolores et voluptatem id non.', '2021-07-31 00:00:00.000000', NULL);
INSERT INTO `trip_plans` (`tripplan_id`, `created_at`, `deleted_at`, `end_date`, `plan_description`, `plan_name`, `start_date`, `updated_at`) VALUES (78, '2009-11-24 00:00:00.000000', NULL, '1987-03-22 00:00:00.000000', 'Corrupti vel similique praesentium cum. Voluptate magnam aut quod. Labore aliquid ullam quia quod ut ab alias. Laudantium repellendus iure beatae laudantium distinctio fugit.', 'Earum eum culpa ea adipisci maxime pariatur.', '1998-09-27 00:00:00.000000', NULL);
INSERT INTO `trip_plans` (`tripplan_id`, `created_at`, `deleted_at`, `end_date`, `plan_description`, `plan_name`, `start_date`, `updated_at`) VALUES (79, '2017-03-05 00:00:00.000000', NULL, '2003-08-25 00:00:00.000000', 'Eveniet et error autem qui ratione. Voluptates et a laborum voluptatem eaque. Hic vitae nam eaque ut nemo eaque ipsa. Doloremque quibusdam necessitatibus rem temporibus placeat et deserunt provident. Laboriosam enim perspiciatis ut similique est.', 'Inventore reprehenderit aut vel exercitationem velit.', '1999-11-29 00:00:00.000000', NULL);
INSERT INTO `trip_plans` (`tripplan_id`, `created_at`, `deleted_at`, `end_date`, `plan_description`, `plan_name`, `start_date`, `updated_at`) VALUES (80, '1994-02-18 00:00:00.000000', NULL, '1998-03-04 00:00:00.000000', 'Culpa tempora numquam consequuntur quas quia magnam quasi. Est officia neque quaerat tempore et ea sint. Et perspiciatis nemo sit quia. Rerum dolores a est velit doloribus.', 'Et consectetur voluptatem qui.', '2021-11-21 00:00:00.000000', NULL);
INSERT INTO `trip_plans` (`tripplan_id`, `created_at`, `deleted_at`, `end_date`, `plan_description`, `plan_name`, `start_date`, `updated_at`) VALUES (81, '1980-11-26 00:00:00.000000', NULL, '2005-12-25 00:00:00.000000', 'Et modi cupiditate explicabo veniam ut. Et iure ut ut labore amet est laudantium. Quia aut in ut officiis. Exercitationem corporis occaecati minus porro.', 'Sunt sunt quod impedit est optio ducimus.', '2019-06-25 00:00:00.000000', NULL);
INSERT INTO `trip_plans` (`tripplan_id`, `created_at`, `deleted_at`, `end_date`, `plan_description`, `plan_name`, `start_date`, `updated_at`) VALUES (82, '1974-08-05 00:00:00.000000', NULL, '1995-12-20 00:00:00.000000', 'A autem voluptatibus quas. Adipisci in beatae non magni placeat veritatis eius. Et eaque recusandae vel numquam et voluptatum. Id accusamus exercitationem aut sed dolores.', 'Repellendus explicabo quis reprehenderit commodi corporis hic nulla.', '2010-01-18 00:00:00.000000', NULL);
INSERT INTO `trip_plans` (`tripplan_id`, `created_at`, `deleted_at`, `end_date`, `plan_description`, `plan_name`, `start_date`, `updated_at`) VALUES (83, '2020-03-01 00:00:00.000000', NULL, '2003-03-18 00:00:00.000000', 'Non consequatur unde id voluptatem sit fuga. Dolores quis libero repudiandae voluptas. Fugiat et natus minus fugiat et.', 'Necessitatibus tempora doloremque nobis commodi commodi rerum culpa.', '2017-10-24 00:00:00.000000', NULL);
INSERT INTO `trip_plans` (`tripplan_id`, `created_at`, `deleted_at`, `end_date`, `plan_description`, `plan_name`, `start_date`, `updated_at`) VALUES (84, '2007-10-01 00:00:00.000000', NULL, '2007-09-04 00:00:00.000000', 'Deleniti quam quis ipsa nemo delectus quaerat. Accusantium hic animi accusamus esse optio ipsam temporibus et. A ab adipisci cumque dicta odit id aut. Maxime excepturi aliquam dolorem qui numquam.', 'Et recusandae ullam quo ab sed quam rerum.', '1994-01-11 00:00:00.000000', NULL);
INSERT INTO `trip_plans` (`tripplan_id`, `created_at`, `deleted_at`, `end_date`, `plan_description`, `plan_name`, `start_date`, `updated_at`) VALUES (85, '1989-12-27 00:00:00.000000', NULL, '2005-12-01 00:00:00.000000', 'Iste qui architecto aut laudantium deserunt incidunt. Et rerum et sunt atque voluptates nulla ullam voluptatem. Beatae molestiae eos nam facere sed voluptatem voluptatum. Dicta repudiandae omnis architecto dolorem ut.', 'Voluptas ut at quia et fugiat.', '1985-04-20 00:00:00.000000', NULL);
INSERT INTO `trip_plans` (`tripplan_id`, `created_at`, `deleted_at`, `end_date`, `plan_description`, `plan_name`, `start_date`, `updated_at`) VALUES (86, '1998-03-12 00:00:00.000000', NULL, '2002-11-25 00:00:00.000000', 'Dolores accusantium quas aliquid et dolorum. Repellendus eos ducimus esse soluta voluptatem fugit non. Dolor neque et voluptates quis. Autem a laudantium explicabo.', 'Tempore nesciunt eum et.', '1991-01-18 00:00:00.000000', NULL);
INSERT INTO `trip_plans` (`tripplan_id`, `created_at`, `deleted_at`, `end_date`, `plan_description`, `plan_name`, `start_date`, `updated_at`) VALUES (87, '2020-06-30 00:00:00.000000', NULL, '1983-05-11 00:00:00.000000', 'Dolor in ullam ad fuga qui iste quia. Dolore quae assumenda voluptatum perspiciatis nihil quam ad dolores. Omnis inventore quis eius est. Autem ipsa tempore qui dicta blanditiis consequatur blanditiis.', 'Est cupiditate similique sed corrupti commodi et.', '1976-01-21 00:00:00.000000', NULL);
INSERT INTO `trip_plans` (`tripplan_id`, `created_at`, `deleted_at`, `end_date`, `plan_description`, `plan_name`, `start_date`, `updated_at`) VALUES (88, '2019-08-26 00:00:00.000000', NULL, '2010-11-11 00:00:00.000000', 'Fugiat voluptas saepe rerum et enim. Non omnis aut atque natus sint autem repellat. Ut velit sapiente blanditiis soluta aspernatur.', 'Nihil molestiae deserunt doloremque perferendis qui.', '1995-05-24 00:00:00.000000', NULL);
INSERT INTO `trip_plans` (`tripplan_id`, `created_at`, `deleted_at`, `end_date`, `plan_description`, `plan_name`, `start_date`, `updated_at`) VALUES (89, '1986-08-07 00:00:00.000000', NULL, '2008-11-27 00:00:00.000000', 'Perferendis ut consequatur laborum quaerat consequuntur. Et asperiores ipsum blanditiis. Perferendis et soluta est laboriosam modi. Vel ducimus et et sint eaque ut quasi ut.', 'Possimus ipsum dicta aut sit.', '2012-09-05 00:00:00.000000', NULL);
INSERT INTO `trip_plans` (`tripplan_id`, `created_at`, `deleted_at`, `end_date`, `plan_description`, `plan_name`, `start_date`, `updated_at`) VALUES (90, '1996-04-25 00:00:00.000000', NULL, '1974-11-25 00:00:00.000000', 'Minima cupiditate porro et perspiciatis minus. Aliquid a similique voluptatem est necessitatibus et et. Quia ut quisquam ut ut dolorem quia ad. Voluptatum quia rerum qui quia ipsum magni rerum quia.', 'Nisi sit sunt ut animi consequuntur aliquam nostrum.', '1970-07-10 00:00:00.000000', NULL);
INSERT INTO `trip_plans` (`tripplan_id`, `created_at`, `deleted_at`, `end_date`, `plan_description`, `plan_name`, `start_date`, `updated_at`) VALUES (91, '2007-04-03 00:00:00.000000', NULL, '2014-05-27 00:00:00.000000', 'Aut nemo natus quo consequatur laudantium dolores doloremque. Et ea quia unde sequi praesentium aliquam. Et explicabo rerum quis facilis doloribus. Eum enim tempora et laboriosam rerum est quis eum.', 'Quod perferendis repellendus minima unde nisi ut.', '1985-03-16 00:00:00.000000', NULL);
INSERT INTO `trip_plans` (`tripplan_id`, `created_at`, `deleted_at`, `end_date`, `plan_description`, `plan_name`, `start_date`, `updated_at`) VALUES (92, '2014-09-08 00:00:00.000000', NULL, '1986-08-01 00:00:00.000000', 'Et facere sed esse autem soluta ducimus sit. Ut similique totam ut consequatur. Autem enim itaque autem reiciendis nobis est ut. Alias dignissimos dolorem est consectetur. Veniam maiores eos consequatur cumque minus.', 'Sequi architecto facilis eum atque tenetur eius.', '2007-07-19 00:00:00.000000', NULL);
INSERT INTO `trip_plans` (`tripplan_id`, `created_at`, `deleted_at`, `end_date`, `plan_description`, `plan_name`, `start_date`, `updated_at`) VALUES (93, '2014-06-10 00:00:00.000000', NULL, '2022-03-15 00:00:00.000000', 'Vitae dignissimos minus officia beatae. Porro eveniet et accusantium minus dolorem consectetur. Perferendis ipsum et perferendis modi numquam tempore ut. Sint animi assumenda placeat adipisci.', 'Reprehenderit id corrupti fuga.', '1998-09-22 00:00:00.000000', NULL);
INSERT INTO `trip_plans` (`tripplan_id`, `created_at`, `deleted_at`, `end_date`, `plan_description`, `plan_name`, `start_date`, `updated_at`) VALUES (94, '1999-12-30 00:00:00.000000', NULL, '1998-10-07 00:00:00.000000', 'Est doloremque suscipit placeat sunt. Non enim quasi corrupti occaecati delectus. Iusto qui in sunt aliquam sapiente. Ab libero neque aut quia.', 'Officia laboriosam eveniet voluptatem rem iusto vitae in.', '1982-05-06 00:00:00.000000', NULL);
INSERT INTO `trip_plans` (`tripplan_id`, `created_at`, `deleted_at`, `end_date`, `plan_description`, `plan_name`, `start_date`, `updated_at`) VALUES (95, '2004-11-11 00:00:00.000000', NULL, '1984-10-21 00:00:00.000000', 'Voluptatibus perferendis explicabo illo sint quia et et. Ut qui quod consequatur distinctio enim. Et at incidunt nihil repellendus aut reiciendis qui. Quam nihil eligendi aut vel voluptas optio ullam. Quis cum officiis quis consequatur ea est.', 'Expedita ipsa animi iure et asperiores animi aut id.', '1988-11-21 00:00:00.000000', NULL);
INSERT INTO `trip_plans` (`tripplan_id`, `created_at`, `deleted_at`, `end_date`, `plan_description`, `plan_name`, `start_date`, `updated_at`) VALUES (96, '1989-10-14 00:00:00.000000', NULL, '1984-04-16 00:00:00.000000', 'Ratione error est dignissimos ipsum. Quasi error perferendis facere et. Ipsa et vel hic sit ad facere doloremque.', 'Architecto enim aut debitis eligendi quia.', '2007-02-19 00:00:00.000000', NULL);
INSERT INTO `trip_plans` (`tripplan_id`, `created_at`, `deleted_at`, `end_date`, `plan_description`, `plan_name`, `start_date`, `updated_at`) VALUES (97, '1973-01-05 00:00:00.000000', NULL, '1991-05-28 00:00:00.000000', 'Aut consectetur porro quia. Voluptate et et itaque accusantium. Omnis sit recusandae nihil nesciunt.', 'Et aut doloribus quia culpa recusandae.', '1991-08-18 00:00:00.000000', NULL);
INSERT INTO `trip_plans` (`tripplan_id`, `created_at`, `deleted_at`, `end_date`, `plan_description`, `plan_name`, `start_date`, `updated_at`) VALUES (98, '2011-02-14 00:00:00.000000', NULL, '2021-07-31 00:00:00.000000', 'Ut sit eos quis minus tenetur perspiciatis. Eligendi cupiditate voluptas explicabo. Deserunt quibusdam sit ullam vel blanditiis. Perferendis sit repudiandae blanditiis sunt qui.', 'Omnis nostrum quis repellendus in rem numquam minima atque.', '1979-12-18 00:00:00.000000', NULL);
INSERT INTO `trip_plans` (`tripplan_id`, `created_at`, `deleted_at`, `end_date`, `plan_description`, `plan_name`, `start_date`, `updated_at`) VALUES (99, '1981-11-05 00:00:00.000000', NULL, '1979-09-13 00:00:00.000000', 'Aliquid eum vel non aut suscipit odit et sunt. Facere eveniet qui velit dolorum quia dolor corrupti. Ab facilis distinctio ipsam eum ad suscipit est. Minus ab quia aut sit id.', 'Nisi sed accusantium laborum quia quasi rem.', '1980-05-15 00:00:00.000000', NULL);
INSERT INTO `trip_plans` (`tripplan_id`, `created_at`, `deleted_at`, `end_date`, `plan_description`, `plan_name`, `start_date`, `updated_at`) VALUES (100, '2022-03-21 00:00:00.000000', NULL, '2023-03-29 00:00:00.000000', 'Et quae porro ipsa delectus placeat autem. Delectus nam ut unde. Voluptatem et veritatis totam perspiciatis necessitatibus molestiae officiis unde.', 'Mollitia non dignissimos possimus tempora est.', '1975-11-08 00:00:00.000000', NULL);



INSERT INTO `user_tripplan` (`user_tripplan_id`, `tripplan_id`, `user_id`) VALUES (1, 1, 1);
INSERT INTO `user_tripplan` (`user_tripplan_id`, `tripplan_id`, `user_id`) VALUES (2, 2, 2);
INSERT INTO `user_tripplan` (`user_tripplan_id`, `tripplan_id`, `user_id`) VALUES (3, 3, 3);
INSERT INTO `user_tripplan` (`user_tripplan_id`, `tripplan_id`, `user_id`) VALUES (4, 4, 4);
INSERT INTO `user_tripplan` (`user_tripplan_id`, `tripplan_id`, `user_id`) VALUES (5, 5, 5);
INSERT INTO `user_tripplan` (`user_tripplan_id`, `tripplan_id`, `user_id`) VALUES (6, 6, 6);
INSERT INTO `user_tripplan` (`user_tripplan_id`, `tripplan_id`, `user_id`) VALUES (7, 7, 7);
INSERT INTO `user_tripplan` (`user_tripplan_id`, `tripplan_id`, `user_id`) VALUES (8, 8, 8);
INSERT INTO `user_tripplan` (`user_tripplan_id`, `tripplan_id`, `user_id`) VALUES (9, 9, 9);
INSERT INTO `user_tripplan` (`user_tripplan_id`, `tripplan_id`, `user_id`) VALUES (10, 10, 10);
INSERT INTO `user_tripplan` (`user_tripplan_id`, `tripplan_id`, `user_id`) VALUES (11, 11, 11);
INSERT INTO `user_tripplan` (`user_tripplan_id`, `tripplan_id`, `user_id`) VALUES (12, 12, 12);
INSERT INTO `user_tripplan` (`user_tripplan_id`, `tripplan_id`, `user_id`) VALUES (13, 13, 13);
INSERT INTO `user_tripplan` (`user_tripplan_id`, `tripplan_id`, `user_id`) VALUES (14, 14, 14);
INSERT INTO `user_tripplan` (`user_tripplan_id`, `tripplan_id`, `user_id`) VALUES (15, 15, 15);
INSERT INTO `user_tripplan` (`user_tripplan_id`, `tripplan_id`, `user_id`) VALUES (16, 16, 16);
INSERT INTO `user_tripplan` (`user_tripplan_id`, `tripplan_id`, `user_id`) VALUES (17, 17, 17);
INSERT INTO `user_tripplan` (`user_tripplan_id`, `tripplan_id`, `user_id`) VALUES (18, 18, 18);
INSERT INTO `user_tripplan` (`user_tripplan_id`, `tripplan_id`, `user_id`) VALUES (19, 19, 19);
INSERT INTO `user_tripplan` (`user_tripplan_id`, `tripplan_id`, `user_id`) VALUES (20, 20, 20);
INSERT INTO `user_tripplan` (`user_tripplan_id`, `tripplan_id`, `user_id`) VALUES (21, 21, 21);
INSERT INTO `user_tripplan` (`user_tripplan_id`, `tripplan_id`, `user_id`) VALUES (22, 22, 22);
INSERT INTO `user_tripplan` (`user_tripplan_id`, `tripplan_id`, `user_id`) VALUES (23, 23, 23);
INSERT INTO `user_tripplan` (`user_tripplan_id`, `tripplan_id`, `user_id`) VALUES (24, 24, 24);
INSERT INTO `user_tripplan` (`user_tripplan_id`, `tripplan_id`, `user_id`) VALUES (25, 25, 25);
INSERT INTO `user_tripplan` (`user_tripplan_id`, `tripplan_id`, `user_id`) VALUES (26, 26, 26);
INSERT INTO `user_tripplan` (`user_tripplan_id`, `tripplan_id`, `user_id`) VALUES (27, 27, 27);
INSERT INTO `user_tripplan` (`user_tripplan_id`, `tripplan_id`, `user_id`) VALUES (28, 28, 28);
INSERT INTO `user_tripplan` (`user_tripplan_id`, `tripplan_id`, `user_id`) VALUES (29, 29, 29);
INSERT INTO `user_tripplan` (`user_tripplan_id`, `tripplan_id`, `user_id`) VALUES (30, 30, 30);
INSERT INTO `user_tripplan` (`user_tripplan_id`, `tripplan_id`, `user_id`) VALUES (31, 31, 31);
INSERT INTO `user_tripplan` (`user_tripplan_id`, `tripplan_id`, `user_id`) VALUES (32, 32, 32);
INSERT INTO `user_tripplan` (`user_tripplan_id`, `tripplan_id`, `user_id`) VALUES (33, 33, 33);
INSERT INTO `user_tripplan` (`user_tripplan_id`, `tripplan_id`, `user_id`) VALUES (34, 34, 34);
INSERT INTO `user_tripplan` (`user_tripplan_id`, `tripplan_id`, `user_id`) VALUES (35, 35, 35);
INSERT INTO `user_tripplan` (`user_tripplan_id`, `tripplan_id`, `user_id`) VALUES (36, 36, 36);
INSERT INTO `user_tripplan` (`user_tripplan_id`, `tripplan_id`, `user_id`) VALUES (37, 37, 37);
INSERT INTO `user_tripplan` (`user_tripplan_id`, `tripplan_id`, `user_id`) VALUES (38, 38, 38);
INSERT INTO `user_tripplan` (`user_tripplan_id`, `tripplan_id`, `user_id`) VALUES (39, 39, 39);
INSERT INTO `user_tripplan` (`user_tripplan_id`, `tripplan_id`, `user_id`) VALUES (40, 40, 40);
INSERT INTO `user_tripplan` (`user_tripplan_id`, `tripplan_id`, `user_id`) VALUES (41, 41, 41);
INSERT INTO `user_tripplan` (`user_tripplan_id`, `tripplan_id`, `user_id`) VALUES (42, 42, 42);
INSERT INTO `user_tripplan` (`user_tripplan_id`, `tripplan_id`, `user_id`) VALUES (43, 43, 43);
INSERT INTO `user_tripplan` (`user_tripplan_id`, `tripplan_id`, `user_id`) VALUES (44, 44, 44);
INSERT INTO `user_tripplan` (`user_tripplan_id`, `tripplan_id`, `user_id`) VALUES (45, 45, 45);
INSERT INTO `user_tripplan` (`user_tripplan_id`, `tripplan_id`, `user_id`) VALUES (46, 46, 46);
INSERT INTO `user_tripplan` (`user_tripplan_id`, `tripplan_id`, `user_id`) VALUES (47, 47, 47);
INSERT INTO `user_tripplan` (`user_tripplan_id`, `tripplan_id`, `user_id`) VALUES (48, 48, 48);
INSERT INTO `user_tripplan` (`user_tripplan_id`, `tripplan_id`, `user_id`) VALUES (49, 49, 49);
INSERT INTO `user_tripplan` (`user_tripplan_id`, `tripplan_id`, `user_id`) VALUES (50, 50, 50);
INSERT INTO `user_tripplan` (`user_tripplan_id`, `tripplan_id`, `user_id`) VALUES (51, 51, 51);
INSERT INTO `user_tripplan` (`user_tripplan_id`, `tripplan_id`, `user_id`) VALUES (52, 52, 52);
INSERT INTO `user_tripplan` (`user_tripplan_id`, `tripplan_id`, `user_id`) VALUES (53, 53, 53);
INSERT INTO `user_tripplan` (`user_tripplan_id`, `tripplan_id`, `user_id`) VALUES (54, 54, 54);
INSERT INTO `user_tripplan` (`user_tripplan_id`, `tripplan_id`, `user_id`) VALUES (55, 55, 55);
INSERT INTO `user_tripplan` (`user_tripplan_id`, `tripplan_id`, `user_id`) VALUES (56, 56, 56);
INSERT INTO `user_tripplan` (`user_tripplan_id`, `tripplan_id`, `user_id`) VALUES (57, 57, 57);
INSERT INTO `user_tripplan` (`user_tripplan_id`, `tripplan_id`, `user_id`) VALUES (58, 58, 58);
INSERT INTO `user_tripplan` (`user_tripplan_id`, `tripplan_id`, `user_id`) VALUES (59, 59, 59);
INSERT INTO `user_tripplan` (`user_tripplan_id`, `tripplan_id`, `user_id`) VALUES (60, 60, 60);
INSERT INTO `user_tripplan` (`user_tripplan_id`, `tripplan_id`, `user_id`) VALUES (61, 61, 61);
INSERT INTO `user_tripplan` (`user_tripplan_id`, `tripplan_id`, `user_id`) VALUES (62, 62, 62);
INSERT INTO `user_tripplan` (`user_tripplan_id`, `tripplan_id`, `user_id`) VALUES (63, 63, 63);
INSERT INTO `user_tripplan` (`user_tripplan_id`, `tripplan_id`, `user_id`) VALUES (64, 64, 64);
INSERT INTO `user_tripplan` (`user_tripplan_id`, `tripplan_id`, `user_id`) VALUES (65, 65, 65);
INSERT INTO `user_tripplan` (`user_tripplan_id`, `tripplan_id`, `user_id`) VALUES (66, 66, 66);
INSERT INTO `user_tripplan` (`user_tripplan_id`, `tripplan_id`, `user_id`) VALUES (67, 67, 67);
INSERT INTO `user_tripplan` (`user_tripplan_id`, `tripplan_id`, `user_id`) VALUES (68, 68, 68);
INSERT INTO `user_tripplan` (`user_tripplan_id`, `tripplan_id`, `user_id`) VALUES (69, 69, 69);
INSERT INTO `user_tripplan` (`user_tripplan_id`, `tripplan_id`, `user_id`) VALUES (70, 70, 70);
INSERT INTO `user_tripplan` (`user_tripplan_id`, `tripplan_id`, `user_id`) VALUES (71, 71, 71);
INSERT INTO `user_tripplan` (`user_tripplan_id`, `tripplan_id`, `user_id`) VALUES (72, 72, 72);
INSERT INTO `user_tripplan` (`user_tripplan_id`, `tripplan_id`, `user_id`) VALUES (73, 73, 73);
INSERT INTO `user_tripplan` (`user_tripplan_id`, `tripplan_id`, `user_id`) VALUES (74, 74, 74);
INSERT INTO `user_tripplan` (`user_tripplan_id`, `tripplan_id`, `user_id`) VALUES (75, 75, 75);
INSERT INTO `user_tripplan` (`user_tripplan_id`, `tripplan_id`, `user_id`) VALUES (76, 76, 76);
INSERT INTO `user_tripplan` (`user_tripplan_id`, `tripplan_id`, `user_id`) VALUES (77, 77, 77);
INSERT INTO `user_tripplan` (`user_tripplan_id`, `tripplan_id`, `user_id`) VALUES (78, 78, 78);
INSERT INTO `user_tripplan` (`user_tripplan_id`, `tripplan_id`, `user_id`) VALUES (79, 79, 79);
INSERT INTO `user_tripplan` (`user_tripplan_id`, `tripplan_id`, `user_id`) VALUES (80, 80, 80);
INSERT INTO `user_tripplan` (`user_tripplan_id`, `tripplan_id`, `user_id`) VALUES (81, 81, 81);
INSERT INTO `user_tripplan` (`user_tripplan_id`, `tripplan_id`, `user_id`) VALUES (82, 82, 82);
INSERT INTO `user_tripplan` (`user_tripplan_id`, `tripplan_id`, `user_id`) VALUES (83, 83, 83);
INSERT INTO `user_tripplan` (`user_tripplan_id`, `tripplan_id`, `user_id`) VALUES (84, 84, 84);
INSERT INTO `user_tripplan` (`user_tripplan_id`, `tripplan_id`, `user_id`) VALUES (85, 85, 85);
INSERT INTO `user_tripplan` (`user_tripplan_id`, `tripplan_id`, `user_id`) VALUES (86, 86, 86);
INSERT INTO `user_tripplan` (`user_tripplan_id`, `tripplan_id`, `user_id`) VALUES (87, 87, 87);
INSERT INTO `user_tripplan` (`user_tripplan_id`, `tripplan_id`, `user_id`) VALUES (88, 88, 88);
INSERT INTO `user_tripplan` (`user_tripplan_id`, `tripplan_id`, `user_id`) VALUES (89, 89, 89);
INSERT INTO `user_tripplan` (`user_tripplan_id`, `tripplan_id`, `user_id`) VALUES (90, 90, 90);
INSERT INTO `user_tripplan` (`user_tripplan_id`, `tripplan_id`, `user_id`) VALUES (91, 91, 91);
INSERT INTO `user_tripplan` (`user_tripplan_id`, `tripplan_id`, `user_id`) VALUES (92, 92, 92);
INSERT INTO `user_tripplan` (`user_tripplan_id`, `tripplan_id`, `user_id`) VALUES (93, 93, 93);
INSERT INTO `user_tripplan` (`user_tripplan_id`, `tripplan_id`, `user_id`) VALUES (94, 94, 94);
INSERT INTO `user_tripplan` (`user_tripplan_id`, `tripplan_id`, `user_id`) VALUES (95, 95, 95);
INSERT INTO `user_tripplan` (`user_tripplan_id`, `tripplan_id`, `user_id`) VALUES (96, 96, 96);
INSERT INTO `user_tripplan` (`user_tripplan_id`, `tripplan_id`, `user_id`) VALUES (97, 97, 97);
INSERT INTO `user_tripplan` (`user_tripplan_id`, `tripplan_id`, `user_id`) VALUES (98, 98, 98);
INSERT INTO `user_tripplan` (`user_tripplan_id`, `tripplan_id`, `user_id`) VALUES (99, 99, 99);
INSERT INTO `user_tripplan` (`user_tripplan_id`, `tripplan_id`, `user_id`) VALUES (100, 100, 100);



INSERT INTO `user_userintrest` (`user_userintrest_id`, `user_id`, `userintrest_id`) VALUES (1, 1, 1);
INSERT INTO `user_userintrest` (`user_userintrest_id`, `user_id`, `userintrest_id`) VALUES (2, 2, 2);
INSERT INTO `user_userintrest` (`user_userintrest_id`, `user_id`, `userintrest_id`) VALUES (3, 3, 3);
INSERT INTO `user_userintrest` (`user_userintrest_id`, `user_id`, `userintrest_id`) VALUES (4, 4, 4);
INSERT INTO `user_userintrest` (`user_userintrest_id`, `user_id`, `userintrest_id`) VALUES (5, 5, 5);
INSERT INTO `user_userintrest` (`user_userintrest_id`, `user_id`, `userintrest_id`) VALUES (6, 6, 6);
INSERT INTO `user_userintrest` (`user_userintrest_id`, `user_id`, `userintrest_id`) VALUES (7, 7, 7);
INSERT INTO `user_userintrest` (`user_userintrest_id`, `user_id`, `userintrest_id`) VALUES (8, 8, 8);
INSERT INTO `user_userintrest` (`user_userintrest_id`, `user_id`, `userintrest_id`) VALUES (9, 9, 9);
INSERT INTO `user_userintrest` (`user_userintrest_id`, `user_id`, `userintrest_id`) VALUES (10, 10, 10);
INSERT INTO `user_userintrest` (`user_userintrest_id`, `user_id`, `userintrest_id`) VALUES (11, 11, 11);
INSERT INTO `user_userintrest` (`user_userintrest_id`, `user_id`, `userintrest_id`) VALUES (12, 12, 12);
INSERT INTO `user_userintrest` (`user_userintrest_id`, `user_id`, `userintrest_id`) VALUES (13, 13, 13);
INSERT INTO `user_userintrest` (`user_userintrest_id`, `user_id`, `userintrest_id`) VALUES (14, 14, 14);
INSERT INTO `user_userintrest` (`user_userintrest_id`, `user_id`, `userintrest_id`) VALUES (15, 15, 15);
INSERT INTO `user_userintrest` (`user_userintrest_id`, `user_id`, `userintrest_id`) VALUES (16, 16, 16);
INSERT INTO `user_userintrest` (`user_userintrest_id`, `user_id`, `userintrest_id`) VALUES (17, 17, 17);
INSERT INTO `user_userintrest` (`user_userintrest_id`, `user_id`, `userintrest_id`) VALUES (18, 18, 18);
INSERT INTO `user_userintrest` (`user_userintrest_id`, `user_id`, `userintrest_id`) VALUES (19, 19, 19);
INSERT INTO `user_userintrest` (`user_userintrest_id`, `user_id`, `userintrest_id`) VALUES (20, 20, 20);
INSERT INTO `user_userintrest` (`user_userintrest_id`, `user_id`, `userintrest_id`) VALUES (21, 21, 21);
INSERT INTO `user_userintrest` (`user_userintrest_id`, `user_id`, `userintrest_id`) VALUES (22, 22, 22);
INSERT INTO `user_userintrest` (`user_userintrest_id`, `user_id`, `userintrest_id`) VALUES (23, 23, 23);
INSERT INTO `user_userintrest` (`user_userintrest_id`, `user_id`, `userintrest_id`) VALUES (24, 24, 24);
INSERT INTO `user_userintrest` (`user_userintrest_id`, `user_id`, `userintrest_id`) VALUES (25, 25, 25);
INSERT INTO `user_userintrest` (`user_userintrest_id`, `user_id`, `userintrest_id`) VALUES (26, 26, 26);
INSERT INTO `user_userintrest` (`user_userintrest_id`, `user_id`, `userintrest_id`) VALUES (27, 27, 27);
INSERT INTO `user_userintrest` (`user_userintrest_id`, `user_id`, `userintrest_id`) VALUES (28, 28, 28);
INSERT INTO `user_userintrest` (`user_userintrest_id`, `user_id`, `userintrest_id`) VALUES (29, 29, 29);
INSERT INTO `user_userintrest` (`user_userintrest_id`, `user_id`, `userintrest_id`) VALUES (30, 30, 30);
INSERT INTO `user_userintrest` (`user_userintrest_id`, `user_id`, `userintrest_id`) VALUES (31, 31, 31);
INSERT INTO `user_userintrest` (`user_userintrest_id`, `user_id`, `userintrest_id`) VALUES (32, 32, 32);
INSERT INTO `user_userintrest` (`user_userintrest_id`, `user_id`, `userintrest_id`) VALUES (33, 33, 33);
INSERT INTO `user_userintrest` (`user_userintrest_id`, `user_id`, `userintrest_id`) VALUES (34, 34, 34);
INSERT INTO `user_userintrest` (`user_userintrest_id`, `user_id`, `userintrest_id`) VALUES (35, 35, 35);
INSERT INTO `user_userintrest` (`user_userintrest_id`, `user_id`, `userintrest_id`) VALUES (36, 36, 36);
INSERT INTO `user_userintrest` (`user_userintrest_id`, `user_id`, `userintrest_id`) VALUES (37, 37, 37);
INSERT INTO `user_userintrest` (`user_userintrest_id`, `user_id`, `userintrest_id`) VALUES (38, 38, 38);
INSERT INTO `user_userintrest` (`user_userintrest_id`, `user_id`, `userintrest_id`) VALUES (39, 39, 39);
INSERT INTO `user_userintrest` (`user_userintrest_id`, `user_id`, `userintrest_id`) VALUES (40, 40, 40);
INSERT INTO `user_userintrest` (`user_userintrest_id`, `user_id`, `userintrest_id`) VALUES (41, 41, 41);
INSERT INTO `user_userintrest` (`user_userintrest_id`, `user_id`, `userintrest_id`) VALUES (42, 42, 42);
INSERT INTO `user_userintrest` (`user_userintrest_id`, `user_id`, `userintrest_id`) VALUES (43, 43, 43);
INSERT INTO `user_userintrest` (`user_userintrest_id`, `user_id`, `userintrest_id`) VALUES (44, 44, 44);
INSERT INTO `user_userintrest` (`user_userintrest_id`, `user_id`, `userintrest_id`) VALUES (45, 45, 45);
INSERT INTO `user_userintrest` (`user_userintrest_id`, `user_id`, `userintrest_id`) VALUES (46, 46, 46);
INSERT INTO `user_userintrest` (`user_userintrest_id`, `user_id`, `userintrest_id`) VALUES (47, 47, 47);
INSERT INTO `user_userintrest` (`user_userintrest_id`, `user_id`, `userintrest_id`) VALUES (48, 48, 48);
INSERT INTO `user_userintrest` (`user_userintrest_id`, `user_id`, `userintrest_id`) VALUES (49, 49, 49);
INSERT INTO `user_userintrest` (`user_userintrest_id`, `user_id`, `userintrest_id`) VALUES (50, 50, 50);
INSERT INTO `user_userintrest` (`user_userintrest_id`, `user_id`, `userintrest_id`) VALUES (51, 51, 51);
INSERT INTO `user_userintrest` (`user_userintrest_id`, `user_id`, `userintrest_id`) VALUES (52, 52, 52);
INSERT INTO `user_userintrest` (`user_userintrest_id`, `user_id`, `userintrest_id`) VALUES (53, 53, 53);
INSERT INTO `user_userintrest` (`user_userintrest_id`, `user_id`, `userintrest_id`) VALUES (54, 54, 54);
INSERT INTO `user_userintrest` (`user_userintrest_id`, `user_id`, `userintrest_id`) VALUES (55, 55, 55);
INSERT INTO `user_userintrest` (`user_userintrest_id`, `user_id`, `userintrest_id`) VALUES (56, 56, 56);
INSERT INTO `user_userintrest` (`user_userintrest_id`, `user_id`, `userintrest_id`) VALUES (57, 57, 57);
INSERT INTO `user_userintrest` (`user_userintrest_id`, `user_id`, `userintrest_id`) VALUES (58, 58, 58);
INSERT INTO `user_userintrest` (`user_userintrest_id`, `user_id`, `userintrest_id`) VALUES (59, 59, 59);
INSERT INTO `user_userintrest` (`user_userintrest_id`, `user_id`, `userintrest_id`) VALUES (60, 60, 60);
INSERT INTO `user_userintrest` (`user_userintrest_id`, `user_id`, `userintrest_id`) VALUES (61, 61, 61);
INSERT INTO `user_userintrest` (`user_userintrest_id`, `user_id`, `userintrest_id`) VALUES (62, 62, 62);
INSERT INTO `user_userintrest` (`user_userintrest_id`, `user_id`, `userintrest_id`) VALUES (63, 63, 63);
INSERT INTO `user_userintrest` (`user_userintrest_id`, `user_id`, `userintrest_id`) VALUES (64, 64, 64);
INSERT INTO `user_userintrest` (`user_userintrest_id`, `user_id`, `userintrest_id`) VALUES (65, 65, 65);
INSERT INTO `user_userintrest` (`user_userintrest_id`, `user_id`, `userintrest_id`) VALUES (66, 66, 66);
INSERT INTO `user_userintrest` (`user_userintrest_id`, `user_id`, `userintrest_id`) VALUES (67, 67, 67);
INSERT INTO `user_userintrest` (`user_userintrest_id`, `user_id`, `userintrest_id`) VALUES (68, 68, 68);
INSERT INTO `user_userintrest` (`user_userintrest_id`, `user_id`, `userintrest_id`) VALUES (69, 69, 69);
INSERT INTO `user_userintrest` (`user_userintrest_id`, `user_id`, `userintrest_id`) VALUES (70, 70, 70);
INSERT INTO `user_userintrest` (`user_userintrest_id`, `user_id`, `userintrest_id`) VALUES (71, 71, 71);
INSERT INTO `user_userintrest` (`user_userintrest_id`, `user_id`, `userintrest_id`) VALUES (72, 72, 72);
INSERT INTO `user_userintrest` (`user_userintrest_id`, `user_id`, `userintrest_id`) VALUES (73, 73, 73);
INSERT INTO `user_userintrest` (`user_userintrest_id`, `user_id`, `userintrest_id`) VALUES (74, 74, 74);
INSERT INTO `user_userintrest` (`user_userintrest_id`, `user_id`, `userintrest_id`) VALUES (75, 75, 75);
INSERT INTO `user_userintrest` (`user_userintrest_id`, `user_id`, `userintrest_id`) VALUES (76, 76, 76);
INSERT INTO `user_userintrest` (`user_userintrest_id`, `user_id`, `userintrest_id`) VALUES (77, 77, 77);
INSERT INTO `user_userintrest` (`user_userintrest_id`, `user_id`, `userintrest_id`) VALUES (78, 78, 78);
INSERT INTO `user_userintrest` (`user_userintrest_id`, `user_id`, `userintrest_id`) VALUES (79, 79, 79);
INSERT INTO `user_userintrest` (`user_userintrest_id`, `user_id`, `userintrest_id`) VALUES (80, 80, 80);
INSERT INTO `user_userintrest` (`user_userintrest_id`, `user_id`, `userintrest_id`) VALUES (81, 81, 81);
INSERT INTO `user_userintrest` (`user_userintrest_id`, `user_id`, `userintrest_id`) VALUES (82, 82, 82);
INSERT INTO `user_userintrest` (`user_userintrest_id`, `user_id`, `userintrest_id`) VALUES (83, 83, 83);
INSERT INTO `user_userintrest` (`user_userintrest_id`, `user_id`, `userintrest_id`) VALUES (84, 84, 84);
INSERT INTO `user_userintrest` (`user_userintrest_id`, `user_id`, `userintrest_id`) VALUES (85, 85, 85);
INSERT INTO `user_userintrest` (`user_userintrest_id`, `user_id`, `userintrest_id`) VALUES (86, 86, 86);
INSERT INTO `user_userintrest` (`user_userintrest_id`, `user_id`, `userintrest_id`) VALUES (87, 87, 87);
INSERT INTO `user_userintrest` (`user_userintrest_id`, `user_id`, `userintrest_id`) VALUES (88, 88, 88);
INSERT INTO `user_userintrest` (`user_userintrest_id`, `user_id`, `userintrest_id`) VALUES (89, 89, 89);
INSERT INTO `user_userintrest` (`user_userintrest_id`, `user_id`, `userintrest_id`) VALUES (90, 90, 90);
INSERT INTO `user_userintrest` (`user_userintrest_id`, `user_id`, `userintrest_id`) VALUES (91, 91, 91);
INSERT INTO `user_userintrest` (`user_userintrest_id`, `user_id`, `userintrest_id`) VALUES (92, 92, 92);
INSERT INTO `user_userintrest` (`user_userintrest_id`, `user_id`, `userintrest_id`) VALUES (93, 93, 93);
INSERT INTO `user_userintrest` (`user_userintrest_id`, `user_id`, `userintrest_id`) VALUES (94, 94, 94);
INSERT INTO `user_userintrest` (`user_userintrest_id`, `user_id`, `userintrest_id`) VALUES (95, 95, 95);
INSERT INTO `user_userintrest` (`user_userintrest_id`, `user_id`, `userintrest_id`) VALUES (96, 96, 96);
INSERT INTO `user_userintrest` (`user_userintrest_id`, `user_id`, `userintrest_id`) VALUES (97, 97, 97);
INSERT INTO `user_userintrest` (`user_userintrest_id`, `user_id`, `userintrest_id`) VALUES (98, 98, 98);
INSERT INTO `user_userintrest` (`user_userintrest_id`, `user_id`, `userintrest_id`) VALUES (99, 99, 99);
INSERT INTO `user_userintrest` (`user_userintrest_id`, `user_id`, `userintrest_id`) VALUES (100, 100, 100);




INSERT INTO `userintrests` (`userintrest_id`, `created_at`, `deleted_at`, `intrest_description`, `intrest_value`, `updated_at`) VALUES (1, '1996-07-18 00:00:00.000000', NULL, 'Sunt officia alias sint qui molestias aut sunt. Eveniet quis sint eveniet a aspernatur harum quam. Velit totam tenetur qui aut.', 4, NULL);
INSERT INTO `userintrests` (`userintrest_id`, `created_at`, `deleted_at`, `intrest_description`, `intrest_value`, `updated_at`) VALUES (2, '1984-04-07 00:00:00.000000', NULL, 'Minima aut laudantium quia qui quae consequatur voluptatem. Praesentium iusto tenetur porro inventore eaque. In in a ipsa nesciunt. Nulla quo voluptatum quisquam aliquam.', 1, NULL);
INSERT INTO `userintrests` (`userintrest_id`, `created_at`, `deleted_at`, `intrest_description`, `intrest_value`, `updated_at`) VALUES (3, '2006-10-26 00:00:00.000000', NULL, 'Ut eveniet officiis beatae delectus repellat. Sint vel ipsum cumque quis deleniti iure maxime. Dolor et quos et repudiandae vitae.', 7, NULL);
INSERT INTO `userintrests` (`userintrest_id`, `created_at`, `deleted_at`, `intrest_description`, `intrest_value`, `updated_at`) VALUES (4, '1976-05-05 00:00:00.000000', NULL, 'Aut maxime aliquam accusamus magni. Consequatur voluptatum vel qui iste. Quod dolorem aut ea corporis qui veritatis laboriosam. Dolorum aut veritatis ea eos.', 8, NULL);
INSERT INTO `userintrests` (`userintrest_id`, `created_at`, `deleted_at`, `intrest_description`, `intrest_value`, `updated_at`) VALUES (5, '1994-04-15 00:00:00.000000', NULL, 'Hic quae libero officia voluptate. Tempore ipsum iste distinctio animi. Iste provident vitae reprehenderit est. Non alias est dolorem sit odio.', 3, NULL);
INSERT INTO `userintrests` (`userintrest_id`, `created_at`, `deleted_at`, `intrest_description`, `intrest_value`, `updated_at`) VALUES (6, '2019-03-26 00:00:00.000000', NULL, 'Rerum voluptatem et aut cumque vel. Laudantium iure quia qui maiores. Rerum labore ad fuga ipsum et quibusdam iste.', 5, NULL);
INSERT INTO `userintrests` (`userintrest_id`, `created_at`, `deleted_at`, `intrest_description`, `intrest_value`, `updated_at`) VALUES (7, '1991-11-20 00:00:00.000000', NULL, 'Sit sed ut similique velit. Est nobis facilis officiis voluptas architecto vitae. Est reprehenderit perspiciatis ea optio. Voluptatum repudiandae fuga aliquid mollitia odit excepturi.', 4, NULL);
INSERT INTO `userintrests` (`userintrest_id`, `created_at`, `deleted_at`, `intrest_description`, `intrest_value`, `updated_at`) VALUES (8, '1998-04-21 00:00:00.000000', NULL, 'Est dolores ex soluta aut qui aut. Et expedita autem temporibus nobis dolorem voluptatem ut quia. Ea aliquam voluptas officiis pariatur pariatur sit. Quod sed accusamus sunt rem hic similique. Nihil aliquid architecto aut voluptas.', 8, NULL);
INSERT INTO `userintrests` (`userintrest_id`, `created_at`, `deleted_at`, `intrest_description`, `intrest_value`, `updated_at`) VALUES (9, '2017-10-07 00:00:00.000000', NULL, 'Distinctio ipsam voluptatem expedita pariatur aliquam aut ipsam. Doloribus consequatur officiis doloremque. Soluta perspiciatis perferendis neque veritatis quo et.', 3, NULL);
INSERT INTO `userintrests` (`userintrest_id`, `created_at`, `deleted_at`, `intrest_description`, `intrest_value`, `updated_at`) VALUES (10, '1982-12-15 00:00:00.000000', NULL, 'Tempora dolore dolores voluptates pariatur soluta qui ipsa sit. Ut vel nesciunt dolore blanditiis fuga quis et. Modi iste tempore minus hic nam laborum.', 8, NULL);
INSERT INTO `userintrests` (`userintrest_id`, `created_at`, `deleted_at`, `intrest_description`, `intrest_value`, `updated_at`) VALUES (11, '1975-05-31 00:00:00.000000', NULL, 'Alias molestiae quos aut itaque blanditiis ab optio. Quo dolores perspiciatis et architecto. Nisi porro iusto iusto at enim ducimus.', 2, NULL);
INSERT INTO `userintrests` (`userintrest_id`, `created_at`, `deleted_at`, `intrest_description`, `intrest_value`, `updated_at`) VALUES (12, '1981-07-25 00:00:00.000000', NULL, 'Est rerum exercitationem sit sit. Quia eius delectus vel explicabo ullam.', 7, NULL);
INSERT INTO `userintrests` (`userintrest_id`, `created_at`, `deleted_at`, `intrest_description`, `intrest_value`, `updated_at`) VALUES (13, '2010-05-13 00:00:00.000000', NULL, 'Id voluptatem sit ut beatae eum dolore. Explicabo qui ex ut dolores. Optio ut dolores tempora quos ab.', 4, NULL);
INSERT INTO `userintrests` (`userintrest_id`, `created_at`, `deleted_at`, `intrest_description`, `intrest_value`, `updated_at`) VALUES (14, '2012-04-14 00:00:00.000000', NULL, 'Eum ad dolores beatae velit voluptatem velit quis. In quasi et rem laudantium velit. Debitis eaque voluptatem ut non delectus sint. Est sit magni fugit nihil. Vitae ea ipsa provident quod at ea voluptatem.', 6, NULL);
INSERT INTO `userintrests` (`userintrest_id`, `created_at`, `deleted_at`, `intrest_description`, `intrest_value`, `updated_at`) VALUES (15, '2018-06-03 00:00:00.000000', NULL, 'Minima odio distinctio aut necessitatibus voluptatem ab harum. Ut consequatur neque id recusandae cupiditate. A eaque aut id occaecati consectetur neque voluptatum. Odit accusamus qui eos accusamus ut molestias non. Id velit eius aut voluptate beatae aspe', 9, NULL);
INSERT INTO `userintrests` (`userintrest_id`, `created_at`, `deleted_at`, `intrest_description`, `intrest_value`, `updated_at`) VALUES (16, '2000-03-14 00:00:00.000000', NULL, 'Et tempore alias enim ut sed non. Qui dolores accusamus tenetur velit eos. Atque inventore magni rerum fuga.', 2, NULL);
INSERT INTO `userintrests` (`userintrest_id`, `created_at`, `deleted_at`, `intrest_description`, `intrest_value`, `updated_at`) VALUES (17, '2000-12-17 00:00:00.000000', NULL, 'Commodi accusantium officiis quis nihil consequatur laboriosam. Blanditiis nulla laudantium qui sit quia hic voluptatem hic. Quasi nihil quibusdam dolorum numquam ipsam doloremque.', 5, NULL);
INSERT INTO `userintrests` (`userintrest_id`, `created_at`, `deleted_at`, `intrest_description`, `intrest_value`, `updated_at`) VALUES (18, '2018-06-03 00:00:00.000000', NULL, 'Eos fugiat et eos. Repudiandae voluptas qui veritatis molestiae. Neque qui error officiis omnis. Perspiciatis est repudiandae placeat id quibusdam a eum. Laborum voluptatem aut explicabo laborum fugit eos.', 9, NULL);
INSERT INTO `userintrests` (`userintrest_id`, `created_at`, `deleted_at`, `intrest_description`, `intrest_value`, `updated_at`) VALUES (19, '1983-12-06 00:00:00.000000', NULL, 'Itaque dolores aut laudantium qui libero est. Nihil aliquam illum rerum ab veritatis ut. Velit facere nesciunt aut totam eum qui ut necessitatibus.', 1, NULL);
INSERT INTO `userintrests` (`userintrest_id`, `created_at`, `deleted_at`, `intrest_description`, `intrest_value`, `updated_at`) VALUES (20, '2017-05-10 00:00:00.000000', NULL, 'Aut rerum maiores est voluptates ex et quia est. Maiores assumenda quas ab eum iste voluptas temporibus.', 0, NULL);
INSERT INTO `userintrests` (`userintrest_id`, `created_at`, `deleted_at`, `intrest_description`, `intrest_value`, `updated_at`) VALUES (21, '1994-01-23 00:00:00.000000', NULL, 'Itaque et animi dicta ea a. Eos aut quisquam eligendi qui sint corrupti. Rerum id et sunt eos amet quis voluptatum. Cupiditate itaque iure voluptas id laudantium facere necessitatibus.', 5, NULL);
INSERT INTO `userintrests` (`userintrest_id`, `created_at`, `deleted_at`, `intrest_description`, `intrest_value`, `updated_at`) VALUES (22, '1996-02-25 00:00:00.000000', NULL, 'Est et omnis est et itaque qui. Itaque est aspernatur assumenda tempore. Debitis voluptas dolorum molestiae placeat.', 8, NULL);
INSERT INTO `userintrests` (`userintrest_id`, `created_at`, `deleted_at`, `intrest_description`, `intrest_value`, `updated_at`) VALUES (23, '1980-08-02 00:00:00.000000', NULL, 'Nihil eveniet rerum labore possimus est minima. Sunt vel aut ut illo. Aliquid magni cumque vel quae rerum. Similique voluptatem velit facere assumenda officiis nam eos.', 6, NULL);
INSERT INTO `userintrests` (`userintrest_id`, `created_at`, `deleted_at`, `intrest_description`, `intrest_value`, `updated_at`) VALUES (24, '2022-01-25 00:00:00.000000', NULL, 'Porro praesentium voluptates excepturi veniam. Nesciunt est maxime repellendus ea necessitatibus. Voluptas esse architecto et fugit sapiente.', 0, NULL);
INSERT INTO `userintrests` (`userintrest_id`, `created_at`, `deleted_at`, `intrest_description`, `intrest_value`, `updated_at`) VALUES (25, '1972-09-22 00:00:00.000000', NULL, 'Debitis autem nihil neque enim. Ut incidunt itaque est corrupti rerum ea. Exercitationem quo nam sed magnam harum. Explicabo harum et magnam sequi enim.', 5, NULL);
INSERT INTO `userintrests` (`userintrest_id`, `created_at`, `deleted_at`, `intrest_description`, `intrest_value`, `updated_at`) VALUES (26, '1987-05-26 00:00:00.000000', NULL, 'Rerum id ut voluptates ipsa tempora. In debitis ea dolor totam aut magni et. Facere blanditiis quo nihil asperiores.', 6, NULL);
INSERT INTO `userintrests` (`userintrest_id`, `created_at`, `deleted_at`, `intrest_description`, `intrest_value`, `updated_at`) VALUES (27, '2005-03-12 00:00:00.000000', NULL, 'Adipisci omnis rerum provident et expedita. Reiciendis maiores rem eum aut aut. Nisi qui quos aut perspiciatis labore. Nam in blanditiis eaque eos officia nesciunt et.', 5, NULL);
INSERT INTO `userintrests` (`userintrest_id`, `created_at`, `deleted_at`, `intrest_description`, `intrest_value`, `updated_at`) VALUES (28, '1995-01-10 00:00:00.000000', NULL, 'Ullam itaque et est eligendi aliquid. Nobis et alias unde aut debitis illum. Voluptate reiciendis illum inventore veniam aperiam voluptate. Repellendus eum consectetur consequatur maiores labore.', 6, NULL);
INSERT INTO `userintrests` (`userintrest_id`, `created_at`, `deleted_at`, `intrest_description`, `intrest_value`, `updated_at`) VALUES (29, '1991-08-13 00:00:00.000000', NULL, 'Impedit provident aliquam soluta. Ea excepturi maxime aut. Rerum consequatur earum alias est odio. Fugiat odit velit et magnam repellendus et. Dicta voluptatem ut architecto.', 5, NULL);
INSERT INTO `userintrests` (`userintrest_id`, `created_at`, `deleted_at`, `intrest_description`, `intrest_value`, `updated_at`) VALUES (30, '1970-12-06 00:00:00.000000', NULL, 'Quasi a provident non perspiciatis reiciendis consequatur aut. Doloremque hic reiciendis deleniti tempora ex beatae ipsa. Ipsa eveniet laudantium dolorum et non.', 6, NULL);
INSERT INTO `userintrests` (`userintrest_id`, `created_at`, `deleted_at`, `intrest_description`, `intrest_value`, `updated_at`) VALUES (31, '1990-08-23 00:00:00.000000', NULL, 'Consequatur est nihil aliquid ab et consequatur fugiat. Aspernatur quo sit dolorem earum et qui.', 0, NULL);
INSERT INTO `userintrests` (`userintrest_id`, `created_at`, `deleted_at`, `intrest_description`, `intrest_value`, `updated_at`) VALUES (32, '2012-01-24 00:00:00.000000', NULL, 'Quia placeat quia ut quas corrupti consequatur eius. Rerum officiis illum saepe accusamus aspernatur. Labore possimus qui odio dolorum id.', 0, NULL);
INSERT INTO `userintrests` (`userintrest_id`, `created_at`, `deleted_at`, `intrest_description`, `intrest_value`, `updated_at`) VALUES (33, '2003-04-03 00:00:00.000000', NULL, 'Ut doloribus non vel et reprehenderit tenetur. Quia ut id aut ab. Tempore pariatur dolor officia.', 9, NULL);
INSERT INTO `userintrests` (`userintrest_id`, `created_at`, `deleted_at`, `intrest_description`, `intrest_value`, `updated_at`) VALUES (34, '2016-10-23 00:00:00.000000', NULL, 'Odit debitis doloribus et aut omnis dolorem. Ab optio aliquid tenetur tempore consequatur mollitia. Sint natus voluptas quia porro.', 9, NULL);
INSERT INTO `userintrests` (`userintrest_id`, `created_at`, `deleted_at`, `intrest_description`, `intrest_value`, `updated_at`) VALUES (35, '2006-11-23 00:00:00.000000', NULL, 'Voluptatem rem maxime suscipit est aut fugiat repellendus. Reiciendis vero et praesentium atque. Iste et laboriosam ipsum odio autem fugiat debitis eos. Ea voluptatibus et qui tempora.', 0, NULL);
INSERT INTO `userintrests` (`userintrest_id`, `created_at`, `deleted_at`, `intrest_description`, `intrest_value`, `updated_at`) VALUES (36, '2016-02-15 00:00:00.000000', NULL, 'Perferendis doloremque beatae incidunt ab nisi. Laboriosam ut ut accusantium et maxime dolorum. Sit vero perspiciatis corrupti magnam enim nesciunt et eum.', 1, NULL);
INSERT INTO `userintrests` (`userintrest_id`, `created_at`, `deleted_at`, `intrest_description`, `intrest_value`, `updated_at`) VALUES (37, '2009-11-17 00:00:00.000000', NULL, 'Aut vel doloribus ex ut et voluptas beatae. Voluptate aliquid sint suscipit soluta. Et harum ut nobis voluptates rerum. Ut aperiam distinctio corrupti sint quis mollitia.', 1, NULL);
INSERT INTO `userintrests` (`userintrest_id`, `created_at`, `deleted_at`, `intrest_description`, `intrest_value`, `updated_at`) VALUES (38, '2012-04-06 00:00:00.000000', NULL, 'Suscipit vel earum labore perferendis corrupti tempore. Quisquam quasi eum id officiis illum. Magni veritatis quaerat asperiores. Ducimus in exercitationem quo non.', 1, NULL);
INSERT INTO `userintrests` (`userintrest_id`, `created_at`, `deleted_at`, `intrest_description`, `intrest_value`, `updated_at`) VALUES (39, '2010-11-21 00:00:00.000000', NULL, 'Doloremque dicta nihil repudiandae sed odit voluptatem. Ex dolor architecto praesentium ullam. Eaque doloribus distinctio temporibus accusamus. Consectetur est aperiam quaerat quia et.', 7, NULL);
INSERT INTO `userintrests` (`userintrest_id`, `created_at`, `deleted_at`, `intrest_description`, `intrest_value`, `updated_at`) VALUES (40, '1991-05-08 00:00:00.000000', NULL, 'Corporis doloribus veniam impedit minima. Ut et aut sit. Dolorem officiis quia nostrum voluptatem non.', 6, NULL);
INSERT INTO `userintrests` (`userintrest_id`, `created_at`, `deleted_at`, `intrest_description`, `intrest_value`, `updated_at`) VALUES (41, '1975-05-29 00:00:00.000000', NULL, 'Repudiandae dolore in deserunt tenetur. Voluptatem id suscipit architecto rem perferendis ducimus nesciunt. Aut possimus omnis possimus omnis quidem dolore soluta. Magni vero quas ad.', 6, NULL);
INSERT INTO `userintrests` (`userintrest_id`, `created_at`, `deleted_at`, `intrest_description`, `intrest_value`, `updated_at`) VALUES (42, '1972-06-23 00:00:00.000000', NULL, 'Mollitia quo placeat reiciendis. Est aut soluta repellat id quas. Voluptas ut qui doloremque autem consequatur sit ipsum. Commodi expedita dolor consequuntur aut illum eius non.', 5, NULL);
INSERT INTO `userintrests` (`userintrest_id`, `created_at`, `deleted_at`, `intrest_description`, `intrest_value`, `updated_at`) VALUES (43, '1977-03-18 00:00:00.000000', NULL, 'Itaque pariatur autem voluptas ut ut praesentium alias. Nihil sunt nihil expedita rerum nihil et praesentium. Qui corrupti et repudiandae esse aperiam rerum. Ea maxime velit quas dolor quod voluptatem libero.', 4, NULL);
INSERT INTO `userintrests` (`userintrest_id`, `created_at`, `deleted_at`, `intrest_description`, `intrest_value`, `updated_at`) VALUES (44, '2021-01-09 00:00:00.000000', NULL, 'Modi laboriosam minima sunt pariatur dolores ea. Enim id voluptates et quisquam. Blanditiis rerum non rem voluptatem accusamus expedita voluptas odit. Atque blanditiis ea magni expedita quis sit optio.', 3, NULL);
INSERT INTO `userintrests` (`userintrest_id`, `created_at`, `deleted_at`, `intrest_description`, `intrest_value`, `updated_at`) VALUES (45, '1972-07-28 00:00:00.000000', NULL, 'Inventore tempora qui eum aut dolorem doloribus in hic. Earum eius reiciendis quo facere. Sit esse dolorem vero ea blanditiis quisquam dolores.', 1, NULL);
INSERT INTO `userintrests` (`userintrest_id`, `created_at`, `deleted_at`, `intrest_description`, `intrest_value`, `updated_at`) VALUES (46, '2022-10-24 00:00:00.000000', NULL, 'Nulla laudantium quod velit animi incidunt ut. Inventore eius eius ut neque reprehenderit voluptate reiciendis vel. Hic hic sed sequi nam. Culpa necessitatibus delectus deserunt ut.', 5, NULL);
INSERT INTO `userintrests` (`userintrest_id`, `created_at`, `deleted_at`, `intrest_description`, `intrest_value`, `updated_at`) VALUES (47, '1974-10-15 00:00:00.000000', NULL, 'Maxime aut ad excepturi laborum. Sunt eum atque aut repudiandae et in sapiente. Qui dolorum et quos rerum est amet. Non quia facere sunt consequatur eveniet.', 9, NULL);
INSERT INTO `userintrests` (`userintrest_id`, `created_at`, `deleted_at`, `intrest_description`, `intrest_value`, `updated_at`) VALUES (48, '2001-02-27 00:00:00.000000', NULL, 'Iste hic rem rerum laudantium accusantium pariatur atque. Occaecati ut voluptas cum illum eveniet ipsam qui non. Praesentium doloribus quisquam accusantium voluptatem ad libero odit.', 7, NULL);
INSERT INTO `userintrests` (`userintrest_id`, `created_at`, `deleted_at`, `intrest_description`, `intrest_value`, `updated_at`) VALUES (49, '1995-09-03 00:00:00.000000', NULL, 'Consequuntur et possimus libero ullam explicabo soluta aut. Veritatis suscipit dignissimos alias distinctio voluptatem.', 9, NULL);
INSERT INTO `userintrests` (`userintrest_id`, `created_at`, `deleted_at`, `intrest_description`, `intrest_value`, `updated_at`) VALUES (50, '1976-03-27 00:00:00.000000', NULL, 'Quasi quasi quis facere totam corrupti. Esse dolor non consequatur qui tempore occaecati explicabo consectetur.', 7, NULL);
INSERT INTO `userintrests` (`userintrest_id`, `created_at`, `deleted_at`, `intrest_description`, `intrest_value`, `updated_at`) VALUES (51, '2020-05-31 00:00:00.000000', NULL, 'In doloribus minima ullam ipsa. Enim ut quo dignissimos repudiandae omnis. Deserunt error esse quidem pariatur aut.', 3, NULL);
INSERT INTO `userintrests` (`userintrest_id`, `created_at`, `deleted_at`, `intrest_description`, `intrest_value`, `updated_at`) VALUES (52, '2011-05-20 00:00:00.000000', NULL, 'Laudantium libero nihil qui voluptatibus qui et. Voluptatem adipisci maiores officia libero. Aut sapiente corrupti ipsum. Qui id et id debitis quae fuga.', 6, NULL);
INSERT INTO `userintrests` (`userintrest_id`, `created_at`, `deleted_at`, `intrest_description`, `intrest_value`, `updated_at`) VALUES (53, '1976-03-28 00:00:00.000000', NULL, 'Dignissimos laudantium odio deleniti libero molestiae quibusdam. Soluta assumenda aut iusto facere. Modi laudantium ex quia earum.', 0, NULL);
INSERT INTO `userintrests` (`userintrest_id`, `created_at`, `deleted_at`, `intrest_description`, `intrest_value`, `updated_at`) VALUES (54, '1998-06-07 00:00:00.000000', NULL, 'Voluptate facilis ducimus aliquam ullam ut. Et maiores qui quibusdam ducimus non. Minus quia voluptas quo est et.', 3, NULL);
INSERT INTO `userintrests` (`userintrest_id`, `created_at`, `deleted_at`, `intrest_description`, `intrest_value`, `updated_at`) VALUES (55, '2017-03-09 00:00:00.000000', NULL, 'Quisquam sit aut ad. Sunt vero voluptas repellat repudiandae. Sit debitis architecto laboriosam at aut.', 4, NULL);
INSERT INTO `userintrests` (`userintrest_id`, `created_at`, `deleted_at`, `intrest_description`, `intrest_value`, `updated_at`) VALUES (56, '2006-07-16 00:00:00.000000', NULL, 'Asperiores iste doloribus odio consequatur. Dolor pariatur et ut dolor laboriosam soluta facilis perspiciatis. Soluta officiis veniam qui maiores.', 9, NULL);
INSERT INTO `userintrests` (`userintrest_id`, `created_at`, `deleted_at`, `intrest_description`, `intrest_value`, `updated_at`) VALUES (57, '1993-09-03 00:00:00.000000', NULL, 'Ut totam dolore quia est adipisci. Possimus ad et error tempore vitae ut eum. Dolor eaque doloremque autem consectetur. Numquam architecto cupiditate reprehenderit voluptates praesentium ut accusamus reprehenderit.', 5, NULL);
INSERT INTO `userintrests` (`userintrest_id`, `created_at`, `deleted_at`, `intrest_description`, `intrest_value`, `updated_at`) VALUES (58, '1996-04-02 00:00:00.000000', NULL, 'At dignissimos cumque et quia minus pariatur. Nihil nisi fugiat velit ipsam est. Excepturi totam quia ut et pariatur ut quasi. Quo perferendis eius beatae non.', 9, NULL);
INSERT INTO `userintrests` (`userintrest_id`, `created_at`, `deleted_at`, `intrest_description`, `intrest_value`, `updated_at`) VALUES (59, '2008-10-11 00:00:00.000000', NULL, 'Quo molestias quis et sed. Nihil quidem et et qui. Provident aliquam et est ut dolor minima accusantium.', 7, NULL);
INSERT INTO `userintrests` (`userintrest_id`, `created_at`, `deleted_at`, `intrest_description`, `intrest_value`, `updated_at`) VALUES (60, '1984-04-06 00:00:00.000000', NULL, 'Voluptas occaecati repellat ullam optio ad. Laborum et et asperiores numquam rem necessitatibus doloribus rerum. Earum sit maxime nostrum consectetur. Dolorem accusantium natus illo culpa eligendi quo quia maxime.', 1, NULL);
INSERT INTO `userintrests` (`userintrest_id`, `created_at`, `deleted_at`, `intrest_description`, `intrest_value`, `updated_at`) VALUES (61, '2003-09-09 00:00:00.000000', NULL, 'Ex voluptatem perspiciatis quia. Molestias fuga ipsa voluptas porro modi. Est quod vel quo ex. Incidunt ducimus quia est sequi iste.', 8, NULL);
INSERT INTO `userintrests` (`userintrest_id`, `created_at`, `deleted_at`, `intrest_description`, `intrest_value`, `updated_at`) VALUES (62, '1988-11-09 00:00:00.000000', NULL, 'Exercitationem debitis nobis temporibus sapiente. Nihil quod tempore ut consectetur cumque quaerat. Qui quaerat repellendus totam perferendis quia quia voluptatem cupiditate.', 2, NULL);
INSERT INTO `userintrests` (`userintrest_id`, `created_at`, `deleted_at`, `intrest_description`, `intrest_value`, `updated_at`) VALUES (63, '2001-06-24 00:00:00.000000', NULL, 'Praesentium est magnam iure. Quia esse aut eos. Eos architecto explicabo suscipit quibusdam consequatur. Quis officia consectetur sapiente corrupti labore autem et.', 4, NULL);
INSERT INTO `userintrests` (`userintrest_id`, `created_at`, `deleted_at`, `intrest_description`, `intrest_value`, `updated_at`) VALUES (64, '1971-08-02 00:00:00.000000', NULL, 'Animi sit vitae ea sit eligendi. Omnis adipisci aliquid vero. Sequi ut pariatur dignissimos sed dolore. Vero in in consequatur optio aperiam.', 9, NULL);
INSERT INTO `userintrests` (`userintrest_id`, `created_at`, `deleted_at`, `intrest_description`, `intrest_value`, `updated_at`) VALUES (65, '2013-12-30 00:00:00.000000', NULL, 'Totam quia quisquam hic dolorum omnis omnis iure perferendis. Optio a quos quia perferendis reiciendis tenetur. Nihil autem quia ut sunt.', 8, NULL);
INSERT INTO `userintrests` (`userintrest_id`, `created_at`, `deleted_at`, `intrest_description`, `intrest_value`, `updated_at`) VALUES (66, '1996-09-28 00:00:00.000000', NULL, 'Error et eaque et quia voluptatem. Deserunt autem eius odio asperiores ea ad itaque. Aspernatur harum maxime et nam corrupti.', 9, NULL);
INSERT INTO `userintrests` (`userintrest_id`, `created_at`, `deleted_at`, `intrest_description`, `intrest_value`, `updated_at`) VALUES (67, '2001-03-12 00:00:00.000000', NULL, 'Omnis fugit consequatur ex fugit. Dolores debitis esse corporis quia. Omnis fuga aliquam et tempore perferendis occaecati eaque.', 3, NULL);
INSERT INTO `userintrests` (`userintrest_id`, `created_at`, `deleted_at`, `intrest_description`, `intrest_value`, `updated_at`) VALUES (68, '2008-12-07 00:00:00.000000', NULL, 'Esse atque distinctio sit repudiandae aut. Eos vero et nihil ipsam dicta. Quis aut et non et.', 7, NULL);
INSERT INTO `userintrests` (`userintrest_id`, `created_at`, `deleted_at`, `intrest_description`, `intrest_value`, `updated_at`) VALUES (69, '2016-06-08 00:00:00.000000', NULL, 'Quo numquam iste natus aperiam est voluptatem temporibus sequi. Optio optio repellat dolor beatae. Ullam ut facere voluptatum praesentium illum numquam dolor. Nesciunt qui aut qui ratione veniam est.', 4, NULL);
INSERT INTO `userintrests` (`userintrest_id`, `created_at`, `deleted_at`, `intrest_description`, `intrest_value`, `updated_at`) VALUES (70, '2000-10-08 00:00:00.000000', NULL, 'Nihil quia officiis illum et unde. Ea eum labore saepe. Vel maiores ipsam sit iste.', 2, NULL);
INSERT INTO `userintrests` (`userintrest_id`, `created_at`, `deleted_at`, `intrest_description`, `intrest_value`, `updated_at`) VALUES (71, '2013-07-01 00:00:00.000000', NULL, 'Quae earum delectus ea illum provident. Laborum nesciunt est harum voluptatibus enim sed.', 8, NULL);
INSERT INTO `userintrests` (`userintrest_id`, `created_at`, `deleted_at`, `intrest_description`, `intrest_value`, `updated_at`) VALUES (72, '1973-04-30 00:00:00.000000', NULL, 'Accusamus voluptatem placeat et debitis molestias explicabo. Consectetur aut accusamus tempora aliquid et minus enim. Et porro asperiores illo nulla saepe eum.', 0, NULL);
INSERT INTO `userintrests` (`userintrest_id`, `created_at`, `deleted_at`, `intrest_description`, `intrest_value`, `updated_at`) VALUES (73, '1986-12-09 00:00:00.000000', NULL, 'Sit saepe voluptatum ex vero veritatis incidunt. Corporis quidem aut sapiente esse impedit. Tempore nam voluptas ullam quia quaerat nam. Expedita corporis suscipit illum omnis.', 4, NULL);
INSERT INTO `userintrests` (`userintrest_id`, `created_at`, `deleted_at`, `intrest_description`, `intrest_value`, `updated_at`) VALUES (74, '1972-05-28 00:00:00.000000', NULL, 'Cumque ratione aliquam reprehenderit ab eum consequatur. Perspiciatis quo cumque voluptatem qui quidem ipsa et. Excepturi incidunt omnis est quis nobis. Doloremque aut voluptas vitae qui sed.', 9, NULL);
INSERT INTO `userintrests` (`userintrest_id`, `created_at`, `deleted_at`, `intrest_description`, `intrest_value`, `updated_at`) VALUES (75, '1978-03-13 00:00:00.000000', NULL, 'Minima dolorem a repudiandae omnis omnis id debitis. Nesciunt maxime odio minima est commodi nihil. Suscipit eius illo aut aut sed tenetur qui. Et voluptatem quibusdam temporibus est deserunt ea quia.', 4, NULL);
INSERT INTO `userintrests` (`userintrest_id`, `created_at`, `deleted_at`, `intrest_description`, `intrest_value`, `updated_at`) VALUES (76, '2014-07-20 00:00:00.000000', NULL, 'Nemo voluptas nostrum cum ut inventore blanditiis dolor ea. Aut est ut at et aperiam. Repellat quod quisquam tempora. Nihil autem et non eveniet aut corrupti impedit.', 0, NULL);
INSERT INTO `userintrests` (`userintrest_id`, `created_at`, `deleted_at`, `intrest_description`, `intrest_value`, `updated_at`) VALUES (77, '1997-07-17 00:00:00.000000', NULL, 'Veritatis similique dicta quia ad facere. Consectetur officia ad autem eligendi veritatis totam. Qui placeat soluta voluptatem ut sed et facilis rerum.', 8, NULL);
INSERT INTO `userintrests` (`userintrest_id`, `created_at`, `deleted_at`, `intrest_description`, `intrest_value`, `updated_at`) VALUES (78, '1990-11-28 00:00:00.000000', NULL, 'Adipisci esse illum id odit quam. Autem laborum doloribus quos quod molestias. Officia natus qui error consequatur consequatur quia. Excepturi ipsum quo impedit id amet facilis officiis. Distinctio laboriosam aliquam earum veritatis ab.', 6, NULL);
INSERT INTO `userintrests` (`userintrest_id`, `created_at`, `deleted_at`, `intrest_description`, `intrest_value`, `updated_at`) VALUES (79, '1996-01-28 00:00:00.000000', NULL, 'Et consectetur maxime velit. Ipsum illum iure similique omnis architecto fugit. Consequatur quisquam dolorum voluptatum ratione non explicabo dignissimos.', 1, NULL);
INSERT INTO `userintrests` (`userintrest_id`, `created_at`, `deleted_at`, `intrest_description`, `intrest_value`, `updated_at`) VALUES (80, '1995-04-13 00:00:00.000000', NULL, 'Ipsam explicabo animi facilis repellendus quidem. Quas dolore dolore ipsa. Sit laborum excepturi dignissimos vel est incidunt recusandae.', 6, NULL);
INSERT INTO `userintrests` (`userintrest_id`, `created_at`, `deleted_at`, `intrest_description`, `intrest_value`, `updated_at`) VALUES (81, '1996-11-20 00:00:00.000000', NULL, 'Quasi sequi amet in quas quos qui eligendi. Maxime est eligendi omnis eos earum et optio animi. Ipsam tempora voluptas officiis aperiam. Accusamus illum occaecati occaecati optio ex voluptatem provident.', 3, NULL);
INSERT INTO `userintrests` (`userintrest_id`, `created_at`, `deleted_at`, `intrest_description`, `intrest_value`, `updated_at`) VALUES (82, '1999-11-12 00:00:00.000000', NULL, 'Aut eum in aut voluptatibus. Reprehenderit suscipit temporibus harum similique qui molestias voluptatem. Voluptatem quia sint id dolorem voluptatem. Molestiae molestiae voluptas sit.', 8, NULL);
INSERT INTO `userintrests` (`userintrest_id`, `created_at`, `deleted_at`, `intrest_description`, `intrest_value`, `updated_at`) VALUES (83, '1978-12-05 00:00:00.000000', NULL, 'Dicta facere omnis qui. Nesciunt porro in eum mollitia.', 5, NULL);
INSERT INTO `userintrests` (`userintrest_id`, `created_at`, `deleted_at`, `intrest_description`, `intrest_value`, `updated_at`) VALUES (84, '2012-02-21 00:00:00.000000', NULL, 'Et qui molestias ut ut delectus praesentium. Beatae deserunt eos dolorem voluptatum modi aut in. Esse nemo sed eos assumenda amet.', 9, NULL);
INSERT INTO `userintrests` (`userintrest_id`, `created_at`, `deleted_at`, `intrest_description`, `intrest_value`, `updated_at`) VALUES (85, '1980-07-14 00:00:00.000000', NULL, 'Perferendis velit ratione qui et nam temporibus. Possimus quaerat reiciendis sed et voluptate. Illo dolorum natus in vero amet et saepe.', 9, NULL);
INSERT INTO `userintrests` (`userintrest_id`, `created_at`, `deleted_at`, `intrest_description`, `intrest_value`, `updated_at`) VALUES (86, '1996-05-11 00:00:00.000000', NULL, 'Quasi sit dolor quia autem nisi. Exercitationem animi minus ea illo rerum. Similique atque nostrum aut non ipsam et. Tempora tempore libero veritatis.', 2, NULL);
INSERT INTO `userintrests` (`userintrest_id`, `created_at`, `deleted_at`, `intrest_description`, `intrest_value`, `updated_at`) VALUES (87, '2019-02-01 00:00:00.000000', NULL, 'Quia iste eveniet natus qui. Et rem aut laborum voluptatum at enim sint.', 4, NULL);
INSERT INTO `userintrests` (`userintrest_id`, `created_at`, `deleted_at`, `intrest_description`, `intrest_value`, `updated_at`) VALUES (88, '1999-03-24 00:00:00.000000', NULL, 'Rem mollitia minima quisquam sint accusamus. Unde inventore error eos dolor consequatur possimus. Recusandae nisi accusantium ab voluptatem et a soluta.', 0, NULL);
INSERT INTO `userintrests` (`userintrest_id`, `created_at`, `deleted_at`, `intrest_description`, `intrest_value`, `updated_at`) VALUES (89, '1976-09-09 00:00:00.000000', NULL, 'Ratione dignissimos quo error temporibus. Quis qui minus enim aut aut vitae aut quia. Tempora ab dicta voluptatem nihil ea.', 0, NULL);
INSERT INTO `userintrests` (`userintrest_id`, `created_at`, `deleted_at`, `intrest_description`, `intrest_value`, `updated_at`) VALUES (90, '1999-08-05 00:00:00.000000', NULL, 'Nesciunt omnis ea vel dolor saepe. Asperiores et rerum cum velit. Quia quos provident ut. A sequi rerum alias nam autem odit similique.', 0, NULL);
INSERT INTO `userintrests` (`userintrest_id`, `created_at`, `deleted_at`, `intrest_description`, `intrest_value`, `updated_at`) VALUES (91, '1979-01-28 00:00:00.000000', NULL, 'Accusantium ut et sint qui. Tempora laboriosam quod vitae autem et. Eum et exercitationem tenetur quam quia quaerat beatae. Adipisci dolores sunt eius. Natus magni cumque quos natus eveniet eaque aut praesentium.', 6, NULL);
INSERT INTO `userintrests` (`userintrest_id`, `created_at`, `deleted_at`, `intrest_description`, `intrest_value`, `updated_at`) VALUES (92, '1986-04-26 00:00:00.000000', NULL, 'Laboriosam delectus deserunt aut molestiae ducimus fugiat ut. Id ut repudiandae neque omnis rerum saepe. Dolore culpa sit eum eum vitae quae officia tempore.', 5, NULL);
INSERT INTO `userintrests` (`userintrest_id`, `created_at`, `deleted_at`, `intrest_description`, `intrest_value`, `updated_at`) VALUES (93, '1993-10-29 00:00:00.000000', NULL, 'Quia est maxime modi neque voluptas cumque reprehenderit. Rerum ut architecto dolore distinctio enim et quae. Eos fugiat blanditiis voluptate maiores reprehenderit non eveniet. Ab ullam suscipit consequatur eaque necessitatibus repudiandae voluptas.', 5, NULL);
INSERT INTO `userintrests` (`userintrest_id`, `created_at`, `deleted_at`, `intrest_description`, `intrest_value`, `updated_at`) VALUES (94, '1997-01-07 00:00:00.000000', NULL, 'Ipsam repellendus id consequatur eum consequatur repellendus. Architecto saepe perspiciatis voluptas eius quisquam ut ea. Odit repudiandae alias est maxime aut est. Repellat autem aspernatur soluta quas dolore magnam. Impedit accusantium autem nemo at id ', 0, NULL);
INSERT INTO `userintrests` (`userintrest_id`, `created_at`, `deleted_at`, `intrest_description`, `intrest_value`, `updated_at`) VALUES (95, '2019-06-04 00:00:00.000000', NULL, 'Molestiae neque praesentium molestiae eos modi. Magnam ex nesciunt et dolorem quia dolorem aliquid. Rerum blanditiis necessitatibus dolor sint officia error explicabo.', 4, NULL);
INSERT INTO `userintrests` (`userintrest_id`, `created_at`, `deleted_at`, `intrest_description`, `intrest_value`, `updated_at`) VALUES (96, '1971-01-31 00:00:00.000000', NULL, 'Reiciendis quidem natus maiores quis. Rerum veritatis aut ab nulla sit. Enim voluptas harum odit repudiandae non cum.', 1, NULL);
INSERT INTO `userintrests` (`userintrest_id`, `created_at`, `deleted_at`, `intrest_description`, `intrest_value`, `updated_at`) VALUES (97, '2001-11-07 00:00:00.000000', NULL, 'Voluptatem quo et sed eum et quae expedita. Sit necessitatibus vel ratione nisi repellendus quo consequatur. Totam quod rerum id debitis vel blanditiis placeat. Est cupiditate id placeat. Sint culpa labore unde quibusdam sit temporibus.', 7, NULL);
INSERT INTO `userintrests` (`userintrest_id`, `created_at`, `deleted_at`, `intrest_description`, `intrest_value`, `updated_at`) VALUES (98, '1974-07-30 00:00:00.000000', NULL, 'Occaecati sapiente accusamus voluptatum sint. Amet cum ea amet ea perferendis cum rerum. Ipsam laborum id qui repellat tenetur. Nulla laudantium iure eveniet veniam vel.', 8, NULL);
INSERT INTO `userintrests` (`userintrest_id`, `created_at`, `deleted_at`, `intrest_description`, `intrest_value`, `updated_at`) VALUES (99, '1992-01-10 00:00:00.000000', NULL, 'Eum numquam numquam harum mollitia sunt ut quia. Vitae eligendi veniam sit. Ea ea in sit quia.', 0, NULL);
INSERT INTO `userintrests` (`userintrest_id`, `created_at`, `deleted_at`, `intrest_description`, `intrest_value`, `updated_at`) VALUES (100, '1997-04-18 00:00:00.000000', NULL, 'Fuga non porro qui sed et est. Rerum molestiae eveniet error deleniti quia sunt nihil. Culpa et sapiente impedit molestiae suscipit. Necessitatibus doloribus in aut recusandae provident delectus dolorum.', 9, NULL);



INSERT INTO `users` (`user_id`, `last_name`, `age`, `contact_number`, `created_at`, `date_of_birth`, `deleted_at`, `email`, `first_name`, `gender`, `nationality`, `password`, `updated_at`, `user_name`) VALUES (1, 'Christiansen', 9, '1-481-062-0614x76525', '1975-12-19 00:00:00.000000', '1976-07-28 00:00:00.000000', NULL, 'raynor.chelsie@example.org', 'Treva', 0, 'Fiji', 'd379618641d5bc7ea104724d017ab2d7b0e0b056', NULL, 'angelita77');
INSERT INTO `users` (`user_id`, `last_name`, `age`, `contact_number`, `created_at`, `date_of_birth`, `deleted_at`, `email`, `first_name`, `gender`, `nationality`, `password`, `updated_at`, `user_name`) VALUES (2, 'Dicki', 8, '+54(4)7257912613', '1991-04-28 00:00:00.000000', '1984-06-30 00:00:00.000000', NULL, 'dzieme@example.org', 'Justen', 0, 'Sao Tome and Principe', 'e3499c25e7b05d4cc123a3a4e73a6bb10588eaf2', NULL, 'milford93');
INSERT INTO `users` (`user_id`, `last_name`, `age`, `contact_number`, `created_at`, `date_of_birth`, `deleted_at`, `email`, `first_name`, `gender`, `nationality`, `password`, `updated_at`, `user_name`) VALUES (3, 'Bergstrom', 3, '277-626-5897x985', '1989-07-06 00:00:00.000000', '1991-10-28 00:00:00.000000', NULL, 'kuhic.kyleigh@example.org', 'Stacy', 0, 'Bermuda', '349c4b7ce08771ed5e4abdd4b6e84b794b97af9c', NULL, 'cynthia89');
INSERT INTO `users` (`user_id`, `last_name`, `age`, `contact_number`, `created_at`, `date_of_birth`, `deleted_at`, `email`, `first_name`, `gender`, `nationality`, `password`, `updated_at`, `user_name`) VALUES (4, 'Fritsch', 2, '04358655412', '1988-09-13 00:00:00.000000', '1997-09-16 00:00:00.000000', NULL, 'ulices.little@example.org', 'Eloisa', 0, 'Guadeloupe', '6c92929d90abf5733f3d2ca1d41ed343a8a15754', NULL, 'mertz.aisha');
INSERT INTO `users` (`user_id`, `last_name`, `age`, `contact_number`, `created_at`, `date_of_birth`, `deleted_at`, `email`, `first_name`, `gender`, `nationality`, `password`, `updated_at`, `user_name`) VALUES (5, 'Will', 8, '09165211805', '2015-02-24 00:00:00.000000', '1986-10-19 00:00:00.000000', NULL, 'jarret.abshire@example.org', 'Lamont', 0, 'Brazil', '998cb9d2001e69d8ae012d9b70b472e85c51e0d6', NULL, 'wilfred91');
INSERT INTO `users` (`user_id`, `last_name`, `age`, `contact_number`, `created_at`, `date_of_birth`, `deleted_at`, `email`, `first_name`, `gender`, `nationality`, `password`, `updated_at`, `user_name`) VALUES (6, 'Crona', 1, '1-195-013-3972x294', '1982-06-28 00:00:00.000000', '2001-01-01 00:00:00.000000', NULL, 'cydney.bartoletti@example.com', 'Emmet', 0, 'Yemen', 'e9f18eeee151e366c4f24e7982543a41db03cce8', NULL, 'verdie.blick');
INSERT INTO `users` (`user_id`, `last_name`, `age`, `contact_number`, `created_at`, `date_of_birth`, `deleted_at`, `email`, `first_name`, `gender`, `nationality`, `password`, `updated_at`, `user_name`) VALUES (7, 'Bayer', 6, '1-549-111-9818x083', '1997-08-12 00:00:00.000000', '1987-10-20 00:00:00.000000', NULL, 'nhahn@example.com', 'Gwen', 0, 'Falkland Islands (Malvinas)', 'a2a0059b203d710a016e3decd9b3c649c93166b0', NULL, 'eunice.gislason');
INSERT INTO `users` (`user_id`, `last_name`, `age`, `contact_number`, `created_at`, `date_of_birth`, `deleted_at`, `email`, `first_name`, `gender`, `nationality`, `password`, `updated_at`, `user_name`) VALUES (8, 'Bartoletti', 7, '(498)839-6687', '2007-07-11 00:00:00.000000', '2001-11-18 00:00:00.000000', NULL, 'yost.jasper@example.com', 'Justine', 0, 'Burundi', 'fc5ac31c7dd96b5ad97770186df51b8f91e983e1', NULL, 'larkin.andre');
INSERT INTO `users` (`user_id`, `last_name`, `age`, `contact_number`, `created_at`, `date_of_birth`, `deleted_at`, `email`, `first_name`, `gender`, `nationality`, `password`, `updated_at`, `user_name`) VALUES (9, 'Blanda', 2, '1-621-787-2859x607', '1975-02-25 00:00:00.000000', '1983-09-04 00:00:00.000000', NULL, 'nitzsche.judy@example.com', 'Diego', 0, 'Tanzania', '7d49c465f486017c1469a0329a1d43b64ca7c519', NULL, 'maude83');
INSERT INTO `users` (`user_id`, `last_name`, `age`, `contact_number`, `created_at`, `date_of_birth`, `deleted_at`, `email`, `first_name`, `gender`, `nationality`, `password`, `updated_at`, `user_name`) VALUES (10, 'Spinka', 7, '(527)074-9841x14581', '1982-08-22 00:00:00.000000', '1974-05-11 00:00:00.000000', NULL, 'ewald.dibbert@example.net', 'Cecile', 0, 'Estonia', 'fabbccc81b10e858e2a3cca7be0d11649cae7a35', NULL, 'guadalupe.brown');
INSERT INTO `users` (`user_id`, `last_name`, `age`, `contact_number`, `created_at`, `date_of_birth`, `deleted_at`, `email`, `first_name`, `gender`, `nationality`, `password`, `updated_at`, `user_name`) VALUES (11, 'O\'Keefe', 8, '467-558-1765', '1979-11-17 00:00:00.000000', '1992-06-18 00:00:00.000000', NULL, 'ebogan@example.com', 'Sammy', 0, 'Iceland', '80ae6d71badab40dbe87f7b80bb28d8d864d1aec', NULL, 'hudson.kihn');
INSERT INTO `users` (`user_id`, `last_name`, `age`, `contact_number`, `created_at`, `date_of_birth`, `deleted_at`, `email`, `first_name`, `gender`, `nationality`, `password`, `updated_at`, `user_name`) VALUES (12, 'Altenwerth', 2, '1-294-243-7444', '1978-06-04 00:00:00.000000', '1976-08-28 00:00:00.000000', NULL, 'dwaelchi@example.net', 'Winston', 0, 'Falkland Islands (Malvinas)', '29de3f946c7344d0bbce48843304a40cbd17af31', NULL, 'morar.otilia');
INSERT INTO `users` (`user_id`, `last_name`, `age`, `contact_number`, `created_at`, `date_of_birth`, `deleted_at`, `email`, `first_name`, `gender`, `nationality`, `password`, `updated_at`, `user_name`) VALUES (13, 'Dicki', 5, '07194299359', '2010-12-12 00:00:00.000000', '2005-11-27 00:00:00.000000', NULL, 'mckenna47@example.org', 'Augustine', 0, 'Cambodia', 'de6b5ea72ab76ddb7a21080b8ba274c14cafdf99', NULL, 'btorp');
INSERT INTO `users` (`user_id`, `last_name`, `age`, `contact_number`, `created_at`, `date_of_birth`, `deleted_at`, `email`, `first_name`, `gender`, `nationality`, `password`, `updated_at`, `user_name`) VALUES (14, 'Goodwin', 9, '005-049-5439', '1990-08-07 00:00:00.000000', '1996-10-08 00:00:00.000000', NULL, 'kwiza@example.net', 'Jaiden', 0, 'New Zealand', '9ab8e1e07e9f587affb8f0f771bd9b43b3af7405', NULL, 'leonora.rippin');
INSERT INTO `users` (`user_id`, `last_name`, `age`, `contact_number`, `created_at`, `date_of_birth`, `deleted_at`, `email`, `first_name`, `gender`, `nationality`, `password`, `updated_at`, `user_name`) VALUES (15, 'Brown', 8, '+15(0)7919071887', '2022-07-13 00:00:00.000000', '1996-11-13 00:00:00.000000', NULL, 'bode.reba@example.com', 'Maxwell', 0, 'Germany', '08e0b72fe74535cfbedbd226c4d29509cea51aa2', NULL, 'harber.king');
INSERT INTO `users` (`user_id`, `last_name`, `age`, `contact_number`, `created_at`, `date_of_birth`, `deleted_at`, `email`, `first_name`, `gender`, `nationality`, `password`, `updated_at`, `user_name`) VALUES (16, 'Kihn', 7, '285-044-1677x623', '1973-09-04 00:00:00.000000', '1984-12-01 00:00:00.000000', NULL, 'kuhic.heath@example.net', 'Ryley', 0, 'United Kingdom', 'e47d4868510a6155d6f09d06d7677effebdb973d', NULL, 'maia.brakus');
INSERT INTO `users` (`user_id`, `last_name`, `age`, `contact_number`, `created_at`, `date_of_birth`, `deleted_at`, `email`, `first_name`, `gender`, `nationality`, `password`, `updated_at`, `user_name`) VALUES (17, 'Hermiston', 9, '1-748-643-2976', '2022-05-28 00:00:00.000000', '1975-01-02 00:00:00.000000', NULL, 'clovis14@example.net', 'Saige', 0, 'Senegal', '103507a0fe36232272e4c2a57968e925753328b7', NULL, 'erdman.arvid');
INSERT INTO `users` (`user_id`, `last_name`, `age`, `contact_number`, `created_at`, `date_of_birth`, `deleted_at`, `email`, `first_name`, `gender`, `nationality`, `password`, `updated_at`, `user_name`) VALUES (18, 'Bergnaum', 5, '(715)078-5708x684', '1978-10-04 00:00:00.000000', '1978-06-13 00:00:00.000000', NULL, 'shanahan.bulah@example.net', 'Estel', 0, 'Latvia', '5ac768128b40fc3581d47967edff5b2271defb1e', NULL, 'upton.mariano');
INSERT INTO `users` (`user_id`, `last_name`, `age`, `contact_number`, `created_at`, `date_of_birth`, `deleted_at`, `email`, `first_name`, `gender`, `nationality`, `password`, `updated_at`, `user_name`) VALUES (19, 'Padberg', 5, '986.620.8276x572', '2001-12-31 00:00:00.000000', '2001-03-05 00:00:00.000000', NULL, 'qnitzsche@example.org', 'Merl', 0, 'Christmas Island', '46c81295e8689eb8a3a36612cc32115fee4e6fe4', NULL, 'llesch');
INSERT INTO `users` (`user_id`, `last_name`, `age`, `contact_number`, `created_at`, `date_of_birth`, `deleted_at`, `email`, `first_name`, `gender`, `nationality`, `password`, `updated_at`, `user_name`) VALUES (20, 'Goyette', 1, '358-874-9095x2922', '1988-06-27 00:00:00.000000', '2005-02-17 00:00:00.000000', NULL, 'josefina.balistreri@example.org', 'Juliet', 0, 'Guadeloupe', '743acd8c54300dae4aef68a5f5f28dd2e300bf72', NULL, 'nettie.trantow');
INSERT INTO `users` (`user_id`, `last_name`, `age`, `contact_number`, `created_at`, `date_of_birth`, `deleted_at`, `email`, `first_name`, `gender`, `nationality`, `password`, `updated_at`, `user_name`) VALUES (21, 'Mertz', 6, '1-614-808-8747', '1975-11-21 00:00:00.000000', '1991-01-31 00:00:00.000000', NULL, 'dhills@example.net', 'Lacy', 0, 'Costa Rica', 'd0ca22cef31a03f7fcad361be69a290cff3849d0', NULL, 'uanderson');
INSERT INTO `users` (`user_id`, `last_name`, `age`, `contact_number`, `created_at`, `date_of_birth`, `deleted_at`, `email`, `first_name`, `gender`, `nationality`, `password`, `updated_at`, `user_name`) VALUES (22, 'Willms', 1, '672.300.6901', '1975-12-02 00:00:00.000000', '1991-03-02 00:00:00.000000', NULL, 'rohan.jennie@example.com', 'Moshe', 0, 'Niger', '8d9af750d1d104dd7ad852f0ae542e2060442eb6', NULL, 'audie.wyman');
INSERT INTO `users` (`user_id`, `last_name`, `age`, `contact_number`, `created_at`, `date_of_birth`, `deleted_at`, `email`, `first_name`, `gender`, `nationality`, `password`, `updated_at`, `user_name`) VALUES (23, 'Kuhlman', 1, '157.121.9557', '2013-10-08 00:00:00.000000', '2010-02-11 00:00:00.000000', NULL, 'vandervort.oliver@example.org', 'Elvie', 0, 'Georgia', '15102217271c13e2e7c2da1534053f059231752e', NULL, 'kunde.nia');
INSERT INTO `users` (`user_id`, `last_name`, `age`, `contact_number`, `created_at`, `date_of_birth`, `deleted_at`, `email`, `first_name`, `gender`, `nationality`, `password`, `updated_at`, `user_name`) VALUES (24, 'Feil', 5, '1-756-484-1719x5418', '1977-05-09 00:00:00.000000', '1990-12-28 00:00:00.000000', NULL, 'rebekah.moore@example.org', 'Allan', 0, 'Congo', '7710337d90a94524882b4606ce8767172db8d623', NULL, 'vbalistreri');
INSERT INTO `users` (`user_id`, `last_name`, `age`, `contact_number`, `created_at`, `date_of_birth`, `deleted_at`, `email`, `first_name`, `gender`, `nationality`, `password`, `updated_at`, `user_name`) VALUES (25, 'Monahan', 3, '+61(3)6090544702', '1973-01-01 00:00:00.000000', '1989-09-14 00:00:00.000000', NULL, 'jacques.beier@example.com', 'Madeline', 0, 'Uzbekistan', '465b3eebe80f1bf4144732f005e04c4473f2618b', NULL, 'leatha.kunze');
INSERT INTO `users` (`user_id`, `last_name`, `age`, `contact_number`, `created_at`, `date_of_birth`, `deleted_at`, `email`, `first_name`, `gender`, `nationality`, `password`, `updated_at`, `user_name`) VALUES (26, 'Koss', 3, '(744)739-2956x2358', '1976-04-04 00:00:00.000000', '1987-01-14 00:00:00.000000', NULL, 'jennings.watsica@example.net', 'Dillon', 0, 'Martinique', '9da3df3b98f39fd7e205965c00d54a54f1da9207', NULL, 'gleason.lane');
INSERT INTO `users` (`user_id`, `last_name`, `age`, `contact_number`, `created_at`, `date_of_birth`, `deleted_at`, `email`, `first_name`, `gender`, `nationality`, `password`, `updated_at`, `user_name`) VALUES (27, 'Tillman', 9, '+22(1)1763005610', '2012-10-07 00:00:00.000000', '2011-08-03 00:00:00.000000', NULL, 'maggio.melvina@example.net', 'Linda', 0, 'Jordan', 'ee60169fa33693d7fa97203cdec5f4b7b94114db', NULL, 'nfriesen');
INSERT INTO `users` (`user_id`, `last_name`, `age`, `contact_number`, `created_at`, `date_of_birth`, `deleted_at`, `email`, `first_name`, `gender`, `nationality`, `password`, `updated_at`, `user_name`) VALUES (28, 'Witting', 3, '526.505.9452x327', '2000-06-14 00:00:00.000000', '1986-08-23 00:00:00.000000', NULL, 'mosciski.verla@example.com', 'Taya', 0, 'Namibia', '6358d995b9dfde06c3fb66f619725f9887308dff', NULL, 'glen.frami');
INSERT INTO `users` (`user_id`, `last_name`, `age`, `contact_number`, `created_at`, `date_of_birth`, `deleted_at`, `email`, `first_name`, `gender`, `nationality`, `password`, `updated_at`, `user_name`) VALUES (29, 'Skiles', 2, '017.291.7255x9288', '2020-12-18 00:00:00.000000', '1985-07-30 00:00:00.000000', NULL, 'mireya.vandervort@example.com', 'Justus', 0, 'Singapore', '2d8abaf57903d9d85fb594eae8d4c6c4e33e592b', NULL, 'gnikolaus');
INSERT INTO `users` (`user_id`, `last_name`, `age`, `contact_number`, `created_at`, `date_of_birth`, `deleted_at`, `email`, `first_name`, `gender`, `nationality`, `password`, `updated_at`, `user_name`) VALUES (30, 'Schuster', 8, '+57(8)9305268965', '1995-07-19 00:00:00.000000', '1996-06-01 00:00:00.000000', NULL, 'mante.chloe@example.org', 'Orion', 0, 'Benin', '1f54f67cc742e00614331f2c6c704a37555a86e6', NULL, 'white.korbin');
INSERT INTO `users` (`user_id`, `last_name`, `age`, `contact_number`, `created_at`, `date_of_birth`, `deleted_at`, `email`, `first_name`, `gender`, `nationality`, `password`, `updated_at`, `user_name`) VALUES (31, 'Abshire', 1, '(522)120-8559x012', '1988-06-05 00:00:00.000000', '1998-06-20 00:00:00.000000', NULL, 'champlin.claudie@example.org', 'Ronaldo', 0, 'Colombia', 'c1e9a4ad615ce0c91b9afb2205136e288f86a3fd', NULL, 'bcollins');
INSERT INTO `users` (`user_id`, `last_name`, `age`, `contact_number`, `created_at`, `date_of_birth`, `deleted_at`, `email`, `first_name`, `gender`, `nationality`, `password`, `updated_at`, `user_name`) VALUES (32, 'West', 2, '160.300.7685x48669', '2016-06-25 00:00:00.000000', '1998-08-04 00:00:00.000000', NULL, 'lyla54@example.net', 'Grady', 0, 'French Polynesia', '99a12158933183226be363a1dcc2106056049970', NULL, 'okuneva.audie');
INSERT INTO `users` (`user_id`, `last_name`, `age`, `contact_number`, `created_at`, `date_of_birth`, `deleted_at`, `email`, `first_name`, `gender`, `nationality`, `password`, `updated_at`, `user_name`) VALUES (33, 'Kutch', 8, '793-432-8813', '2005-08-06 00:00:00.000000', '1992-04-05 00:00:00.000000', NULL, 'hazle64@example.org', 'Josefina', 0, 'Gibraltar', '82b9ab9084ce03fb7a412e24f4b8024c0dfc5fca', NULL, 'maureen66');
INSERT INTO `users` (`user_id`, `last_name`, `age`, `contact_number`, `created_at`, `date_of_birth`, `deleted_at`, `email`, `first_name`, `gender`, `nationality`, `password`, `updated_at`, `user_name`) VALUES (34, 'Haag', 3, '428.527.9560', '2004-05-09 00:00:00.000000', '2007-04-05 00:00:00.000000', NULL, 'hane.clara@example.com', 'Grant', 0, 'Moldova', 'fe6bdb8e96c712592e2ecefd66dc9f3df91ddaa8', NULL, 'jean.koepp');
INSERT INTO `users` (`user_id`, `last_name`, `age`, `contact_number`, `created_at`, `date_of_birth`, `deleted_at`, `email`, `first_name`, `gender`, `nationality`, `password`, `updated_at`, `user_name`) VALUES (35, 'King', 7, '02776361439', '1976-08-25 00:00:00.000000', '2023-05-24 00:00:00.000000', NULL, 'ianderson@example.net', 'Greg', 0, 'Bahamas', 'dcde5755115c9b19fea86301fb3c1e0468a854a7', NULL, 'windler.laury');
INSERT INTO `users` (`user_id`, `last_name`, `age`, `contact_number`, `created_at`, `date_of_birth`, `deleted_at`, `email`, `first_name`, `gender`, `nationality`, `password`, `updated_at`, `user_name`) VALUES (36, 'Franecki', 5, '02186834451', '2003-03-04 00:00:00.000000', '1993-05-20 00:00:00.000000', NULL, 'dweber@example.net', 'Keegan', 0, 'Liberia', 'f5e20e648bdc2affdf0a5bd6dcebae2d77aec120', NULL, 'cole.hunter');
INSERT INTO `users` (`user_id`, `last_name`, `age`, `contact_number`, `created_at`, `date_of_birth`, `deleted_at`, `email`, `first_name`, `gender`, `nationality`, `password`, `updated_at`, `user_name`) VALUES (37, 'Eichmann', 7, '(605)099-6171', '2001-10-21 00:00:00.000000', '2000-09-19 00:00:00.000000', NULL, 'alexandrine92@example.org', 'Reynold', 0, 'British Indian Ocean Territory (Chagos Archipelago)', '9b433b1d8a0201f555f617d317cb5396d5bfe8e8', NULL, 'willms.alvah');
INSERT INTO `users` (`user_id`, `last_name`, `age`, `contact_number`, `created_at`, `date_of_birth`, `deleted_at`, `email`, `first_name`, `gender`, `nationality`, `password`, `updated_at`, `user_name`) VALUES (38, 'Keebler', 4, '1-257-345-3991x6485', '2016-11-19 00:00:00.000000', '2015-12-30 00:00:00.000000', NULL, 'crist.adaline@example.org', 'Floyd', 0, 'Cook Islands', 'a77cea76e68c19059788e49d0891955c60ca0da7', NULL, 'rose.walsh');
INSERT INTO `users` (`user_id`, `last_name`, `age`, `contact_number`, `created_at`, `date_of_birth`, `deleted_at`, `email`, `first_name`, `gender`, `nationality`, `password`, `updated_at`, `user_name`) VALUES (39, 'Powlowski', 6, '+04(4)6629633649', '2001-04-27 00:00:00.000000', '1999-09-26 00:00:00.000000', NULL, 'nestor.ledner@example.com', 'Victor', 0, 'Madagascar', '816199db4ada6331b9d488e239530a3edabaeac1', NULL, 'madie01');
INSERT INTO `users` (`user_id`, `last_name`, `age`, `contact_number`, `created_at`, `date_of_birth`, `deleted_at`, `email`, `first_name`, `gender`, `nationality`, `password`, `updated_at`, `user_name`) VALUES (40, 'Halvorson', 7, '1-285-982-7314x435', '1980-03-25 00:00:00.000000', '1990-03-11 00:00:00.000000', NULL, 'cassin.misael@example.com', 'Buddy', 0, 'Togo', 'a929f3cc5b7d4bdfb5eccccfcf2bdf1fa857e468', NULL, 'quinton39');
INSERT INTO `users` (`user_id`, `last_name`, `age`, `contact_number`, `created_at`, `date_of_birth`, `deleted_at`, `email`, `first_name`, `gender`, `nationality`, `password`, `updated_at`, `user_name`) VALUES (41, 'Kessler', 7, '07295786933', '1981-01-11 00:00:00.000000', '2020-09-19 00:00:00.000000', NULL, 'kshlerin.oceane@example.com', 'Royal', 0, 'Mauritania', '2f4f3f1377080391b8027ba9ef24e48ce70b873a', NULL, 'pquitzon');
INSERT INTO `users` (`user_id`, `last_name`, `age`, `contact_number`, `created_at`, `date_of_birth`, `deleted_at`, `email`, `first_name`, `gender`, `nationality`, `password`, `updated_at`, `user_name`) VALUES (42, 'Schowalter', 3, '02700276214', '2001-04-01 00:00:00.000000', '2009-04-24 00:00:00.000000', NULL, 'christine97@example.com', 'Earnest', 0, 'Togo', '0a07084bc985d48c7f1751729b2dcf41adb00dbf', NULL, 'bdouglas');
INSERT INTO `users` (`user_id`, `last_name`, `age`, `contact_number`, `created_at`, `date_of_birth`, `deleted_at`, `email`, `first_name`, `gender`, `nationality`, `password`, `updated_at`, `user_name`) VALUES (43, 'Parisian', 2, '+91(3)5471213564', '1994-06-30 00:00:00.000000', '1977-11-26 00:00:00.000000', NULL, 'johanna04@example.net', 'Audrey', 0, 'Marshall Islands', '9014544e9331cf248f3b480f62c3ccfecfb686e9', NULL, 'ethel.rohan');
INSERT INTO `users` (`user_id`, `last_name`, `age`, `contact_number`, `created_at`, `date_of_birth`, `deleted_at`, `email`, `first_name`, `gender`, `nationality`, `password`, `updated_at`, `user_name`) VALUES (44, 'Cummings', 9, '745.961.4972', '2018-05-01 00:00:00.000000', '2004-11-20 00:00:00.000000', NULL, 'ona.hermiston@example.com', 'Lydia', 0, 'Greece', 'a71c20d1bfbc9f316db11aa9994ae1212febc290', NULL, 'mccullough.emile');
INSERT INTO `users` (`user_id`, `last_name`, `age`, `contact_number`, `created_at`, `date_of_birth`, `deleted_at`, `email`, `first_name`, `gender`, `nationality`, `password`, `updated_at`, `user_name`) VALUES (45, 'Metz', 1, '07409787607', '1996-04-05 00:00:00.000000', '2022-03-24 00:00:00.000000', NULL, 'ken70@example.net', 'Toy', 0, 'United Arab Emirates', 'c57e9e0e2291b71c5e2f3bef3e6fac0c3d8ea388', NULL, 'christina.wiza');
INSERT INTO `users` (`user_id`, `last_name`, `age`, `contact_number`, `created_at`, `date_of_birth`, `deleted_at`, `email`, `first_name`, `gender`, `nationality`, `password`, `updated_at`, `user_name`) VALUES (46, 'VonRueden', 0, '08067814763', '2003-01-30 00:00:00.000000', '1982-09-05 00:00:00.000000', NULL, 'gabriella08@example.org', 'Valentin', 0, 'Latvia', 'a593017fe7fc08557e63acd0c59af0bfc10414d7', NULL, 'sokuneva');
INSERT INTO `users` (`user_id`, `last_name`, `age`, `contact_number`, `created_at`, `date_of_birth`, `deleted_at`, `email`, `first_name`, `gender`, `nationality`, `password`, `updated_at`, `user_name`) VALUES (47, 'Goldner', 4, '01293604772', '1992-02-16 00:00:00.000000', '2011-01-01 00:00:00.000000', NULL, 'zachary.abernathy@example.org', 'Lea', 0, 'Bangladesh', '342698e51631983ec99f27c054e747e567886d66', NULL, 'uheller');
INSERT INTO `users` (`user_id`, `last_name`, `age`, `contact_number`, `created_at`, `date_of_birth`, `deleted_at`, `email`, `first_name`, `gender`, `nationality`, `password`, `updated_at`, `user_name`) VALUES (48, 'Gusikowski', 2, '(906)666-0926x9861', '2020-01-26 00:00:00.000000', '2001-03-29 00:00:00.000000', NULL, 'larry27@example.com', 'Emilia', 0, 'French Polynesia', '41f83726db661e3d86333162b0c2c95c52d78825', NULL, 'ola00');
INSERT INTO `users` (`user_id`, `last_name`, `age`, `contact_number`, `created_at`, `date_of_birth`, `deleted_at`, `email`, `first_name`, `gender`, `nationality`, `password`, `updated_at`, `user_name`) VALUES (49, 'Cartwright', 7, '(653)123-6793', '1985-02-15 00:00:00.000000', '1998-01-21 00:00:00.000000', NULL, 'dee.moen@example.net', 'Brandy', 0, 'Gabon', '6e99947537c6f58011cb7ead2566931d3267386f', NULL, 'nitzsche.sandrine');
INSERT INTO `users` (`user_id`, `last_name`, `age`, `contact_number`, `created_at`, `date_of_birth`, `deleted_at`, `email`, `first_name`, `gender`, `nationality`, `password`, `updated_at`, `user_name`) VALUES (50, 'Witting', 4, '948.029.9455x361', '2009-04-12 00:00:00.000000', '2008-07-24 00:00:00.000000', NULL, 'zcrist@example.com', 'Stephany', 0, 'Macedonia', '5d938699f5d19a33e541199fd831334d0e3d4664', NULL, 'marietta67');
INSERT INTO `users` (`user_id`, `last_name`, `age`, `contact_number`, `created_at`, `date_of_birth`, `deleted_at`, `email`, `first_name`, `gender`, `nationality`, `password`, `updated_at`, `user_name`) VALUES (51, 'Kessler', 9, '1-286-945-9512x2304', '2005-01-31 00:00:00.000000', '1990-07-09 00:00:00.000000', NULL, 'wintheiser.krystel@example.org', 'Nettie', 0, 'Jamaica', '6331ecb0ec9ddd40413467f6afe9e1ebc9dc0777', NULL, 'denesik.felicity');
INSERT INTO `users` (`user_id`, `last_name`, `age`, `contact_number`, `created_at`, `date_of_birth`, `deleted_at`, `email`, `first_name`, `gender`, `nationality`, `password`, `updated_at`, `user_name`) VALUES (52, 'Prosacco', 8, '565.966.8120x29324', '2010-06-20 00:00:00.000000', '2014-01-18 00:00:00.000000', NULL, 'paucek.ernesto@example.org', 'Bennie', 0, 'Qatar', '50bdc75e5c0479da2afb3ed049c853b83c6e447b', NULL, 'mohammed.beahan');
INSERT INTO `users` (`user_id`, `last_name`, `age`, `contact_number`, `created_at`, `date_of_birth`, `deleted_at`, `email`, `first_name`, `gender`, `nationality`, `password`, `updated_at`, `user_name`) VALUES (53, 'Heaney', 2, '1-334-757-7695x15647', '2015-05-14 00:00:00.000000', '1999-11-14 00:00:00.000000', NULL, 'kuphal.remington@example.com', 'Tatum', 0, 'Fiji', '7a930b63805f31e201536f0db54b91e8a1c6699e', NULL, 'wilkinson.roosevelt');
INSERT INTO `users` (`user_id`, `last_name`, `age`, `contact_number`, `created_at`, `date_of_birth`, `deleted_at`, `email`, `first_name`, `gender`, `nationality`, `password`, `updated_at`, `user_name`) VALUES (54, 'Dietrich', 9, '(832)014-9690x7892', '1987-12-20 00:00:00.000000', '2017-03-21 00:00:00.000000', NULL, 'erich.muller@example.com', 'Owen', 0, 'Cameroon', 'f29ed73937ed6516d5e9c98c942ce2b09e86a249', NULL, 'clemens.ward');
INSERT INTO `users` (`user_id`, `last_name`, `age`, `contact_number`, `created_at`, `date_of_birth`, `deleted_at`, `email`, `first_name`, `gender`, `nationality`, `password`, `updated_at`, `user_name`) VALUES (55, 'Konopelski', 3, '694-341-9099', '2010-04-02 00:00:00.000000', '2023-07-06 00:00:00.000000', NULL, 'sabrina.feil@example.net', 'Zena', 0, 'Moldova', '4a040948b9087ad452d5b681c056d8e1abb2c1f3', NULL, 'gina66');
INSERT INTO `users` (`user_id`, `last_name`, `age`, `contact_number`, `created_at`, `date_of_birth`, `deleted_at`, `email`, `first_name`, `gender`, `nationality`, `password`, `updated_at`, `user_name`) VALUES (56, 'Hayes', 0, '1-253-694-0339', '1982-09-28 00:00:00.000000', '2022-01-29 00:00:00.000000', NULL, 'mercedes.howell@example.net', 'Vern', 0, 'Nigeria', '1212dc91420479321ea9e94c413d3221b3ccdbfd', NULL, 'xbraun');
INSERT INTO `users` (`user_id`, `last_name`, `age`, `contact_number`, `created_at`, `date_of_birth`, `deleted_at`, `email`, `first_name`, `gender`, `nationality`, `password`, `updated_at`, `user_name`) VALUES (57, 'Padberg', 6, '851-176-6940x0367', '2019-12-09 00:00:00.000000', '2002-01-22 00:00:00.000000', NULL, 'kreiger.jude@example.com', 'Ryan', 0, 'Qatar', '0f576ba609f56b3ca72232c3fd80a1d0cb9daa1d', NULL, 'kemmer.larue');
INSERT INTO `users` (`user_id`, `last_name`, `age`, `contact_number`, `created_at`, `date_of_birth`, `deleted_at`, `email`, `first_name`, `gender`, `nationality`, `password`, `updated_at`, `user_name`) VALUES (58, 'Johnston', 8, '058-460-7526', '1976-09-30 00:00:00.000000', '1983-08-11 00:00:00.000000', NULL, 'schinner.kirstin@example.net', 'Rhiannon', 0, 'Chad', '4cb7d881d34ba42234c2770a4de78e11c6196670', NULL, 'jamir.schamberger');
INSERT INTO `users` (`user_id`, `last_name`, `age`, `contact_number`, `created_at`, `date_of_birth`, `deleted_at`, `email`, `first_name`, `gender`, `nationality`, `password`, `updated_at`, `user_name`) VALUES (59, 'Crona', 5, '442.391.6774', '1982-01-29 00:00:00.000000', '2008-02-14 00:00:00.000000', NULL, 'hwiza@example.net', 'Blair', 0, 'Indonesia', '5a7b67ae83fc52ee9e859aea65821dee038c882f', NULL, 'asa.ratke');
INSERT INTO `users` (`user_id`, `last_name`, `age`, `contact_number`, `created_at`, `date_of_birth`, `deleted_at`, `email`, `first_name`, `gender`, `nationality`, `password`, `updated_at`, `user_name`) VALUES (60, 'Herman', 6, '104.035.5142x095', '2021-12-03 00:00:00.000000', '1980-05-25 00:00:00.000000', NULL, 'vzemlak@example.org', 'Heath', 0, 'Slovakia (Slovak Republic)', 'd8f99a504b2b4eecdfeeb9d6d785a63733c37dbe', NULL, 'oschaden');
INSERT INTO `users` (`user_id`, `last_name`, `age`, `contact_number`, `created_at`, `date_of_birth`, `deleted_at`, `email`, `first_name`, `gender`, `nationality`, `password`, `updated_at`, `user_name`) VALUES (61, 'Quitzon', 3, '918.080.5175x3580', '1977-01-13 00:00:00.000000', '2023-01-21 00:00:00.000000', NULL, 'conor.roob@example.net', 'Clifton', 0, 'Senegal', '820dd2f6e7051d13a07e74b74fb8b9fd3a930baa', NULL, 'wilderman.jeremie');
INSERT INTO `users` (`user_id`, `last_name`, `age`, `contact_number`, `created_at`, `date_of_birth`, `deleted_at`, `email`, `first_name`, `gender`, `nationality`, `password`, `updated_at`, `user_name`) VALUES (62, 'Lubowitz', 4, '257-733-9952x08987', '2009-01-19 00:00:00.000000', '2005-10-09 00:00:00.000000', NULL, 'kariane.bosco@example.org', 'Mason', 0, 'Moldova', '4e56b44d7c2e1ef76eb4e45f0d500c282bd7dd43', NULL, 'bednar.ardella');
INSERT INTO `users` (`user_id`, `last_name`, `age`, `contact_number`, `created_at`, `date_of_birth`, `deleted_at`, `email`, `first_name`, `gender`, `nationality`, `password`, `updated_at`, `user_name`) VALUES (63, 'Will', 5, '486.341.1453x82119', '1984-08-20 00:00:00.000000', '1985-05-23 00:00:00.000000', NULL, 'antoinette22@example.org', 'Coralie', 0, 'Kiribati', 'ddd4f89ea7ab58cda36272c9565662fa274577f8', NULL, 'iva.reynolds');
INSERT INTO `users` (`user_id`, `last_name`, `age`, `contact_number`, `created_at`, `date_of_birth`, `deleted_at`, `email`, `first_name`, `gender`, `nationality`, `password`, `updated_at`, `user_name`) VALUES (64, 'Fadel', 4, '03674562969', '2018-03-10 00:00:00.000000', '1972-03-16 00:00:00.000000', NULL, 'douglas.tomasa@example.net', 'Edyth', 0, 'Italy', '74980a9cb914b17997c12c9cbb70173f2883cfdf', NULL, 'elsie63');
INSERT INTO `users` (`user_id`, `last_name`, `age`, `contact_number`, `created_at`, `date_of_birth`, `deleted_at`, `email`, `first_name`, `gender`, `nationality`, `password`, `updated_at`, `user_name`) VALUES (65, 'Kozey', 4, '059.440.2438x79170', '1981-05-10 00:00:00.000000', '2018-11-20 00:00:00.000000', NULL, 'zchristiansen@example.net', 'Federico', 0, 'Palau', '8a84ce34e962ed5635ce90e008e16f205def615b', NULL, 'allene.graham');
INSERT INTO `users` (`user_id`, `last_name`, `age`, `contact_number`, `created_at`, `date_of_birth`, `deleted_at`, `email`, `first_name`, `gender`, `nationality`, `password`, `updated_at`, `user_name`) VALUES (66, 'Kuhn', 6, '1-870-982-9730x61187', '2016-03-25 00:00:00.000000', '1977-08-30 00:00:00.000000', NULL, 'pgusikowski@example.com', 'Burdette', 0, 'Pitcairn Islands', '2c9de34a022f69e04717c3f3c69afca963ab2197', NULL, 'caroline.smith');
INSERT INTO `users` (`user_id`, `last_name`, `age`, `contact_number`, `created_at`, `date_of_birth`, `deleted_at`, `email`, `first_name`, `gender`, `nationality`, `password`, `updated_at`, `user_name`) VALUES (67, 'Ruecker', 7, '00887964363', '1977-12-22 00:00:00.000000', '1994-11-04 00:00:00.000000', NULL, 'dheller@example.com', 'Valentine', 0, 'Malaysia', 'bbaf64731b5fbc0fbd24edf515b32c5c4d876d8d', NULL, 'aniyah06');
INSERT INTO `users` (`user_id`, `last_name`, `age`, `contact_number`, `created_at`, `date_of_birth`, `deleted_at`, `email`, `first_name`, `gender`, `nationality`, `password`, `updated_at`, `user_name`) VALUES (68, 'Waelchi', 7, '+05(8)5680737691', '2005-06-13 00:00:00.000000', '1992-09-07 00:00:00.000000', NULL, 'imiller@example.org', 'Elena', 0, 'Spain', '4e09627fe55b63e864a8f4190049c6246ffc7f9f', NULL, 'johnpaul.smitham');
INSERT INTO `users` (`user_id`, `last_name`, `age`, `contact_number`, `created_at`, `date_of_birth`, `deleted_at`, `email`, `first_name`, `gender`, `nationality`, `password`, `updated_at`, `user_name`) VALUES (69, 'Sipes', 1, '1-612-230-0265', '1974-06-14 00:00:00.000000', '2002-02-05 00:00:00.000000', NULL, 'khilpert@example.com', 'Monserrat', 0, 'Malawi', 'dc566944875516ada3f87b1cd1bae28570da80f7', NULL, 'lesch.norene');
INSERT INTO `users` (`user_id`, `last_name`, `age`, `contact_number`, `created_at`, `date_of_birth`, `deleted_at`, `email`, `first_name`, `gender`, `nationality`, `password`, `updated_at`, `user_name`) VALUES (70, 'Roob', 1, '1-143-568-2975x73013', '2019-12-09 00:00:00.000000', '1974-08-04 00:00:00.000000', NULL, 'eusebio.berge@example.com', 'Brenna', 0, 'Romania', '354a85679f688818137dc2a5f85649888c4e9efa', NULL, 'kyle89');
INSERT INTO `users` (`user_id`, `last_name`, `age`, `contact_number`, `created_at`, `date_of_birth`, `deleted_at`, `email`, `first_name`, `gender`, `nationality`, `password`, `updated_at`, `user_name`) VALUES (71, 'O\'Conner', 0, '1-838-327-9271', '2021-08-15 00:00:00.000000', '1981-07-01 00:00:00.000000', NULL, 'jacobson.sallie@example.net', 'Kayden', 0, 'Mayotte', 'c3cc52424c10e99d8849a868dfe0ec45d8d591d0', NULL, 'gchamplin');
INSERT INTO `users` (`user_id`, `last_name`, `age`, `contact_number`, `created_at`, `date_of_birth`, `deleted_at`, `email`, `first_name`, `gender`, `nationality`, `password`, `updated_at`, `user_name`) VALUES (72, 'Koepp', 1, '(829)966-6181', '2003-05-20 00:00:00.000000', '1981-08-07 00:00:00.000000', NULL, 'kavon.o\'kon@example.net', 'Abigayle', 0, 'Bangladesh', 'c552f4f0cf4b6d0dce052fccb59f426e557af07b', NULL, 'bridgette.mante');
INSERT INTO `users` (`user_id`, `last_name`, `age`, `contact_number`, `created_at`, `date_of_birth`, `deleted_at`, `email`, `first_name`, `gender`, `nationality`, `password`, `updated_at`, `user_name`) VALUES (73, 'Schroeder', 0, '913-368-1325x5687', '2009-09-26 00:00:00.000000', '2016-03-11 00:00:00.000000', NULL, 'letha31@example.org', 'Wanda', 0, 'Gabon', '19970de50e46af24bcbeb2c749a454890b16984e', NULL, 'reyna96');
INSERT INTO `users` (`user_id`, `last_name`, `age`, `contact_number`, `created_at`, `date_of_birth`, `deleted_at`, `email`, `first_name`, `gender`, `nationality`, `password`, `updated_at`, `user_name`) VALUES (74, 'Jacobson', 3, '(136)799-1941x985', '1982-04-19 00:00:00.000000', '2016-07-19 00:00:00.000000', NULL, 'dsawayn@example.org', 'Vada', 0, 'Tanzania', 'c3237717e69cfaeab11ad0c0968ce4196503dbf3', NULL, 'reichert.vanessa');
INSERT INTO `users` (`user_id`, `last_name`, `age`, `contact_number`, `created_at`, `date_of_birth`, `deleted_at`, `email`, `first_name`, `gender`, `nationality`, `password`, `updated_at`, `user_name`) VALUES (75, 'Reichel', 0, '065-970-2350', '1973-03-14 00:00:00.000000', '1986-08-07 00:00:00.000000', NULL, 'russel.chaya@example.org', 'Dexter', 0, 'Syrian Arab Republic', '7312026bc9eae6b9c1688b6364b400c158b7a658', NULL, 'dana98');
INSERT INTO `users` (`user_id`, `last_name`, `age`, `contact_number`, `created_at`, `date_of_birth`, `deleted_at`, `email`, `first_name`, `gender`, `nationality`, `password`, `updated_at`, `user_name`) VALUES (76, 'Ullrich', 9, '818-201-1692x9528', '2000-01-10 00:00:00.000000', '2021-08-22 00:00:00.000000', NULL, 'kshields@example.com', 'Tyree', 0, 'Malaysia', '54f47aec80b2fb9a3872e728e882b6896b9696f8', NULL, 'boyer.raven');
INSERT INTO `users` (`user_id`, `last_name`, `age`, `contact_number`, `created_at`, `date_of_birth`, `deleted_at`, `email`, `first_name`, `gender`, `nationality`, `password`, `updated_at`, `user_name`) VALUES (77, 'Tremblay', 5, '752-507-1080x7479', '1980-07-10 00:00:00.000000', '1989-11-24 00:00:00.000000', NULL, 'kaylah36@example.net', 'Hilda', 0, 'Macao', '2567a381db62db10351c5ccf7f155b9498a7a903', NULL, 'eschinner');
INSERT INTO `users` (`user_id`, `last_name`, `age`, `contact_number`, `created_at`, `date_of_birth`, `deleted_at`, `email`, `first_name`, `gender`, `nationality`, `password`, `updated_at`, `user_name`) VALUES (78, 'Kiehn', 1, '02612194743', '1989-06-24 00:00:00.000000', '2012-05-20 00:00:00.000000', NULL, 'caesar.stracke@example.com', 'Dallas', 0, 'United Kingdom', 'ebd36f5adcd313df60687622f555a2889fa49284', NULL, 'hailie98');
INSERT INTO `users` (`user_id`, `last_name`, `age`, `contact_number`, `created_at`, `date_of_birth`, `deleted_at`, `email`, `first_name`, `gender`, `nationality`, `password`, `updated_at`, `user_name`) VALUES (79, 'Funk', 5, '+20(9)4879420440', '1976-04-11 00:00:00.000000', '2001-03-24 00:00:00.000000', NULL, 'esmeralda.moore@example.net', 'Armando', 0, 'Jordan', 'f2fbc545487a63f2bd4c2168a35435a39276faa5', NULL, 'kiehn.erick');
INSERT INTO `users` (`user_id`, `last_name`, `age`, `contact_number`, `created_at`, `date_of_birth`, `deleted_at`, `email`, `first_name`, `gender`, `nationality`, `password`, `updated_at`, `user_name`) VALUES (80, 'Heidenreich', 6, '(387)239-5743x60668', '1983-02-18 00:00:00.000000', '1973-10-20 00:00:00.000000', NULL, 'allie.cassin@example.net', 'Blanca', 0, 'Isle of Man', '515344a50a7334c8ebf73abad54cb054e6ed34ed', NULL, 'maria33');
INSERT INTO `users` (`user_id`, `last_name`, `age`, `contact_number`, `created_at`, `date_of_birth`, `deleted_at`, `email`, `first_name`, `gender`, `nationality`, `password`, `updated_at`, `user_name`) VALUES (81, 'Schulist', 8, '1-854-485-5297x1639', '2013-05-19 00:00:00.000000', '2008-06-27 00:00:00.000000', NULL, 'tritchie@example.com', 'Percy', 0, 'Namibia', 'b3062ba369bf0192200d7632eb652f47d453dbc5', NULL, 'eugenia.gottlieb');
INSERT INTO `users` (`user_id`, `last_name`, `age`, `contact_number`, `created_at`, `date_of_birth`, `deleted_at`, `email`, `first_name`, `gender`, `nationality`, `password`, `updated_at`, `user_name`) VALUES (82, 'Rippin', 6, '(673)068-0116x639', '1996-03-27 00:00:00.000000', '2022-08-04 00:00:00.000000', NULL, 'alexandrea77@example.com', 'Yvette', 0, 'Greenland', '71d0cf647c2acdf89eea968de8ee7ffd36d52260', NULL, 'hubert38');
INSERT INTO `users` (`user_id`, `last_name`, `age`, `contact_number`, `created_at`, `date_of_birth`, `deleted_at`, `email`, `first_name`, `gender`, `nationality`, `password`, `updated_at`, `user_name`) VALUES (83, 'Gleichner', 5, '(128)719-0876x172', '1972-10-21 00:00:00.000000', '1990-08-07 00:00:00.000000', NULL, 'gleason.elody@example.com', 'Kamille', 0, 'Paraguay', '4b51645ea89c5feecfd1f3871f33da49f79b2fd8', NULL, 'ylueilwitz');
INSERT INTO `users` (`user_id`, `last_name`, `age`, `contact_number`, `created_at`, `date_of_birth`, `deleted_at`, `email`, `first_name`, `gender`, `nationality`, `password`, `updated_at`, `user_name`) VALUES (84, 'Murphy', 3, '337-798-0212x697', '1981-12-06 00:00:00.000000', '1970-07-31 00:00:00.000000', NULL, 'plarkin@example.net', 'Wanda', 0, 'American Samoa', '2d004f0072063caaddd2b44bb358147ee725f955', NULL, 'albina07');
INSERT INTO `users` (`user_id`, `last_name`, `age`, `contact_number`, `created_at`, `date_of_birth`, `deleted_at`, `email`, `first_name`, `gender`, `nationality`, `password`, `updated_at`, `user_name`) VALUES (85, 'Barton', 0, '1-733-242-3522x439', '1978-11-22 00:00:00.000000', '2019-08-17 00:00:00.000000', NULL, 'holly.o\'hara@example.com', 'Leonie', 0, 'Montenegro', '35e0e40238dfef4d4c99a4893bcb424f36b8635b', NULL, 'norberto.metz');
INSERT INTO `users` (`user_id`, `last_name`, `age`, `contact_number`, `created_at`, `date_of_birth`, `deleted_at`, `email`, `first_name`, `gender`, `nationality`, `password`, `updated_at`, `user_name`) VALUES (86, 'Auer', 7, '04102509143', '2014-04-03 00:00:00.000000', '2002-02-16 00:00:00.000000', NULL, 'keeley39@example.net', 'Jameson', 0, 'Luxembourg', 'c9b30661d44c22f0a0fad45d921db7e26ddb266b', NULL, 'nbaumbach');
INSERT INTO `users` (`user_id`, `last_name`, `age`, `contact_number`, `created_at`, `date_of_birth`, `deleted_at`, `email`, `first_name`, `gender`, `nationality`, `password`, `updated_at`, `user_name`) VALUES (87, 'Mohr', 8, '603.259.2117', '1972-09-25 00:00:00.000000', '1973-01-05 00:00:00.000000', NULL, 'xmohr@example.net', 'Bessie', 0, 'Suriname', 'd98e91c73d948ae3b30b78bb38e789de1b4f32b9', NULL, 'dach.felicia');
INSERT INTO `users` (`user_id`, `last_name`, `age`, `contact_number`, `created_at`, `date_of_birth`, `deleted_at`, `email`, `first_name`, `gender`, `nationality`, `password`, `updated_at`, `user_name`) VALUES (88, 'Cassin', 1, '1-326-030-0343', '1987-10-19 00:00:00.000000', '2001-07-22 00:00:00.000000', NULL, 'imelda45@example.com', 'Harmony', 0, 'Luxembourg', 'd101f0812038273ce9e52de70dbfe22c1e7e45d5', NULL, 'green.josh');
INSERT INTO `users` (`user_id`, `last_name`, `age`, `contact_number`, `created_at`, `date_of_birth`, `deleted_at`, `email`, `first_name`, `gender`, `nationality`, `password`, `updated_at`, `user_name`) VALUES (89, 'Koepp', 7, '(958)414-1557x705', '1992-09-20 00:00:00.000000', '2000-10-01 00:00:00.000000', NULL, 'felton.orn@example.net', 'Stacey', 0, 'Antigua and Barbuda', 'b397aa7ed3866928e4d40f9e45360d3cfacb595e', NULL, 'welch.jayde');
INSERT INTO `users` (`user_id`, `last_name`, `age`, `contact_number`, `created_at`, `date_of_birth`, `deleted_at`, `email`, `first_name`, `gender`, `nationality`, `password`, `updated_at`, `user_name`) VALUES (90, 'Rippin', 5, '130-148-3885x30777', '2011-03-28 00:00:00.000000', '2003-07-24 00:00:00.000000', NULL, 'bailey.heath@example.net', 'Jennings', 0, 'Nigeria', '7ece90e5c583bc4f5bd241f7fce89a5920005bf0', NULL, 'jed.abbott');
INSERT INTO `users` (`user_id`, `last_name`, `age`, `contact_number`, `created_at`, `date_of_birth`, `deleted_at`, `email`, `first_name`, `gender`, `nationality`, `password`, `updated_at`, `user_name`) VALUES (91, 'Schinner', 4, '+41(5)7519471427', '2011-12-15 00:00:00.000000', '1989-10-15 00:00:00.000000', NULL, 'schmeler.katharina@example.net', 'Queen', 0, 'Venezuela', '5ba42bfe47261606e6c7367c2994e49beadb13f9', NULL, 'howell.korey');
INSERT INTO `users` (`user_id`, `last_name`, `age`, `contact_number`, `created_at`, `date_of_birth`, `deleted_at`, `email`, `first_name`, `gender`, `nationality`, `password`, `updated_at`, `user_name`) VALUES (92, 'Weissnat', 2, '1-641-032-2551x878', '1974-04-13 00:00:00.000000', '2016-12-15 00:00:00.000000', NULL, 'jamal58@example.org', 'Dejuan', 0, 'Tokelau', '64e30afa7e9815963b057293c5eded6ef8b1eddc', NULL, 'mabel.koelpin');
INSERT INTO `users` (`user_id`, `last_name`, `age`, `contact_number`, `created_at`, `date_of_birth`, `deleted_at`, `email`, `first_name`, `gender`, `nationality`, `password`, `updated_at`, `user_name`) VALUES (93, 'Littel', 0, '120-331-2193x2862', '2000-01-07 00:00:00.000000', '2008-12-12 00:00:00.000000', NULL, 'uschulist@example.org', 'Ellsworth', 0, 'Panama', '2b3d418efa8d3a1580237803a454237471b089db', NULL, 'uleuschke');
INSERT INTO `users` (`user_id`, `last_name`, `age`, `contact_number`, `created_at`, `date_of_birth`, `deleted_at`, `email`, `first_name`, `gender`, `nationality`, `password`, `updated_at`, `user_name`) VALUES (94, 'Turcotte', 1, '974-484-3301', '1992-11-19 00:00:00.000000', '2016-10-17 00:00:00.000000', NULL, 'jose.moen@example.org', 'Sabrina', 0, 'United States of America', 'b303a5097e5359ba3e6b4f9ea35df7490215a0ab', NULL, 'lyundt');
INSERT INTO `users` (`user_id`, `last_name`, `age`, `contact_number`, `created_at`, `date_of_birth`, `deleted_at`, `email`, `first_name`, `gender`, `nationality`, `password`, `updated_at`, `user_name`) VALUES (95, 'Gerlach', 8, '1-166-221-7084x6743', '2002-09-25 00:00:00.000000', '1972-05-09 00:00:00.000000', NULL, 'kaycee87@example.org', 'Laverna', 0, 'Pitcairn Islands', '138d55b26e5165936e7bd0cf127d4ceb59f7ec75', NULL, 'leffertz');
INSERT INTO `users` (`user_id`, `last_name`, `age`, `contact_number`, `created_at`, `date_of_birth`, `deleted_at`, `email`, `first_name`, `gender`, `nationality`, `password`, `updated_at`, `user_name`) VALUES (96, 'Hansen', 0, '+22(3)5395912933', '2023-04-26 00:00:00.000000', '1976-12-18 00:00:00.000000', NULL, 'larson.dax@example.com', 'Sydney', 0, 'Lithuania', '058636d69d4b5e74d8fda762187213c6bd13a832', NULL, 'alice42');
INSERT INTO `users` (`user_id`, `last_name`, `age`, `contact_number`, `created_at`, `date_of_birth`, `deleted_at`, `email`, `first_name`, `gender`, `nationality`, `password`, `updated_at`, `user_name`) VALUES (97, 'Schroeder', 1, '1-322-318-7628x76239', '2022-07-31 00:00:00.000000', '1976-01-24 00:00:00.000000', NULL, 'cfisher@example.com', 'Hailey', 0, 'Samoa', 'cc99cb985e6448b5699957fd7e452468b3cfa124', NULL, 'crooks.rosamond');
INSERT INTO `users` (`user_id`, `last_name`, `age`, `contact_number`, `created_at`, `date_of_birth`, `deleted_at`, `email`, `first_name`, `gender`, `nationality`, `password`, `updated_at`, `user_name`) VALUES (98, 'Cummings', 5, '+08(6)3974194314', '2011-06-07 00:00:00.000000', '2016-06-15 00:00:00.000000', NULL, 'neal.brekke@example.com', 'Amani', 0, 'Hungary', 'b8055d3e39cf40b5fc78e6ba8adcee4a9254306f', NULL, 'thiel.michele');
INSERT INTO `users` (`user_id`, `last_name`, `age`, `contact_number`, `created_at`, `date_of_birth`, `deleted_at`, `email`, `first_name`, `gender`, `nationality`, `password`, `updated_at`, `user_name`) VALUES (99, 'Turcotte', 7, '(261)666-1764', '1982-12-29 00:00:00.000000', '2007-02-24 00:00:00.000000', NULL, 'grimes.ludie@example.net', 'Destini', 0, 'Rwanda', 'dd40d774bf8a93fdadde2846d28008fa6e443cc4', NULL, 'nhirthe');
INSERT INTO `users` (`user_id`, `last_name`, `age`, `contact_number`, `created_at`, `date_of_birth`, `deleted_at`, `email`, `first_name`, `gender`, `nationality`, `password`, `updated_at`, `user_name`) VALUES (100, 'Harber', 0, '06735491816', '2008-12-18 00:00:00.000000', '2006-12-31 00:00:00.000000', NULL, 'vergie.bahringer@example.net', 'Lou', 0, 'Brunei Darussalam', '7285f6a2c3fc1a645a4eb6d4bc869e6ea8fbbec4', NULL, 'isaias73');


